date,close,open,high,low,volume,volatility
2017-01-02,3308.67,3278.84,3314.06,3272.76,2023.0,0.55
2017-01-03,3315.02,3316.53,3334.44,3310.46,4009.0,0.19
2017-01-04,3317.52,3316.78,3325.5,3302.99,4042.0,0.08
2017-01-05,3316.47,3306.31,3323.16,3300.77,3625.0,-0.03
2017-01-06,3321.17,3311.35,3322.6,3299.66,2874.0,0.14
2017-01-09,3308.97,3324.45,3326.31,3296.53,3479.0,-0.37
2017-01-10,3306.21,3310.63,3318.24,3295.5,3514.0,-0.08
2017-01-11,3307.94,3306.82,3324.52,3285.21,4221.0,0.05
2017-01-12,3286.7,3299.74,3305.75,3281.37,4127.0,-0.64
2017-01-13,3324.34,3296.78,3326.97,3296.43,3735.0,1.15
2017-01-16,3294.53,3313.56,3313.56,3294.53,2904.0,-0.9
2017-01-17,3285.04,3290.62,3300.5,3266.1,3325.0,-0.29
2017-01-18,3294.0,3291.64,3300.24,3274.73,3297.0,0.27
2017-01-19,3290.33,3297.76,3306.12,3282.53,4177.0,-0.11
2017-01-20,3299.44,3290.11,3312.14,3278.82,4760.0,0.28
2017-01-23,3273.04,3284.87,3291.76,3262.61,3655.0,-0.8
2017-01-24,3281.53,3276.62,3283.38,3269.03,5741.0,0.26
2017-01-25,3326.15,3290.9,3334.16,3290.9,7282.0,1.36
2017-01-26,3319.13,3332.35,3342.47,3310.26,5124.0,-0.21
2017-01-27,3303.33,3318.2,3318.35,3294.78,3766.0,-0.48
2017-01-30,3262.72,3294.99,3296.27,3253.75,3987.0,-1.23
2017-01-31,3230.68,3263.87,3282.45,3230.68,4871.0,-0.98
2017-02-01,3258.92,3243.9,3273.94,3243.9,4811.0,0.87
2017-02-02,3253.61,3258.08,3265.45,3242.31,4400.0,-0.16
2017-02-03,3273.11,3259.77,3283.86,3258.56,4039.0,0.6
2017-02-06,3238.31,3274.87,3282.96,3235.23,3992.0,-1.06
2017-02-07,3235.71,3239.02,3252.29,3227.26,3820.0,-0.08
2017-02-08,3238.04,3240.82,3250.81,3214.31,5303.0,0.07
2017-02-09,3277.79,3248.07,3281.47,3243.53,4264.0,1.23
2017-02-10,3270.83,3281.29,3289.93,3264.84,3600.0,-0.21
2017-02-13,3305.23,3275.22,3314.66,3275.22,3393.0,1.05
2017-02-14,3308.89,3305.61,3310.8,3297.48,3342.0,0.11
2017-02-15,3323.71,3315.14,3334.12,3311.39,4103.0,0.45
2017-02-16,3311.04,3321.59,3327.59,3304.31,3404.0,-0.38
2017-02-17,3308.81,3310.73,3316.03,3282.42,4844.0,-0.07
2017-02-20,3312.39,3321.66,3330.11,3305.33,2773.0,0.11
2017-02-21,3339.33,3313.62,3345.99,3301.15,3378.0,0.81
2017-02-22,3339.27,3341.54,3355.4,3324.68,4632.0,0.0
2017-02-23,3333.96,3337.97,3350.16,3326.46,3612.0,-0.16
2017-02-24,3304.09,3333.7,3334.68,3280.36,4892.0,-0.9
2017-02-27,3309.3,3311.82,3322.97,3303.61,4538.0,0.16
2017-02-28,3319.61,3313.13,3324.94,3303.12,4409.0,0.31
2017-03-01,3390.2,3335.77,3393.23,3335.77,6008.0,2.13
2017-03-02,3384.71,3389.56,3391.18,3378.7,4418.0,-0.16
2017-03-03,3403.39,3381.12,3407.61,3371.42,5544.0,0.55
2017-03-06,3387.46,3397.72,3397.72,3379.5,3769.0,-0.47
2017-03-07,3385.12,3386.95,3390.92,3374.48,3290.0,-0.07
2017-03-08,3389.62,3381.81,3401.74,3376.07,4401.0,0.13
2017-03-09,3409.89,3387.8,3417.08,3379.24,6110.0,0.6
2017-03-10,3416.27,3417.64,3441.5,3414.84,6049.0,0.19
2017-03-13,3415.49,3417.02,3422.28,3409.17,3258.0,-0.02
2017-03-14,3399.43,3417.59,3417.59,3390.04,4309.0,-0.47
2017-03-15,3409.32,3399.45,3412.77,3399.01,3959.0,0.29
2017-03-16,3439.96,3427.0,3450.1,3427.0,6211.0,0.9
2017-03-17,3448.41,3436.33,3457.17,3428.86,8024.0,0.25
2017-03-20,3437.48,3441.56,3448.88,3431.88,3796.0,-0.32
2017-03-21,3429.62,3448.6,3471.5,3421.03,5791.0,-0.23
2017-03-22,3420.7,3415.53,3428.62,3397.67,5413.0,-0.26
2017-03-23,3452.18,3421.34,3452.26,3413.58,4541.0,0.92
2017-03-24,3444.15,3450.01,3450.01,3433.45,3522.0,-0.23
2017-03-27,3437.14,3432.63,3437.14,3411.48,3718.0,-0.2
2017-03-28,3465.07,3439.66,3466.37,3437.67,3663.0,0.81
2017-03-29,3475.27,3469.97,3484.02,3463.96,4070.0,0.29
2017-03-30,3481.58,3475.84,3481.81,3463.17,3229.0,0.18
2017-03-31,3500.93,3480.1,3500.93,3466.85,4622.0,0.56
2017-04-03,3472.94,3504.26,3508.11,3472.7,4268.0,-0.8
2017-04-04,3481.66,3472.54,3481.66,3462.46,4162.0,0.25
2017-04-05,3472.58,3484.54,3494.26,3469.88,4030.0,-0.26
2017-04-06,3489.57,3464.18,3493.33,3446.15,3691.0,0.49
2017-04-07,3495.8,3482.84,3495.8,3470.92,3398.0,0.18
2017-04-10,3480.44,3494.24,3494.88,3474.12,3035.0,-0.44
2017-04-11,3470.04,3467.1,3485.5,3446.84,4064.0,-0.3
2017-04-12,3468.51,3473.21,3497.72,3462.8,3760.0,-0.04
2017-04-13,3448.26,3463.5,3463.5,3442.19,3954.0,-0.58
2017-04-18,3409.78,3454.74,3460.94,3409.78,4436.0,-1.12
2017-04-19,3420.99,3408.42,3426.08,3407.33,4545.0,0.33
2017-04-20,3440.03,3417.48,3449.49,3408.4,4635.0,0.56
2017-04-21,3440.27,3440.71,3456.11,3419.76,6244.0,0.01
2017-04-24,3577.38,3480.62,3579.45,3480.62,11294.0,3.99
2017-04-25,3583.16,3581.36,3593.13,3573.65,5088.0,0.16
2017-04-26,3578.71,3582.98,3582.98,3569.19,4625.0,-0.12
2017-04-27,3563.29,3573.02,3573.02,3555.57,4886.0,-0.43
2017-04-28,3559.59,3556.44,3571.63,3553.81,4872.0,-0.1
2017-05-01,3559.59,3559.59,3559.59,3559.59,,0.0
2017-05-02,3578.21,3564.37,3578.36,3559.34,3947.0,0.52
2017-05-03,3586.25,3577.34,3586.25,3571.17,3337.0,0.22
2017-05-04,3627.88,3591.79,3627.88,3590.24,5442.0,1.16
2017-05-05,3658.79,3620.67,3658.79,3609.53,6029.0,0.85
2017-05-08,3642.11,3660.39,3666.8,3633.95,4836.0,-0.46
2017-05-09,3649.08,3647.16,3662.66,3647.16,4506.0,0.19
2017-05-10,3645.74,3646.66,3648.27,3633.45,4411.0,-0.09
2017-05-11,3623.55,3649.34,3650.81,3607.87,5242.0,-0.61
2017-05-12,3637.52,3623.63,3637.52,3620.36,4111.0,0.39
2017-05-15,3641.88,3640.38,3646.64,3621.08,3335.0,0.12
2017-05-16,3641.89,3641.95,3648.69,3631.47,3913.0,0.0
2017-05-17,3584.83,3626.25,3635.53,3571.77,4851.0,-1.57
2017-05-18,3562.22,3584.07,3584.69,3529.35,6622.0,-0.63
2017-05-19,3587.01,3566.01,3590.43,3566.01,5255.0,0.7
2017-05-22,3576.53,3589.17,3592.08,3571.21,4076.0,-0.29
2017-05-23,3595.03,3572.53,3605.91,3567.77,4216.0,0.52
2017-05-24,3586.62,3592.94,3599.61,3580.27,3186.0,-0.23
2017-05-25,3584.55,3594.76,3603.39,3572.02,3105.0,-0.06
2017-05-26,3579.02,3582.62,3582.62,3546.88,3971.0,-0.15
2017-05-29,3578.95,3577.34,3580.57,3568.5,2451.0,0.0
2017-05-30,3561.22,3558.59,3569.87,3547.1,4125.0,-0.5
2017-05-31,3554.59,3560.52,3587.48,3552.33,6346.0,-0.19
2017-06-01,3567.02,3556.18,3575.14,3554.52,4050.0,0.35
2017-06-02,3591.82,3578.43,3615.06,3578.43,4105.0,0.7
2017-06-05,3579.55,3591.69,3592.33,3575.87,2045.0,-0.34
2017-06-06,3554.18,3569.59,3572.1,3548.16,3954.0,-0.71
2017-06-07,3548.84,3552.76,3577.29,3540.23,5200.0,-0.15
2017-06-08,3563.88,3547.73,3574.0,3547.67,5341.0,0.42
2017-06-09,3586.07,3566.39,3597.85,3561.12,4479.0,0.62
2017-06-12,3543.95,3581.22,3581.22,3539.75,4214.0,-1.17
2017-06-13,3557.87,3548.18,3567.43,3548.18,3240.0,0.39
2017-06-14,3547.15,3565.13,3589.23,3547.15,4495.0,-0.3
2017-06-15,3525.46,3545.05,3545.05,3500.41,5915.0,-0.61
2017-06-16,3543.88,3531.06,3552.81,3527.99,8363.0,0.52
2017-06-19,3579.58,3565.05,3591.54,3565.05,3469.0,1.01
2017-06-20,3560.66,3586.02,3598.06,3560.66,3519.0,-0.53
2017-06-21,3554.35,3554.11,3562.18,3521.91,4271.0,-0.18
2017-06-22,3555.76,3549.76,3558.36,3526.52,3498.0,0.04
2017-06-23,3543.68,3552.53,3555.58,3529.02,2999.0,-0.34
2017-06-26,3561.76,3554.28,3581.43,3554.28,4567.0,0.51
2017-06-27,3538.32,3557.63,3560.61,3529.98,4855.0,-0.66
2017-06-28,3535.7,3530.67,3543.7,3498.48,5727.0,-0.07
2017-06-29,3471.33,3541.99,3555.37,3463.99,6023.0,-1.82
2017-06-30,3441.88,3472.57,3489.67,3439.79,5100.0,-0.85
2017-07-03,3491.81,3449.75,3494.63,3449.75,4059.0,1.45
2017-07-04,3479.47,3486.38,3493.76,3471.6,3003.0,-0.35
2017-07-05,3478.41,3477.09,3488.39,3468.29,4130.0,-0.03
2017-07-06,3462.06,3480.52,3466.45,3435.29,4768.0,-0.47
2017-07-07,3463.84,3461.67,3464.05,3451.37,3641.0,0.05
2017-07-10,3478.06,3470.49,3486.49,3468.0,3212.0,0.41
2017-07-11,3464.48,3479.85,3494.49,3460.64,3388.0,-0.39
2017-07-12,3515.23,3472.41,3524.58,3472.41,3895.0,1.46
2017-07-13,3527.83,3518.01,3539.48,3515.39,3980.0,0.36
2017-07-14,3525.94,3530.19,3532.6,3512.56,3603.0,-0.05
2017-07-17,3516.35,3528.12,3531.53,3505.51,3310.0,-0.27
2017-07-18,3478.68,3510.75,3517.82,3469.62,4373.0,-1.07
2017-07-19,3500.28,3483.99,3503.54,3478.03,4467.0,0.62
2017-07-20,3499.49,3502.01,3529.99,3486.32,4723.0,-0.02
2017-07-21,3451.71,3497.46,3507.62,3436.9,5038.0,-1.37
2017-07-24,3453.17,3456.94,3463.74,3431.19,3731.0,0.04
2017-07-25,3473.54,3454.33,3494.66,3454.33,4185.0,0.59
2017-07-26,3491.19,3474.01,3499.53,3472.07,3175.0,0.51
2017-07-27,3493.14,3489.36,3506.85,3481.25,4017.0,0.06
2017-07-28,3467.73,3481.89,3481.89,3450.1,4281.0,-0.73
2017-07-31,3449.36,3464.85,3479.47,3447.88,3874.0,-0.53
2017-08-01,3477.39,3457.97,3490.49,3447.73,4267.0,0.81
2017-08-02,3459.32,3478.21,3481.74,3451.31,3261.0,-0.52
2017-08-03,3466.37,3456.28,3471.81,3438.15,3250.0,0.2
2017-08-04,3507.41,3462.55,3515.54,3456.27,3567.0,1.18
2017-08-07,3505.8,3509.59,3516.78,3497.21,2280.0,-0.05
2017-08-08,3515.63,3503.99,3524.94,3493.03,2645.0,0.28
2017-08-09,3468.45,3504.17,3504.17,3452.74,4244.0,-1.34
2017-08-10,3433.54,3466.11,3466.22,3424.81,3566.0,-1.01
2017-08-11,3406.34,3422.3,3422.3,3392.87,3823.0,-0.79
2017-08-14,3450.66,3420.9,3460.93,3420.9,2884.0,1.3
2017-08-15,3461.91,3454.39,3473.53,3454.26,2454.0,0.33
2017-08-16,3484.57,3465.63,3497.29,3465.63,2871.0,0.65
2017-08-17,3461.97,3482.19,3484.66,3456.15,3404.0,-0.65
2017-08-18,3446.03,3441.21,3448.39,3420.5,3453.0,-0.46
2017-08-21,3423.53,3436.84,3442.24,3411.06,2619.0,-0.65
2017-08-22,3455.59,3432.46,3459.19,3432.46,2765.0,0.94
2017-08-23,3438.63,3454.83,3467.78,3432.05,2896.0,-0.49
2017-08-24,3444.73,3443.12,3460.78,3443.12,2808.0,0.18
2017-08-25,3438.55,3447.52,3461.62,3432.77,2403.0,-0.18
2017-08-28,3421.03,3432.38,3439.65,3412.33,1775.0,-0.51
2017-08-29,3388.22,3411.89,3411.89,3363.68,3998.0,-0.96
2017-08-30,3403.71,3405.65,3412.26,3397.27,2455.0,0.46
2017-08-31,3421.47,3409.62,3437.82,3409.62,3581.0,0.52
2017-09-01,3443.88,3425.84,3454.55,3425.84,2736.0,0.65
2017-09-04,3429.98,3436.36,3438.06,3419.06,1827.0,-0.4
2017-09-05,3420.86,3432.55,3448.93,3415.98,2874.0,-0.27
2017-09-06,3433.8,3407.94,3444.48,3396.69,4189.0,0.38
2017-09-07,3447.66,3437.61,3467.94,3437.61,3758.0,0.4
2017-09-08,3447.69,3441.34,3453.35,3433.63,3290.0,0.0
2017-09-11,3495.19,3456.77,3496.7,3456.77,3549.0,1.38
2017-09-12,3512.56,3498.32,3520.82,3498.32,3524.0,0.5
2017-09-13,3523.14,3509.64,3529.18,3506.61,3752.0,0.3
2017-09-14,3526.48,3521.03,3530.28,3512.01,3722.0,0.09
2017-09-15,3515.55,3526.01,3532.78,3509.93,8103.0,-0.31
2017-09-18,3526.74,3523.6,3537.22,3522.59,2890.0,0.32
2017-09-19,3531.18,3524.28,3531.18,3520.93,2599.0,0.13
2017-09-20,3525.55,3528.17,3533.66,3520.72,3002.0,-0.16
2017-09-21,3539.59,3531.52,3546.56,3531.52,3579.0,0.4
2017-09-22,3541.42,3534.27,3553.08,3532.39,3134.0,0.05
2017-09-25,3537.81,3537.21,3546.83,3530.88,3003.0,-0.1
2017-09-26,3536.38,3534.89,3542.88,3529.19,2678.0,-0.04
2017-09-27,3555.17,3538.43,3563.01,3538.43,3910.0,0.53
2017-09-28,3563.64,3556.5,3566.6,3556.5,3490.0,0.24
2017-09-29,3594.85,3563.61,3594.85,3560.73,4130.0,0.88
2017-10-02,3602.69,3590.71,3602.69,3588.4,3463.0,0.22
2017-10-03,3605.73,3605.99,3607.31,3598.71,2015.0,0.08
2017-10-04,3594.91,3606.6,3608.45,3584.82,5061.0,-0.3
2017-10-05,3613.54,3592.66,3613.73,3589.66,4091.0,0.52
2017-10-06,3603.32,3614.17,3614.17,3595.5,3236.0,-0.28
2017-10-09,3610.5,3604.61,3618.34,3600.94,2757.0,0.2
2017-10-10,3598.79,3607.0,3609.04,3589.98,3372.0,-0.32
2017-10-11,3607.39,3600.17,3608.51,3591.24,4115.0,0.24
2017-10-12,3605.54,3608.16,3608.16,3595.56,2668.0,-0.05
2017-10-13,3604.55,3607.09,3618.35,3599.51,2930.0,-0.03
2017-10-16,3606.27,3607.18,3613.49,3600.22,3070.0,0.05
2017-10-17,3607.77,3609.3,3619.66,3598.12,2955.0,0.04
2017-10-18,3619.65,3608.02,3625.87,3607.21,2744.0,0.33
2017-10-19,3602.08,3616.49,3616.49,3586.35,3681.0,-0.49
2017-10-20,3605.09,3608.75,3617.52,3600.05,3595.0,0.08
2017-10-23,3608.87,3606.71,3625.65,3597.08,2654.0,0.1
2017-10-24,3610.69,3606.64,3624.73,3605.03,3373.0,0.05
2017-10-25,3591.46,3609.02,3622.62,3585.32,3504.0,-0.53
2017-10-26,3637.2,3593.99,3639.81,3580.21,6164.0,1.27
2017-10-27,3652.23,3642.79,3670.0,3642.79,5103.0,0.41
2017-10-30,3662.18,3653.02,3668.55,3653.02,3518.0,0.27
2017-10-31,3673.95,3664.69,3677.66,3662.77,3150.0,0.32
2017-11-01,3697.4,3676.99,3708.82,3676.99,3862.0,0.64
2017-11-02,3688.8,3693.4,3698.56,3673.25,3507.0,-0.23
2017-11-03,3689.96,3691.57,3694.03,3677.39,3390.0,0.03
2017-11-06,3682.36,3684.26,3685.75,3670.47,3231.0,-0.21
2017-11-07,3658.77,3684.23,3695.32,3656.18,3824.0,-0.64
2017-11-08,3655.04,3660.71,3667.69,3642.1,3924.0,-0.1
2017-11-09,3612.5,3655.59,3661.05,3610.01,3864.0,-1.16
2017-11-10,3593.76,3614.91,3620.01,3591.15,3586.0,-0.52
2017-11-13,3574.52,3596.7,3601.45,3546.32,3437.0,-0.54
2017-11-14,3556.38,3576.88,3588.33,3546.2,3299.0,-0.51
2017-11-15,3545.72,3554.05,3554.05,3519.35,4316.0,-0.3
2017-11-16,3564.8,3549.29,3576.86,3549.29,3415.0,0.54
2017-11-17,3547.46,3564.96,3572.16,3541.22,4047.0,-0.49
2017-11-20,3561.41,3545.52,3567.07,3536.21,3070.0,0.39
2017-11-21,3579.32,3557.27,3591.53,3551.4,3594.0,0.5
2017-11-22,3562.65,3581.21,3596.64,3562.53,3150.0,-0.47
2017-11-23,3572.07,3558.22,3581.01,3545.57,2510.0,0.26
2017-11-24,3581.23,3571.86,3601.16,3568.55,2548.0,0.26
2017-11-27,3564.02,3576.18,3596.79,3564.02,2764.0,-0.48
2017-11-28,3583.49,3565.8,3587.28,3559.13,2621.0,0.55
2017-11-29,3589.91,3593.83,3619.43,3585.51,3945.0,0.18
2017-11-30,3569.93,3593.53,3614.6,3569.93,4927.0,-0.56
2017-12-01,3527.55,3571.63,3575.29,3524.36,4261.0,-1.19
2017-12-04,3576.22,3536.38,3585.68,3536.38,3455.0,1.38
2017-12-05,3570.57,3572.78,3583.08,3552.34,3086.0,-0.16
2017-12-06,3561.57,3561.94,3569.34,3531.57,3397.0,-0.25
2017-12-07,3573.13,3561.99,3579.52,3558.5,3060.0,0.32
2017-12-08,3591.45,3577.0,3612.39,3577.0,4354.0,0.51
2017-12-11,3582.21,3594.7,3601.22,3579.18,3286.0,-0.26
2017-12-12,3600.35,3584.67,3600.35,3568.53,3941.0,0.51
2017-12-13,3581.75,3599.92,3601.89,3581.75,4164.0,-0.52
2017-12-14,3556.22,3578.82,3582.53,3556.22,4399.0,-0.71
2017-12-15,3560.53,3554.37,3562.66,3542.85,7558.0,0.12
2017-12-18,3609.42,3568.0,3613.41,3568.0,3754.0,1.37
2017-12-19,3582.22,3609.18,3613.57,3581.95,2853.0,-0.75
2017-12-20,3552.65,3580.58,3585.62,3545.64,3058.0,-0.83
2017-12-21,3570.78,3550.84,3574.96,3534.22,3369.0,0.51
2017-12-22,3553.39,3565.99,3565.99,3548.47,2594.0,-0.49
2017-12-27,3550.17,3553.16,3568.91,3541.43,2051.0,-0.09
2017-12-28,3524.31,3549.45,3549.75,3519.85,2297.0,-0.73
2017-12-29,3503.96,3524.12,3524.24,3503.2,2780.0,-0.58
2018-01-02,3490.19,3506.5,3508.37,3469.23,3538.0,-0.39
2018-01-03,3509.88,3492.9,3519.73,3488.91,3435.0,0.56
2018-01-04,3568.88,3520.84,3580.47,3520.84,4499.0,1.68
2018-01-05,3607.63,3570.51,3608.7,3570.51,3651.0,1.09
2018-01-08,3616.45,3610.97,3624.74,3608.82,2913.0,0.24
2018-01-09,3622.87,3617.48,3629.73,3614.16,3258.0,0.18
2018-01-10,3609.83,3619.88,3625.35,3599.14,5564.0,-0.36
2018-01-11,3595.24,3613.99,3617.75,3588.07,4752.0,-0.4
2018-01-12,3612.61,3597.19,3616.01,3597.19,3752.0,0.48
2018-01-15,3611.81,3612.73,3623.44,3603.47,2683.0,-0.02
2018-01-16,3622.01,3613.1,3639.05,3611.56,3641.0,0.28
2018-01-17,3612.78,3613.09,3624.68,3603.3,3391.0,-0.25
2018-01-18,3620.91,3616.75,3628.13,3606.2,3655.0,0.23
2018-01-19,3649.07,3622.22,3653.03,3619.23,3983.0,0.78
2018-01-22,3665.28,3650.78,3665.53,3644.86,3816.0,0.44
2018-01-23,3672.29,3675.44,3687.22,3662.86,3742.0,0.19
2018-01-24,3643.22,3671.01,3674.5,3643.22,3441.0,-0.79
2018-01-25,3630.15,3640.71,3659.33,3614.06,4096.0,-0.36
2018-01-26,3647.41,3631.29,3652.48,3630.43,3115.0,0.48
2018-01-29,3643.04,3648.41,3651.21,3636.05,3550.0,-0.12
2018-01-30,3606.75,3633.26,3633.35,3601.39,4403.0,-1.0
2018-01-31,3609.29,3605.7,3620.94,3600.36,4189.0,0.07
2018-02-01,3577.35,3616.16,3636.22,3567.2,4968.0,-0.88
2018-02-02,3523.28,3570.95,3570.95,3523.28,5023.0,-1.51
2018-02-05,3478.77,3517.24,3517.24,3474.85,4935.0,-1.26
2018-02-06,3394.92,3415.57,3440.38,3362.85,9628.0,-2.41
2018-02-07,3454.52,3408.1,3465.9,3402.34,6713.0,1.76
2018-02-08,3377.3,3433.19,3443.75,3360.54,6305.0,-2.24
2018-02-09,3325.99,3372.19,3379.46,3306.66,7122.0,-1.52
2018-02-12,3368.25,3334.17,3387.07,3334.17,4355.0,1.27
2018-02-13,3340.93,3367.69,3375.23,3340.93,3866.0,-0.81
2018-02-14,3369.83,3350.46,3381.13,3314.5,5513.0,0.87
2018-02-15,3389.63,3373.91,3414.34,3373.91,4675.0,0.59
2018-02-16,3426.8,3398.61,3432.07,3398.61,4877.0,1.1
2018-02-19,3407.79,3432.53,3436.68,3404.09,2587.0,-0.55
2018-02-20,3435.08,3407.66,3436.21,3398.92,3701.0,0.8
2018-02-21,3430.16,3431.68,3432.97,3405.35,3409.0,-0.14
2018-02-22,3431.99,3418.53,3440.19,3393.28,4412.0,0.05
2018-02-23,3441.46,3435.74,3444.23,3423.62,3760.0,0.28
2018-02-26,3463.18,3449.16,3469.98,3449.16,3148.0,0.63
2018-02-27,3458.03,3468.28,3476.21,3448.53,3810.0,-0.15
2018-02-28,3438.96,3451.47,3462.98,3434.04,4037.0,-0.55
2018-03-01,3399.16,3429.96,3435.28,3387.02,4180.0,-1.16
2018-03-02,3324.75,3386.54,3386.54,3316.75,5395.0,-2.19
2018-03-05,3355.32,3314.74,3360.45,3309.25,4811.0,0.92
2018-03-06,3357.86,3366.56,3390.81,3357.86,3965.0,0.08
2018-03-07,3377.36,3354.26,3384.29,3337.39,3509.0,0.58
2018-03-08,3413.28,3376.65,3419.33,3374.77,3827.0,1.06
2018-03-09,3420.54,3410.95,3435.04,3403.06,3362.0,0.21
2018-03-12,3429.48,3434.51,3444.04,3417.97,3010.0,0.26
2018-03-13,3397.35,3430.57,3446.42,3385.64,4176.0,-0.94
2018-03-14,3390.98,3397.48,3417.0,3384.2,3800.0,-0.19
2018-03-15,3414.13,3394.31,3419.01,3391.11,4089.0,0.68
2018-03-16,3437.4,3412.86,3448.63,3411.82,9528.0,0.68
2018-03-19,3394.79,3430.6,3430.6,3386.86,3546.0,-1.24
2018-03-20,3412.08,3398.88,3415.35,3383.17,3071.0,0.51
2018-03-21,3401.04,3413.67,3418.43,3387.29,3646.0,-0.32
2018-03-22,3348.19,3393.61,3394.38,3320.09,5281.0,-1.55
2018-03-23,3298.07,3339.7,3339.7,3279.46,5540.0,-1.5
2018-03-26,3278.72,3301.5,3320.86,3261.86,4083.0,-0.59
2018-03-27,3316.95,3286.7,3336.8,3286.7,3750.0,1.17
2018-03-28,3331.25,3306.34,3331.25,3267.96,4633.0,0.43
2018-03-29,3361.5,3335.69,3379.38,3333.25,3940.0,0.91
2018-04-03,3346.93,3349.02,3359.12,3324.45,3383.0,-0.43
2018-04-04,3340.35,3345.76,3350.97,3300.5,3893.0,-0.2
2018-04-05,3429.95,3353.71,3433.81,3353.71,4251.0,2.68
2018-04-06,3408.1,3419.94,3421.73,3399.97,3162.0,-0.64
2018-04-09,3414.85,3413.89,3433.68,3403.2,2751.0,0.2
2018-04-10,3438.78,3425.82,3445.34,3425.82,3226.0,0.7
2018-04-11,3419.71,3435.64,3435.64,3411.63,3170.0,-0.55
2018-04-12,3443.97,3419.6,3447.52,3413.68,3099.0,0.71
2018-04-13,3448.0,3445.03,3466.99,3438.93,3510.0,0.12
2018-04-16,3441.04,3450.39,3455.03,3435.58,2456.0,-0.2
2018-04-17,3477.91,3444.39,3486.53,3444.39,3766.0,1.07
2018-04-18,3490.89,3476.59,3494.82,3476.59,3424.0,0.37
2018-04-19,3486.6,3492.91,3495.39,3478.63,2942.0,-0.12
2018-04-20,3494.2,3484.56,3505.44,3479.24,4153.0,0.22
2018-04-23,3513.06,3494.07,3514.65,3482.27,3161.0,0.54
2018-04-24,3510.88,3509.4,3523.81,3493.88,4401.0,-0.06
2018-04-25,3485.83,3500.6,3500.6,3464.35,4155.0,-0.71
2018-04-26,3506.03,3485.97,3507.83,3477.23,3894.0,0.58
2018-04-27,3518.78,3510.28,3522.59,3503.59,3568.0,0.36
2018-04-30,3536.52,3516.71,3538.17,3512.7,3659.0,0.5
2018-05-01,3536.26,3536.42,3536.63,3536.07,3645.0,-0.01
2018-05-02,3553.79,3532.87,3557.87,3531.84,4139.0,0.5
2018-05-03,3529.12,3548.09,3549.14,3523.0,3461.0,-0.69
2018-05-04,3550.59,3531.4,3550.59,3524.48,3792.0,0.61
2018-05-07,3564.19,3545.47,3566.06,3540.14,2492.0,0.38
2018-05-08,3557.88,3562.51,3564.73,3541.94,4702.0,-0.18
2018-05-09,3569.74,3559.92,3570.63,3556.96,4172.0,0.33
2018-05-10,3569.71,3564.83,3574.09,3549.26,3645.0,0.0
2018-05-11,3565.52,3565.15,3569.72,3556.22,3006.0,-0.12
2018-05-14,3565.74,3564.9,3568.53,3553.67,2912.0,0.01
2018-05-15,3564.29,3562.46,3570.33,3552.23,3919.0,-0.04
2018-05-16,3562.85,3562.54,3567.6,3550.9,5410.0,-0.04
2018-05-17,3592.18,3562.24,3592.18,3562.24,4385.0,0.82
2018-05-18,3573.76,3582.56,3596.2,3566.53,7174.0,-0.51
2018-05-21,3572.57,3572.48,3584.49,3570.97,3372.0,-0.03
2018-05-22,3587.25,3575.22,3595.1,3572.38,4654.0,0.41
2018-05-23,3541.82,3580.67,3580.67,3528.12,4694.0,-1.27
2018-05-24,3521.76,3543.09,3560.56,3507.39,4506.0,-0.57
2018-05-25,3515.36,3526.43,3551.82,3493.61,6553.0,-0.18
2018-05-28,3482.64,3511.29,3540.03,3473.35,4863.0,-0.93
2018-05-29,3428.14,3467.09,3467.09,3398.32,9241.0,-1.56
2018-05-30,3441.19,3420.79,3446.28,3408.56,7289.0,0.38
2018-05-31,3406.65,3445.07,3455.15,3391.01,8411.0,-1.0
2018-06-01,3453.54,3420.84,3468.14,3420.84,6293.0,1.38
2018-06-04,3469.57,3465.25,3485.33,3463.33,4430.0,0.46
2018-06-05,3456.79,3467.26,3497.32,3456.79,4975.0,-0.37
2018-06-06,3460.82,3457.45,3470.51,3434.35,5370.0,0.12
2018-06-07,3459.77,3468.52,3489.96,3449.69,4178.0,-0.03
2018-06-08,3447.3,3452.35,3454.12,3422.03,4413.0,-0.36
2018-06-11,3480.22,3451.5,3483.7,3451.5,5467.0,0.95
2018-06-12,3475.58,3490.76,3497.03,3472.64,4064.0,-0.13
2018-06-13,3479.56,3475.29,3488.13,3464.26,4269.0,0.11
2018-06-14,3527.11,3466.43,3534.31,3457.12,5464.0,1.37
2018-06-15,3505.02,3528.71,3540.64,3505.02,8612.0,-0.63
2018-06-18,3466.65,3500.25,3500.9,3451.9,3599.0,-1.09
2018-06-19,3435.3,3459.54,3459.54,3410.41,3979.0,-0.9
2018-06-20,3439.6,3443.51,3461.65,3437.24,4026.0,0.13
2018-06-21,3403.51,3442.69,3456.61,3395.27,4038.0,-1.05
2018-06-22,3441.6,3407.29,3441.6,3407.29,3263.0,1.12
2018-06-25,3369.21,3422.6,3425.4,3369.21,3340.0,-2.1
2018-06-26,3368.72,3379.14,3387.09,3363.33,3346.0,-0.01
2018-06-27,3397.13,3368.12,3424.6,3340.85,4850.0,0.84
2018-06-28,3365.52,3383.43,3403.36,3347.94,3915.0,-0.93
2018-06-29,3395.6,3389.44,3420.97,3389.44,4419.0,0.89
2018-07-02,3372.21,3375.56,3386.07,3345.09,3634.0,-0.69
2018-07-03,3406.34,3382.68,3420.38,3379.01,3655.0,1.01
2018-07-04,3412.03,3402.02,3417.69,3400.45,2670.0,0.17
2018-07-05,3440.92,3411.24,3459.91,3411.24,4115.0,0.85
2018-07-06,3448.49,3449.5,3453.91,3430.31,3456.0,0.22
2018-07-09,3460.44,3458.45,3471.5,3451.96,2727.0,0.35
2018-07-10,3473.31,3465.25,3480.44,3455.98,3294.0,0.37
2018-07-11,3422.35,3454.66,3454.66,3422.35,3433.0,-1.47
2018-07-12,3445.49,3427.21,3446.55,3418.06,3042.0,0.68
2018-07-13,3454.54,3454.29,3466.26,3447.87,2976.0,0.26
2018-07-16,3449.08,3455.17,3464.39,3441.88,2685.0,-0.16
2018-07-17,3457.5,3445.34,3461.93,3429.96,3289.0,0.24
2018-07-18,3485.08,3468.51,3487.0,3468.51,3339.0,0.8
2018-07-19,3471.64,3481.41,3486.98,3466.72,3141.0,-0.39
2018-07-20,3460.03,3466.41,3481.83,3431.95,4373.0,-0.33
2018-07-23,3454.05,3453.91,3460.4,3439.68,2611.0,-0.17
2018-07-24,3483.31,3460.66,3493.98,3460.48,3665.0,0.85
2018-07-25,3468.45,3482.31,3486.04,3460.0,3269.0,-0.43
2018-07-26,3509.26,3472.82,3509.38,3472.82,4171.0,1.18
2018-07-27,3527.18,3512.74,3529.39,3509.67,3621.0,0.51
2018-07-30,3512.31,3517.56,3521.42,3511.9,2694.0,-0.42
2018-07-31,3525.49,3512.03,3536.87,3509.1,4589.0,0.38
2018-08-01,3509.23,3527.82,3531.61,3506.68,4524.0,-0.46
2018-08-02,3469.21,3505.11,3505.11,3460.14,5267.0,-1.14
2018-08-03,3482.4,3474.82,3491.47,3470.26,3350.0,0.38
2018-08-06,3483.3,3483.19,3502.35,3472.01,2932.0,0.03
2018-08-07,3504.37,3487.03,3514.97,3487.03,2782.0,0.6
2018-08-08,3493.6,3502.17,3509.31,3486.57,3039.0,-0.31
2018-08-09,3494.13,3490.37,3496.97,3478.28,2720.0,0.02
2018-08-10,3426.28,3486.31,3486.31,3413.68,5823.0,-1.94
2018-08-13,3409.68,3423.37,3424.23,3400.23,4168.0,-0.48
2018-08-14,3409.44,3415.08,3435.12,3398.38,3459.0,-0.01
2018-08-15,3359.08,3411.27,3422.86,3349.14,3855.0,-1.48
2018-08-16,3377.56,3366.01,3381.63,3357.49,3545.0,0.55
2018-08-17,3372.94,3378.49,3385.74,3354.3,3745.0,-0.14
2018-08-20,3393.67,3376.38,3405.17,3376.38,2300.0,0.61
2018-08-21,3411.66,3390.26,3424.0,3387.04,2932.0,0.53
2018-08-22,3420.18,3408.28,3429.59,3404.87,3009.0,0.25
2018-08-23,3419.26,3420.6,3430.37,3416.1,2514.0,-0.03
2018-08-24,3427.44,3419.45,3436.55,3419.45,2301.0,0.24
2018-08-27,3456.01,3435.12,3460.72,3433.59,1973.0,0.83
2018-08-28,3447.57,3459.12,3463.03,3447.55,3242.0,-0.24
2018-08-29,3456.13,3448.44,3457.84,3438.15,2671.0,0.25
2018-08-30,3430.99,3452.94,3452.94,3423.42,3461.0,-0.73
2018-08-31,3392.9,3428.63,3428.63,3389.92,4281.0,-1.11
2018-09-03,3394.99,3391.82,3397.24,3382.02,2326.0,0.06
2018-09-04,3359.36,3401.25,3408.25,3343.98,4482.0,-1.05
2018-09-05,3315.62,3352.71,3352.71,3315.42,5414.0,-1.3
2018-09-06,3295.95,3315.88,3328.69,3295.95,3978.0,-0.59
2018-09-07,3293.36,3298.01,3305.63,3274.4,4307.0,-0.08
2018-09-10,3309.28,3291.65,3323.55,3288.97,4217.0,0.48
2018-09-11,3311.66,3313.09,3318.59,3286.97,3578.0,0.07
2018-09-12,3326.6,3313.98,3329.55,3304.8,4334.0,0.45
2018-09-13,3333.68,3325.44,3354.07,3323.09,3702.0,0.21
2018-09-14,3344.63,3339.31,3351.53,3334.24,3079.0,0.33
2018-09-17,3346.11,3340.04,3351.35,3333.47,3480.0,0.04
2018-09-18,3358.46,3343.99,3368.31,3337.37,3556.0,0.37
2018-09-19,3368.56,3359.87,3373.9,3351.64,4542.0,0.3
2018-09-20,3403.12,3369.0,3409.22,3368.37,5459.0,1.03
2018-09-21,3430.81,3407.46,3436.48,3407.46,12350.0,0.81
2018-09-24,3410.44,3426.85,3426.85,3405.42,3350.0,-0.59
2018-09-25,3419.78,3410.05,3425.64,3408.7,3590.0,0.27
2018-09-26,3433.15,3421.9,3433.74,3415.58,3422.0,0.39
2018-09-27,3449.79,3429.58,3452.41,3408.48,3836.0,0.48
2018-09-28,3399.2,3440.4,3440.4,3380.27,7005.0,-1.47
2018-10-01,3414.16,3399.96,3425.45,3398.34,4033.0,0.44
2018-10-02,3388.99,3403.59,3403.59,3370.95,4762.0,-0.74
2018-10-03,3405.48,3395.16,3414.23,3389.52,3981.0,0.49
2018-10-04,3375.08,3400.12,3400.15,3371.22,4322.0,-0.89
2018-10-05,3345.51,3374.27,3377.7,3343.67,3844.0,-0.88
2018-10-08,3309.72,3338.02,3338.02,3306.28,4063.0,-1.07
2018-10-09,3321.79,3311.34,3327.53,3278.02,4933.0,0.36
2018-10-10,3266.9,3321.59,3321.59,3266.23,4542.0,-1.65
2018-10-11,3209.19,3245.58,3254.37,3206.2,5843.0,-1.77
2018-10-12,3194.41,3219.19,3245.16,3193.4,4363.0,-0.46
2018-10-15,3210.37,3193.79,3214.91,3180.61,3136.0,0.5
2018-10-16,3257.34,3211.47,3260.81,3208.14,4160.0,1.46
2018-10-17,3243.08,3260.29,3282.23,3230.3,3755.0,-0.44
2018-10-18,3211.59,3241.79,3258.34,3211.59,4862.0,-0.97
2018-10-19,3210.82,3210.82,3225.64,3183.2,6546.0,-0.02
2018-10-22,3190.09,3217.55,3245.87,3187.5,4262.0,-0.65
2018-10-23,3140.94,3179.07,3179.07,3132.29,5116.0,-1.54
2018-10-24,3130.33,3144.16,3185.99,3128.93,4459.0,-0.34
2018-10-25,3164.4,3126.69,3166.44,3107.88,5219.0,1.09
2018-10-26,3134.89,3157.11,3157.11,3090.85,5419.0,-0.93
2018-10-29,3154.93,3139.03,3182.23,3138.7,4085.0,0.64
2018-10-30,3147.13,3157.31,3169.75,3123.92,4235.0,-0.25
2018-10-31,3197.51,3160.02,3210.29,3160.02,6163.0,1.6
2018-11-01,3204.21,3196.13,3227.42,3192.38,3841.0,0.21
2018-11-02,3214.41,3217.78,3251.67,3214.39,4069.0,0.32
2018-11-05,3217.37,3215.73,3230.98,3210.76,3072.0,0.09
2018-11-06,3207.42,3219.08,3222.59,3197.14,3456.0,-0.31
2018-11-07,3246.16,3212.67,3251.95,3212.67,4372.0,1.21
2018-11-08,3237.6,3248.7,3263.72,3231.8,3312.0,-0.26
2018-11-09,3229.49,3233.11,3234.79,3204.94,3967.0,-0.25
2018-11-12,3194.08,3237.95,3248.33,3192.58,3196.0,-1.1
2018-11-13,3224.82,3200.08,3228.88,3196.7,3568.0,0.96
2018-11-14,3205.36,3213.35,3239.99,3179.08,3390.0,-0.6
2018-11-15,3190.31,3210.04,3227.74,3164.85,3959.0,-0.47
2018-11-16,3180.74,3197.61,3214.57,3158.87,4878.0,-0.3
2018-11-19,3160.33,3184.51,3206.58,3157.95,3103.0,-0.64
2018-11-20,3116.07,3153.19,3153.19,3100.77,4613.0,-1.4
2018-11-21,3153.91,3124.6,3156.77,3124.6,3977.0,1.21
2018-11-22,3126.67,3148.8,3148.8,3121.59,3093.0,-0.86
2018-11-23,3137.21,3127.94,3145.04,3114.74,2660.0,0.34
2018-11-26,3172.71,3151.22,3184.66,3151.22,4668.0,1.13
2018-11-27,3166.42,3173.14,3186.84,3151.89,3819.0,-0.2
2018-11-28,3168.29,3170.96,3184.68,3165.83,3776.0,0.06
2018-11-29,3174.16,3176.31,3197.9,3169.85,3793.0,0.19
2018-11-30,3173.13,3178.06,3182.16,3159.08,4362.0,-0.03
2018-12-03,3214.99,3187.33,3244.98,3187.33,4320.0,1.32
2018-12-04,3189.25,3208.44,3210.51,3189.0,3613.0,-0.8
2018-12-05,3150.27,3181.68,3181.68,3146.11,3460.0,-1.22
2018-12-06,3045.94,3139.85,3139.85,3033.95,5819.0,-3.31
2018-12-07,3058.53,3057.99,3097.92,3057.99,4113.0,0.41
2018-12-10,3016.99,3054.67,3054.67,3007.53,4443.0,-1.36
2018-12-11,3055.32,3028.93,3083.5,3028.93,4365.0,1.27
2018-12-12,3107.97,3059.25,3119.2,3059.25,4895.0,1.72
2018-12-13,3112.17,3110.57,3128.1,3100.11,4673.0,0.14
2018-12-14,3092.6,3102.09,3103.17,3063.23,3533.0,-0.63
2018-12-17,3063.65,3088.97,3092.82,3053.56,3771.0,-0.94
2018-12-18,3040.13,3054.01,3067.54,3040.13,4497.0,-0.77
2018-12-19,3051.38,3042.19,3063.7,3042.19,4810.0,0.37
2018-12-20,3000.06,3031.32,3031.32,2993.4,5889.0,-1.68
2018-12-21,3000.61,2996.92,3003.06,2957.56,8744.0,0.02
2018-12-24,2973.78,2993.45,2993.45,2973.22,5059.0,-0.89
2018-12-27,2937.36,2987.67,2997.24,2908.7,4701.0,-1.22
2018-12-28,2986.53,2952.05,2996.17,2951.51,3381.0,1.67
2018-12-31,3001.42,2991.4,3003.01,2990.61,2205.0,0.5
2019-01-02,2993.18,2982.8,3002.52,2936.76,3366.0,-0.27
2019-01-03,2954.66,2978.28,2984.52,2950.82,3617.0,-1.29
2019-01-04,3041.85,2964.15,3050.66,2964.15,4443.0,2.95
2019-01-07,3033.64,3050.0,3054.72,3016.32,3379.0,-0.27
2019-01-08,3054.94,3032.07,3079.11,3032.07,4011.0,0.7
2019-01-09,3070.24,3062.37,3089.17,3060.96,4060.0,0.5
2019-01-10,3075.73,3065.66,3075.83,3043.55,3155.0,0.18
2019-01-11,3070.04,3079.59,3087.66,3056.36,3313.0,-0.18
2019-01-14,3055.18,3060.62,3063.34,3037.13,3214.0,-0.48
2019-01-15,3068.05,3066.02,3088.49,3044.53,3774.0,0.42
2019-01-16,3077.22,3073.06,3083.56,3062.27,3900.0,0.3
2019-01-17,3069.35,3069.41,3073.0,3053.08,3366.0,-0.26
2019-01-18,3134.92,3079.15,3137.42,3079.15,4945.0,2.14
2019-01-21,3125.07,3131.85,3131.85,3120.03,2090.0,-0.31
2019-01-22,3112.8,3120.32,3122.76,3097.27,3095.0,-0.39
2019-01-23,3112.13,3104.08,3132.79,3094.48,3322.0,-0.02
2019-01-24,3126.31,3113.89,3136.42,3107.67,3970.0,0.46
2019-01-25,3163.24,3133.81,3168.03,3133.81,3927.0,1.18
2019-01-28,3137.27,3157.0,3157.0,3131.26,3231.0,-0.82
2019-01-29,3153.42,3136.15,3166.24,3130.75,3092.0,0.51
2019-01-30,3161.74,3155.8,3163.34,3148.84,3389.0,0.26
2019-01-31,3159.43,3163.02,3177.1,3129.58,6322.0,-0.07
2019-02-01,3171.12,3162.46,3171.95,3143.5,4665.0,0.37
2019-02-04,3165.2,3170.3,3174.23,3143.87,3419.0,-0.19
2019-02-05,3215.04,3165.84,3215.04,3162.78,5190.0,1.57
2019-02-06,3212.75,3208.43,3216.13,3199.03,4103.0,-0.07
2019-02-07,3150.76,3204.93,3208.67,3150.76,4694.0,-1.93
2019-02-08,3135.62,3151.17,3161.14,3124.62,3950.0,-0.48
2019-02-11,3165.61,3142.84,3173.39,3142.84,3436.0,0.96
2019-02-12,3190.75,3176.76,3200.5,3176.76,3563.0,0.79
2019-02-13,3202.37,3194.73,3214.22,3192.03,3517.0,0.36
2019-02-14,3182.66,3212.95,3228.11,3182.66,3915.0,-0.62
2019-02-15,3241.25,3179.38,3247.34,3175.71,5499.0,1.84
2019-02-18,3244.79,3239.1,3248.14,3235.57,2894.0,0.11
2019-02-19,3239.41,3242.79,3251.22,3223.4,3234.0,-0.17
2019-02-20,3259.49,3241.7,3264.71,3236.74,3086.0,0.62
2019-02-21,3263.7,3261.74,3270.07,3254.57,3468.0,0.13
2019-02-22,3270.55,3263.49,3281.78,3259.74,2740.0,0.21
2019-02-25,3280.01,3275.02,3289.48,3275.02,3442.0,0.29
2019-02-26,3289.32,3275.14,3293.76,3261.03,3540.0,0.28
2019-02-27,3282.77,3283.57,3287.47,3269.98,4396.0,-0.2
2019-02-28,3298.26,3271.14,3301.02,3268.95,5276.0,0.47
2019-03-01,3312.1,3306.59,3330.48,3306.59,3924.0,0.42
2019-03-04,3317.12,3318.1,3329.65,3315.63,2900.0,0.15
2019-03-05,3327.19,3316.96,3330.72,3308.64,3482.0,0.3
2019-03-06,3324.67,3322.96,3340.67,3317.98,3704.0,-0.08
2019-03-07,3308.85,3321.18,3337.66,3293.34,5784.0,-0.48
2019-03-08,3283.6,3299.85,3299.85,3273.68,4667.0,-0.76
2019-03-11,3304.44,3290.76,3306.64,3284.68,3033.0,0.63
2019-03-12,3303.95,3312.32,3320.24,3291.91,3169.0,-0.01
2019-03-13,3323.45,3301.81,3327.35,3300.17,3348.0,0.59
2019-03-14,3342.03,3322.92,3349.85,3322.92,3845.0,0.56
2019-03-15,3386.08,3345.06,3394.32,3345.06,9414.0,1.32
2019-03-18,3387.94,3385.46,3392.63,3380.65,3721.0,0.05
2019-03-19,3409.0,3389.81,3422.34,3386.26,3523.0,0.62
2019-03-20,3372.38,3404.1,3406.12,3372.38,3400.0,-1.07
2019-03-21,3367.4,3372.36,3376.21,3348.95,3562.0,-0.15
2019-03-22,3305.73,3371.68,3377.93,3301.6,5983.0,-1.83
2019-03-25,3300.48,3297.41,3313.43,3281.97,3496.0,-0.16
2019-03-26,3319.53,3302.13,3326.35,3293.68,3304.0,0.58
2019-03-27,3322.04,3322.64,3344.67,3302.8,4617.0,0.08
2019-03-28,3320.29,3321.34,3337.56,3315.91,3224.0,-0.05
2019-03-29,3351.71,3326.45,3354.3,3326.45,3703.0,0.95
2019-04-01,3385.38,3353.67,3390.98,3353.67,3934.0,1.0
2019-04-02,3395.7,3386.18,3402.77,3382.84,2974.0,0.3
2019-04-03,3435.56,3399.93,3435.9,3399.93,3785.0,1.17
2019-04-04,3441.93,3434.34,3449.44,3425.19,3417.0,0.19
2019-04-05,3447.47,3445.05,3453.02,3437.92,3206.0,0.16
2019-04-08,3438.06,3446.15,3447.11,3433.47,2600.0,-0.27
2019-04-09,3417.22,3437.07,3450.69,3416.67,3088.0,-0.61
2019-04-10,3424.65,3418.36,3435.32,3418.36,3019.0,0.22
2019-04-11,3435.34,3430.73,3442.25,3412.15,3802.0,0.31
2019-04-12,3447.83,3432.16,3454.77,3425.84,4700.0,0.36
2019-04-15,3450.46,3448.91,3456.54,3443.56,3392.0,0.08
2019-04-16,3463.36,3450.75,3465.98,3450.75,3720.0,0.37
2019-04-17,3477.73,3466.89,3486.76,3459.81,4137.0,0.41
2019-04-18,3499.23,3477.67,3506.82,3464.64,4745.0,0.62
2019-04-23,3503.85,3494.4,3506.68,3487.17,3309.0,0.13
2019-04-24,3502.63,3500.56,3515.15,3491.89,4176.0,-0.03
2019-04-25,3491.92,3495.41,3496.4,3476.28,3671.0,-0.31
2019-04-26,3500.41,3492.06,3503.46,3484.13,3192.0,0.24
2019-04-29,3501.94,3494.47,3508.76,3481.08,3329.0,0.04
2019-04-30,3514.62,3499.71,3514.62,3488.1,4055.0,0.36
2019-05-01,3514.62,3514.62,3514.62,3514.62,4055.0,0.0
2019-05-02,3488.93,3505.77,3511.43,3487.75,3961.0,-0.73
2019-05-03,3502.48,3489.48,3510.04,3486.72,2807.0,0.39
2019-05-06,3462.95,3487.54,3487.54,3423.33,3394.0,-1.13
2019-05-07,3401.16,3460.56,3467.64,3396.9,4849.0,-1.78
2019-05-08,3417.26,3400.19,3423.96,3389.07,4183.0,0.47
2019-05-09,3350.71,3401.99,3401.99,3346.45,4342.0,-1.95
2019-05-10,3361.05,3353.68,3386.22,3349.84,3707.0,0.31
2019-05-13,3320.78,3362.52,3365.51,3311.17,4079.0,-1.2
2019-05-14,3364.38,3324.85,3364.38,3324.85,3732.0,1.31
2019-05-15,3385.78,3364.88,3385.78,3332.68,4561.0,0.64
2019-05-16,3438.56,3379.7,3438.56,3365.49,4425.0,1.56
2019-05-17,3425.64,3433.69,3436.45,3402.56,5090.0,-0.38
2019-05-20,3369.78,3417.12,3426.87,3360.26,5533.0,-1.63
2019-05-21,3386.51,3371.26,3395.91,3370.38,3871.0,0.5
2019-05-22,3386.72,3384.92,3396.87,3359.6,3722.0,0.01
2019-05-23,3327.2,3378.48,3378.48,3323.7,4679.0,-1.76
2019-05-24,3350.7,3330.99,3365.58,3330.99,3632.0,0.71
2019-05-27,3364.04,3350.6,3380.85,3350.6,2019.0,0.4
2019-05-28,3348.86,3364.23,3369.91,3337.77,5425.0,-0.45
2019-05-29,3297.81,3337.38,3337.38,3288.52,3971.0,-1.52
2019-05-30,3318.15,3301.51,3323.72,3301.51,2751.0,0.62
2019-05-31,3280.43,3312.41,3312.41,3258.04,5088.0,-1.14
2019-06-03,3300.22,3274.97,3300.22,3248.54,3605.0,0.6
2019-06-04,3333.49,3293.63,3338.08,3275.2,4396.0,1.01
2019-06-05,3339.95,3334.4,3355.69,3326.93,3449.0,0.19
2019-06-06,3338.41,3341.29,3370.8,3326.9,4280.0,-0.05
2019-06-07,3378.38,3341.33,3391.05,3341.33,3297.0,1.2
2019-06-10,3386.45,3381.52,3391.37,3379.67,2007.0,0.24
2019-06-11,3401.1,3386.73,3418.18,3386.73,3262.0,0.43
2019-06-12,3386.63,3398.58,3398.58,3376.45,3107.0,-0.43
2019-06-13,3390.5,3384.32,3401.72,3373.68,2911.0,0.11
2019-06-14,3379.19,3388.78,3388.78,3363.07,2721.0,-0.33
2019-06-17,3383.21,3382.45,3393.89,3375.8,2496.0,0.12
2019-06-18,3452.89,3381.5,3458.91,3366.87,5150.0,2.06
2019-06-19,3454.7,3454.52,3457.37,3444.12,3899.0,0.05
2019-06-20,3468.08,3460.1,3487.0,3460.1,5100.0,0.39
2019-06-21,3466.92,3468.73,3496.79,3459.04,8206.0,-0.03
2019-06-24,3455.57,3466.38,3473.75,3449.19,2875.0,-0.33
2019-06-25,3444.36,3454.31,3454.31,3440.06,2818.0,-0.32
2019-06-26,3442.95,3444.28,3460.16,3434.33,3274.0,-0.04
2019-06-27,3442.38,3444.36,3454.21,3424.68,3294.0,-0.02
2019-06-28,3473.69,3442.39,3476.93,3442.39,3534.0,0.91
2019-07-01,3497.59,3476.08,3519.98,3476.08,3131.0,0.69
2019-07-02,3507.98,3498.93,3511.13,3491.44,2939.0,0.3
2019-07-03,3540.63,3507.7,3540.63,3507.7,4294.0,0.93
2019-07-04,3544.15,3541.85,3549.26,3537.35,3779.0,0.1
2019-07-05,3527.98,3542.23,3544.02,3514.25,3299.0,-0.46
2019-07-08,3523.76,3525.21,3531.47,3514.41,2773.0,-0.12
2019-07-09,3509.75,3522.27,3522.27,3492.18,3126.0,-0.4
2019-07-10,3501.52,3508.54,3523.6,3497.74,3231.0,-0.23
2019-07-11,3496.73,3506.33,3515.77,3493.77,2816.0,-0.14
2019-07-12,3497.63,3497.02,3505.79,3492.18,2754.0,0.03
2019-07-15,3502.22,3497.99,3517.84,3483.17,2441.0,0.13
2019-07-16,3521.36,3500.89,3530.11,3498.34,2974.0,0.55
2019-07-17,3501.58,3520.74,3529.45,3497.25,2900.0,-0.56
2019-07-18,3482.83,3497.4,3500.82,3467.25,3361.0,-0.54
2019-07-19,3480.18,3488.68,3514.33,3470.4,4353.0,-0.08
2019-07-22,3489.92,3478.77,3498.69,3476.43,2901.0,0.28
2019-07-23,3532.87,3496.86,3544.34,3496.86,3305.0,1.23
2019-07-24,3532.9,3533.3,3537.71,3520.84,2872.0,0.0
2019-07-25,3510.15,3538.27,3573.57,3491.77,5207.0,-0.64
2019-07-26,3524.47,3511.16,3526.99,3506.49,3168.0,0.41
2019-07-29,3523.58,3522.36,3539.94,3517.12,2471.0,-0.03
2019-07-30,3462.85,3523.97,3526.53,3455.13,4584.0,-1.72
2019-07-31,3466.85,3464.69,3477.35,3458.11,3781.0,0.12
2019-08-01,3490.03,3458.01,3491.16,3451.6,3875.0,0.67
2019-08-02,3376.12,3473.0,3473.0,3368.66,5648.0,-3.26
2019-08-05,3310.93,3365.49,3365.49,3302.3,4695.0,-1.93
2019-08-06,3291.66,3310.08,3337.54,3291.66,3777.0,-0.58
2019-08-07,3309.99,3301.31,3339.07,3283.13,4363.0,0.56
2019-08-08,3375.38,3323.77,3375.38,3323.77,3679.0,1.98
2019-08-09,3333.74,3366.29,3367.43,3326.73,4624.0,-1.23
2019-08-12,3326.55,3340.82,3370.63,3318.66,3186.0,-0.22
2019-08-13,3357.16,3324.36,3380.81,3298.32,4517.0,0.92
2019-08-14,3288.7,3358.12,3358.73,3276.01,4527.0,-2.04
2019-08-15,3282.78,3294.5,3306.88,3239.2,4356.0,-0.18
2019-08-16,3329.08,3286.54,3333.44,3286.54,5994.0,1.41
2019-08-19,3369.19,3332.93,3377.76,3332.93,3474.0,1.2
2019-08-20,3350.23,3368.21,3379.96,3341.23,2987.0,-0.56
2019-08-21,3394.89,3353.66,3400.06,3353.66,2774.0,1.33
2019-08-22,3373.67,3390.05,3405.35,3366.44,3211.0,-0.63
2019-08-23,3334.25,3382.31,3394.21,3334.25,3552.0,-1.17
2019-08-26,3348.84,3329.73,3360.93,3318.33,2718.0,0.44
2019-08-27,3370.47,3348.84,3380.88,3334.49,3663.0,0.65
2019-08-28,3365.38,3363.51,3368.23,3334.07,2877.0,-0.15
2019-08-29,3411.33,3362.12,3415.36,3356.68,4279.0,1.37
2019-08-30,3426.76,3412.45,3443.08,3412.11,3917.0,0.45
2019-09-02,3432.54,3426.24,3442.71,3426.24,2001.0,0.17
2019-09-03,3420.74,3432.22,3432.22,3406.55,2843.0,-0.34
2019-09-04,3450.83,3424.98,3461.06,3424.98,3606.0,0.88
2019-09-05,3484.7,3453.99,3488.48,3453.99,4011.0,0.98
2019-09-06,3495.19,3484.86,3495.87,3479.62,3528.0,0.3
2019-09-09,3495.02,3495.85,3503.05,3486.75,3462.0,0.0
2019-09-10,3498.99,3493.8,3501.68,3479.58,4631.0,0.11
2019-09-11,3516.82,3502.24,3520.95,3502.24,4409.0,0.51
2019-09-12,3538.86,3522.04,3555.1,3512.59,5102.0,0.63
2019-09-13,3550.11,3539.93,3555.85,3534.38,4476.0,0.32
2019-09-16,3518.45,3540.47,3540.47,3518.45,3932.0,-0.89
2019-09-17,3521.26,3517.57,3527.0,3506.36,3865.0,0.08
2019-09-18,3528.04,3520.88,3536.65,3518.01,3202.0,0.19
2019-09-19,3552.65,3527.5,3554.87,3524.37,3483.0,0.7
2019-09-20,3571.39,3552.73,3578.04,3546.3,8716.0,0.53
2019-09-23,3536.97,3565.96,3565.96,3526.26,3511.0,-0.96
2019-09-24,3532.05,3542.53,3547.98,3531.65,2982.0,-0.14
2019-09-25,3513.03,3526.84,3526.84,3480.28,3538.0,-0.54
2019-09-26,3532.18,3509.8,3538.16,3506.05,3075.0,0.55
2019-09-27,3545.88,3534.47,3553.25,3534.47,2726.0,0.39
2019-09-30,3569.45,3545.07,3570.15,3536.91,3492.0,0.66
2019-10-01,3518.25,3573.08,3588.68,3518.25,3533.0,-1.43
2019-10-02,3413.31,3516.88,3516.88,3413.31,4605.0,-2.98
2019-10-03,3417.37,3414.14,3431.24,3398.64,3235.0,0.12
2019-10-04,3446.71,3423.75,3446.71,3406.44,3207.0,0.86
2019-10-07,3471.24,3442.14,3471.88,3433.87,2477.0,0.71
2019-10-08,3432.76,3473.24,3476.46,3426.82,2896.0,-1.11
2019-10-09,3462.11,3433.17,3473.92,3427.77,2525.0,0.85
2019-10-10,3493.96,3469.99,3501.19,3445.44,3574.0,0.92
2019-10-11,3569.92,3494.78,3569.92,3490.52,4763.0,2.17
2019-10-14,3556.26,3565.38,3565.38,3531.23,2585.0,-0.38
2019-10-15,3598.65,3562.39,3610.31,3562.39,4281.0,1.19
2019-10-16,3599.25,3600.76,3610.44,3588.09,4672.0,0.02
2019-10-17,3588.62,3595.73,3630.43,3588.62,4431.0,-0.3
2019-10-18,3579.41,3587.4,3596.71,3571.01,3480.0,-0.26
2019-10-21,3600.08,3583.37,3608.95,3578.81,3460.0,0.58
2019-10-22,3604.82,3600.94,3609.34,3586.64,3215.0,0.13
2019-10-23,3606.89,3595.78,3608.63,3585.76,3631.0,0.06
2019-10-24,3621.37,3611.62,3626.88,3607.84,5163.0,0.4
2019-10-25,3624.68,3622.79,3631.04,3604.4,3217.0,0.09
2019-10-28,3625.69,3623.84,3637.94,3614.83,3146.0,0.03
2019-10-29,3622.09,3625.53,3625.99,3611.77,3474.0,-0.1
2019-10-30,3620.29,3616.25,3624.53,3596.3,4274.0,-0.05
2019-10-31,3604.41,3625.36,3631.87,3593.6,4494.0,-0.44
2019-11-01,3623.74,3610.22,3633.64,3607.68,2779.0,0.54
2019-11-04,3665.21,3631.45,3671.81,3631.45,4180.0,1.14
2019-11-05,3676.52,3666.54,3678.63,3661.21,4816.0,0.31
2019-11-06,3688.74,3675.43,3692.2,3671.24,4230.0,0.33
2019-11-07,3706.68,3694.97,3708.65,3694.97,4458.0,0.49
2019-11-08,3699.65,3703.35,3706.91,3687.99,4203.0,-0.19
2019-11-11,3696.82,3696.97,3702.78,3683.33,3157.0,-0.08
2019-11-12,3712.2,3700.49,3719.4,3700.11,3498.0,0.42
2019-11-13,3699.5,3710.74,3710.74,3679.63,3960.0,-0.34
2019-11-14,3688.81,3699.73,3702.94,3687.27,3167.0,-0.29
2019-11-15,3711.61,3698.06,3713.26,3690.06,3345.0,0.62
2019-11-18,3704.92,3711.18,3716.79,3687.3,2975.0,-0.18
2019-11-19,3696.56,3704.88,3733.45,3688.59,2983.0,-0.23
2019-11-20,3683.88,3688.86,3688.86,3663.21,3077.0,-0.34
2019-11-21,3679.66,3675.75,3688.37,3651.51,3018.0,-0.11
2019-11-22,3687.32,3682.22,3709.88,3682.22,3189.0,0.21
2019-11-25,3707.68,3697.49,3710.87,3697.49,2358.0,0.55
2019-11-26,3705.55,3708.43,3711.75,3694.7,4278.0,-0.06
2019-11-27,3712.85,3708.71,3721.76,3704.49,2754.0,0.2
2019-11-28,3704.48,3707.05,3708.16,3698.22,2088.0,-0.23
2019-11-29,3703.58,3699.34,3719.83,3686.94,2877.0,-0.02
2019-12-02,3626.66,3703.76,3729.74,3623.12,4466.0,-2.08
2019-12-03,3610.99,3635.15,3647.52,3594.8,3767.0,-0.43
2019-12-04,3660.02,3611.95,3665.9,3611.95,3216.0,1.36
2019-12-05,3648.13,3663.0,3683.07,3648.13,2538.0,-0.32
2019-12-06,3692.34,3653.23,3692.71,3653.23,2911.0,1.21
2019-12-09,3672.18,3691.86,3691.86,3671.07,2645.0,-0.55
2019-12-10,3671.78,3671.97,3675.88,3625.0,2858.0,-0.01
2019-12-11,3687.45,3667.45,3692.11,3659.53,2662.0,0.43
2019-12-12,3706.35,3689.67,3723.6,3675.63,4050.0,0.51
2019-12-13,3731.07,3720.65,3765.7,3720.65,4928.0,0.67
2019-12-16,3772.74,3738.91,3778.47,3738.91,3002.0,1.12
2019-12-17,3745.28,3769.14,3769.14,3742.62,3723.0,-0.73
2019-12-18,3739.0,3744.0,3755.81,3739.0,3348.0,-0.17
2019-12-19,3739.17,3741.53,3747.34,3722.57,3561.0,0.0
2019-12-20,3776.56,3740.71,3776.56,3738.22,8485.0,1.0
2019-12-23,3776.66,3775.07,3778.98,3767.8,2306.0,0.0
2019-12-24,3774.39,3774.13,3774.66,3770.91,1542.0,-0.06
2019-12-27,3782.27,3776.82,3794.93,3775.26,2444.0,0.21
2019-12-30,3748.47,3780.44,3780.44,3748.47,1868.0,-0.89
2019-12-31,3745.15,3746.61,3749.1,3738.45,2207.0,-0.09
2020-01-02,3793.24,3754.24,3801.13,3754.24,2992.0,1.28
2020-01-03,3773.37,3787.57,3787.57,3745.54,3034.0,-0.52
2020-01-06,3752.52,3764.34,3764.34,3710.94,2834.0,-0.55
2020-01-07,3759.25,3760.09,3784.42,3748.13,2985.0,0.18
2020-01-08,3772.56,3752.87,3775.43,3732.9,3499.0,0.35
2020-01-09,3795.88,3782.77,3807.09,3782.77,3348.0,0.62
2020-01-10,3789.52,3801.12,3803.91,3786.93,2740.0,-0.17
2020-01-13,3779.68,3789.87,3798.58,3768.45,2751.0,-0.26
2020-01-14,3774.88,3779.35,3783.76,3745.47,3307.0,-0.13
2020-01-15,3768.96,3774.93,3778.94,3755.3,3341.0,-0.16
2020-01-16,3774.14,3770.96,3785.67,3758.55,1758.0,0.14
2020-01-17,3808.26,3780.54,3813.8,3780.54,3300.0,0.9
2020-01-20,3799.03,3804.74,3805.61,3791.51,2083.0,-0.24
2020-01-21,3789.12,3786.26,3789.12,3760.36,2759.0,-0.26
2020-01-22,3769.79,3792.05,3802.68,3765.49,3248.0,-0.51
2020-01-23,3736.85,3764.1,3770.01,3734.06,3333.0,-0.87
2020-01-24,3779.16,3744.75,3795.33,3744.75,3173.0,1.13
2020-01-27,3677.84,3754.63,3754.63,3673.8,4484.0,-2.68
2020-01-28,3719.22,3684.69,3722.71,3671.74,3748.0,1.13
2020-01-29,3736.36,3717.64,3743.26,3715.74,3647.0,0.46
2020-01-30,3690.78,3717.93,3717.93,3676.66,4246.0,-1.22
2020-01-31,3640.91,3697.67,3705.33,3639.44,4970.0,-1.35
2020-02-03,3661.27,3646.86,3673.28,3641.84,3250.0,0.56
2020-02-04,3732.28,3670.98,3732.28,3670.98,4538.0,1.94
2020-02-05,3777.84,3727.22,3782.85,3717.72,5685.0,1.22
2020-02-06,3805.52,3791.07,3808.74,3790.54,5251.0,0.73
2020-02-07,3798.49,3804.86,3806.06,3782.21,3916.0,-0.18
2020-02-10,3793.18,3794.18,3794.18,3779.1,2846.0,-0.14
2020-02-11,3825.84,3804.46,3832.06,3804.46,3862.0,0.86
2020-02-12,3854.43,3829.66,3854.43,3829.66,4224.0,0.75
2020-02-13,3846.74,3849.1,3849.1,3799.98,3874.0,-0.2
2020-02-14,3840.97,3847.93,3851.42,3835.79,2990.0,-0.15
2020-02-17,3853.27,3843.1,3854.3,3841.06,2426.0,0.32
2020-02-18,3836.54,3848.56,3848.56,3826.23,5306.0,-0.43
2020-02-19,3865.18,3846.39,3865.43,3846.39,4037.0,0.75
2020-02-20,3822.98,3867.28,3867.28,3822.98,4128.0,-1.09
2020-02-21,3800.38,3816.51,3827.36,3776.82,4844.0,-0.59
2020-02-24,3647.98,3762.35,3762.35,3632.29,8000.0,-4.01
2020-02-25,3572.51,3655.84,3668.7,3568.48,6281.0,-2.07
2020-02-26,3577.68,3567.03,3595.8,3467.58,7179.0,0.14
2020-02-27,3455.92,3553.05,3553.05,3410.7,8676.0,-3.4
2020-02-28,3329.49,3431.52,3431.52,3283.18,12309.0,-3.66
2020-03-02,3338.83,3355.33,3406.4,3257.99,9002.0,0.28
2020-03-03,3371.97,3355.52,3448.24,3354.3,7945.0,0.99
2020-03-04,3420.56,3374.0,3438.21,3350.23,6643.0,1.44
2020-03-05,3363.58,3431.78,3438.06,3338.41,7306.0,-1.67
2020-03-06,3232.07,3347.83,3347.83,3216.44,8509.0,-3.91
2020-03-09,2959.07,3214.2,3214.2,2939.85,14337.0,-8.45
2020-03-10,2910.02,2973.61,3088.57,2896.74,11822.0,-1.66
2020-03-11,2905.56,2924.93,2998.65,2893.43,8772.0,-0.15
2020-03-12,2545.23,2883.25,2883.25,2535.89,16733.0,-12.4
2020-03-13,2586.02,2584.36,2793.27,2537.27,13655.0,1.6
2020-03-16,2450.37,2557.71,2557.71,2302.84,13714.0,-5.25
2020-03-17,2530.5,2475.18,2555.41,2376.23,10691.0,3.27
2020-03-18,2385.82,2507.33,2507.33,2365.7,9821.0,-5.72
2020-03-19,2454.08,2388.94,2461.57,2345.3,10135.0,2.86
2020-03-20,2548.5,2475.14,2613.53,2475.14,13371.0,3.85
2020-03-23,2485.54,2520.48,2588.48,2427.87,,-2.47
2020-03-24,2715.11,2507.61,2715.11,2507.61,8788.0,9.24
2020-03-25,2800.14,2756.99,2829.34,2670.27,9051.0,3.13
2020-03-26,2847.78,2765.86,2847.78,2706.29,6531.0,1.7
2020-03-27,2728.65,2803.09,2803.09,2694.78,6618.0,-4.18
2020-03-30,2765.62,2734.92,2765.62,2658.88,6413.0,1.35
2020-03-31,2786.9,2780.8,2827.32,2728.02,7450.0,0.77
2020-04-01,2680.3,2760.54,2760.54,2663.42,6322.0,-3.83
2020-04-02,2688.49,2693.13,2711.45,2626.1,6656.0,0.31
2020-04-03,2662.99,2686.07,2693.5,2655.8,6360.0,-0.95
2020-04-06,2795.97,2701.86,2804.7,2701.86,5855.0,4.99
2020-04-07,2857.67,2819.53,2914.46,2819.53,6893.0,2.21
2020-04-08,2851.27,2846.25,2851.27,2793.71,4743.0,-0.22
2020-04-09,2892.79,2864.45,2922.07,2833.45,6303.0,1.46
2020-04-14,2917.74,2911.2,2956.22,2905.72,5106.0,0.86
2020-04-15,2808.2,2914.3,2914.3,2795.47,6015.0,-3.75
2020-04-16,2812.35,2826.7,2853.57,2792.17,5350.0,0.15
2020-04-17,2888.3,2842.1,2931.55,2842.1,6120.0,2.7
2020-04-20,2909.5,2894.91,2909.5,2839.18,4221.0,0.73
2020-04-21,2791.34,2889.57,2889.57,2791.34,5094.0,-4.06
2020-04-22,2834.9,2800.81,2838.26,2800.81,4119.0,1.56
2020-04-23,2852.46,2837.32,2883.6,2815.12,4158.0,0.62
2020-04-24,2809.07,2837.33,2849.08,2799.12,4244.0,-1.52
2020-04-27,2882.09,2838.96,2882.11,2838.96,3612.0,2.6
2020-04-28,2932.06,2882.81,2951.35,2880.72,5462.0,1.73
2020-04-29,2996.08,2934.49,3000.49,2919.74,5004.0,2.18
2020-04-30,2927.93,3003.21,3023.83,2917.31,7274.0,-2.27
2020-05-01,2927.93,2927.93,2927.93,2927.93,7274.0,0.0
2020-05-04,2816.48,2898.89,2898.89,2801.07,5739.0,-3.81
2020-05-05,2875.91,2830.33,2878.51,2827.37,4888.0,2.11
2020-05-06,2843.76,2876.45,2878.7,2839.77,4134.0,-1.12
2020-05-07,2880.6,2842.82,2883.02,2842.82,4052.0,1.3
2020-05-08,2908.11,2892.95,2912.02,2887.49,3005.0,0.96
2020-05-11,2883.75,2915.72,2927.26,2861.71,3418.0,-0.84
2020-05-12,2884.2,2878.61,2896.4,2871.25,3434.0,0.02
2020-05-13,2810.55,2872.01,2872.01,2805.27,4328.0,-2.55
2020-05-14,2760.23,2796.48,2796.48,2708.07,5706.0,-1.79
2020-05-15,2770.7,2777.43,2801.85,2755.15,4557.0,0.38
2020-05-18,2911.88,2800.07,2923.32,2800.07,4902.0,5.1
2020-05-19,2902.58,2931.17,2944.96,2876.66,6792.0,-0.32
2020-05-20,2942.39,2895.51,2946.47,2874.95,5360.0,1.37
2020-05-21,2904.98,2927.65,2936.82,2897.78,3884.0,-1.27
2020-05-22,2905.47,2889.38,2922.2,2854.07,4518.0,0.02
2020-05-25,2971.35,2919.1,2971.35,2912.96,2695.0,2.27
2020-05-26,2999.22,2983.65,3009.43,2978.53,5752.0,0.94
2020-05-27,3051.08,3004.09,3067.35,3002.66,7931.0,1.73
2020-05-28,3094.47,3058.75,3102.96,3053.76,5875.0,1.42
2020-05-29,3050.2,3081.78,3096.24,3049.33,7478.0,-1.43
2020-06-02,3156.45,3123.55,3168.49,3108.55,,3.48
2020-06-03,3269.59,3169.73,3275.68,3169.73,7225.0,3.58
2020-06-04,3261.67,3261.09,3293.26,3232.79,7291.0,-0.24
2020-06-05,3384.29,3281.92,3386.96,3281.92,9261.0,3.76
2020-06-08,3368.35,3356.25,3394.91,3341.25,,-0.47
2020-06-09,3320.71,3368.55,3377.2,3294.74,7458.0,-1.41
2020-06-10,3293.71,3327.31,3355.76,3289.25,5291.0,-0.81
2020-06-11,3144.57,3263.61,3263.61,3144.57,7507.0,-4.53
2020-06-12,3153.74,3135.22,3213.76,3110.3,5615.0,0.29
2020-06-15,3136.4,3131.43,3153.37,3054.11,5222.0,-0.55
2020-06-16,3242.65,3156.03,3277.87,3156.03,6593.0,3.39
2020-06-17,3267.26,3240.09,3282.92,3238.56,5116.0,0.76
2020-06-18,3249.9,3260.67,3288.18,3225.1,5377.0,-0.53
2020-06-19,3269.1,3257.0,3300.66,3257.0,11174.0,0.59
2020-06-22,3241.69,3259.43,3279.42,3219.15,3528.0,-0.84
2020-06-23,3298.83,3253.33,3317.87,3253.33,4721.0,1.76
2020-06-24,3196.12,3289.0,3289.0,3196.12,4512.0,-3.11
2020-06-25,3218.91,3196.25,3235.36,3149.67,4400.0,0.71
2020-06-26,3204.17,3233.14,3272.97,3199.81,3710.0,-0.46
2020-06-29,3232.02,3196.21,3252.33,3183.11,3866.0,0.87
2020-06-30,3234.07,3235.87,3249.43,3209.96,4199.0,0.06
2020-07-01,3228.45,3239.86,3250.56,3181.12,3484.0,-0.17
2020-07-02,3320.09,3239.48,3335.4,3239.48,5420.0,2.84
2020-07-03,3294.38,3321.83,3330.48,3279.07,2827.0,-0.77
2020-07-06,3350.03,3314.4,3375.7,3314.4,4307.0,1.69
2020-07-07,3321.56,3338.72,3338.72,3299.99,3487.0,-0.85
2020-07-08,3286.09,3310.83,3324.85,3278.1,3817.0,-1.07
2020-07-09,3261.17,3291.7,3315.54,3253.58,3333.0,-0.76
2020-07-10,3296.22,3255.4,3299.54,3241.29,3188.0,1.07
2020-07-13,3350.0,3311.82,3353.26,3307.56,3280.0,1.63
2020-07-14,3321.39,3330.08,3330.08,3277.4,3682.0,-0.85
2020-07-15,3378.21,3331.84,3399.71,3331.84,4666.0,1.71
2020-07-16,3365.35,3371.05,3376.58,3340.96,3487.0,-0.38
2020-07-17,3365.6,3370.51,3375.22,3353.98,4043.0,0.01
2020-07-20,3388.34,3361.25,3393.43,3332.64,3156.0,0.68
2020-07-21,3405.35,3404.16,3451.16,3401.42,5037.0,0.5
2020-07-22,3370.76,3399.88,3402.19,3361.53,3709.0,-1.02
2020-07-23,3371.74,3379.57,3400.92,3362.34,3587.0,0.03
2020-07-24,3310.89,3349.54,3349.54,3294.89,3426.0,-1.8
2020-07-27,3302.84,3308.17,3317.18,3292.48,2910.0,-0.24
2020-07-28,3303.56,3302.68,3316.82,3280.67,3136.0,0.02
2020-07-29,3300.16,3304.22,3314.96,3293.62,3592.0,-0.1
2020-07-30,3208.2,3300.61,3300.61,3174.38,6017.0,-2.79
2020-07-31,3174.32,3211.21,3245.97,3174.32,5569.0,-1.06
2020-08-03,3248.28,3177.76,3263.65,3173.98,4885.0,2.33
2020-08-04,3254.29,3253.84,3278.56,3230.52,4768.0,0.19
2020-08-05,3268.38,3258.32,3293.17,3258.32,4126.0,0.43
2020-08-06,3240.39,3264.08,3286.1,3223.75,6536.0,-0.86
2020-08-07,3252.65,3240.52,3256.92,3220.05,3702.0,0.38
2020-08-10,3259.71,3259.27,3276.61,3239.25,2623.0,0.22
2020-08-11,3332.12,3269.91,3349.76,3269.91,4323.0,2.22
2020-08-12,3363.18,3327.88,3377.44,3321.46,3937.0,0.93
2020-08-13,3342.85,3358.09,3368.07,3336.57,2782.0,-0.6
2020-08-14,3305.05,3339.33,3339.33,3275.91,3033.0,-1.13
2020-08-17,3305.85,3305.65,3319.1,3285.99,2339.0,0.02
2020-08-18,3289.64,3301.36,3333.64,3276.02,2815.0,-0.49
2020-08-19,3317.62,3287.08,3317.84,3275.51,2132.0,0.85
2020-08-20,3273.98,3306.69,3306.69,3257.6,2800.0,-1.32
2020-08-21,3259.75,3277.61,3292.57,3221.42,3555.0,-0.43
2020-08-24,3331.74,3269.51,3338.47,3269.51,2947.0,2.21
2020-08-25,3329.71,3335.01,3373.47,3329.71,3309.0,-0.06
2020-08-26,3356.76,3328.42,3357.88,3315.4,2297.0,0.81
2020-08-27,3331.04,3357.02,3359.14,3326.65,3425.0,-0.77
2020-08-28,3315.54,3333.19,3339.74,3296.26,3492.0,-0.47
2020-08-31,3272.51,3320.68,3346.11,3266.55,3808.0,-1.3
2020-09-01,3277.58,3279.11,3311.4,3245.03,3944.0,0.15
2020-09-02,3337.77,3284.3,3358.11,3284.3,3921.0,1.84
2020-09-03,3304.22,3344.21,3396.02,3285.55,4186.0,-1.01
2020-09-04,3260.59,3294.93,3328.76,3234.81,5202.0,-1.32
2020-09-07,3314.07,3264.43,3320.55,3264.43,3064.0,1.64
2020-09-08,3267.37,3314.85,3320.38,3241.61,4032.0,-1.41
2020-09-09,3324.83,3266.87,3332.99,3266.87,3825.0,1.76
2020-09-10,3312.77,3326.28,3337.72,3300.08,3719.0,-0.36
2020-09-11,3315.81,3312.78,3329.09,3292.42,3652.0,0.09
2020-09-14,3316.79,3319.94,3346.4,3309.06,2647.0,0.03
2020-09-15,3332.26,3318.4,3344.51,3307.36,3113.0,0.47
2020-09-16,3338.84,3332.12,3348.77,3312.19,3988.0,0.2
2020-09-17,3316.57,3332.86,3332.86,3285.27,3821.0,-0.67
2020-09-18,3283.69,3315.3,3326.79,3283.69,13735.0,-0.99
2020-09-21,3160.95,3277.42,3277.42,3150.61,6733.0,-3.74
2020-09-22,3164.13,3165.72,3195.18,3164.13,4274.0,0.1
2020-09-23,3180.11,3170.55,3223.72,3170.55,4076.0,0.51
2020-09-24,3159.64,3166.02,3181.13,3143.61,3673.0,-0.64
2020-09-25,3137.06,3159.28,3160.56,3097.67,3443.0,-0.71
2020-09-28,3223.19,3144.52,3227.43,3144.52,3377.0,2.75
2020-09-29,3214.3,3222.32,3224.83,3197.1,2638.0,-0.28
2020-09-30,3193.61,3208.91,3225.94,3181.03,3142.0,-0.64
2020-10-01,3194.09,3207.17,3224.4,3178.11,3198.0,0.02
2020-10-02,3190.93,3180.83,3190.93,3147.28,2922.0,-0.1
2020-10-05,3220.22,3200.49,3224.35,3199.63,2797.0,0.92
2020-10-06,3233.3,3223.64,3251.11,3201.98,3442.0,0.41
2020-10-07,3233.43,3229.93,3245.62,3219.33,3080.0,0.0
2020-10-08,3255.76,3239.95,3270.27,3234.48,3156.0,0.69
2020-10-09,3273.12,3256.86,3276.36,3254.13,2806.0,0.53
2020-10-12,3298.12,3276.5,3305.77,3272.5,2455.0,0.76
2020-10-13,3279.19,3298.63,3298.63,3264.74,2790.0,-0.57
2020-10-14,3273.28,3279.2,3287.84,3264.61,2414.0,-0.18
2020-10-15,3192.69,3269.87,3269.87,3174.64,4092.0,-2.46
2020-10-16,3245.47,3197.29,3258.93,3197.29,3810.0,1.65
2020-10-19,3242.51,3250.13,3282.55,3226.44,2111.0,-0.09
2020-10-20,3227.87,3239.75,3250.97,3223.79,3035.0,-0.45
2020-10-21,3180.7,3232.63,3238.07,3176.95,3046.0,-1.46
2020-10-22,3171.41,3180.96,3185.03,3135.48,2835.0,-0.29
2020-10-23,3198.86,3167.96,3217.96,3162.37,2851.0,0.87
2020-10-26,3105.25,3181.95,3181.95,3103.79,3026.0,-2.93
2020-10-27,3070.6,3109.08,3112.32,3065.65,4013.0,-1.12
2020-10-28,2963.54,3058.86,3058.86,2932.95,5992.0,-3.49
2020-10-29,2960.03,2961.49,2985.5,2920.87,5541.0,-0.12
2020-10-30,2958.21,2950.28,2972.45,2928.56,4570.0,-0.06
2020-11-02,3019.54,2969.37,3029.85,2953.92,3869.0,2.07
2020-11-03,3098.72,3030.89,3101.04,3030.89,4546.0,2.62
2020-11-04,3161.07,3083.79,3164.56,3043.19,5214.0,2.01
2020-11-05,3215.56,3167.78,3222.51,3167.78,4605.0,1.72
2020-11-06,3204.05,3210.37,3224.49,3168.97,3853.0,-0.36
2020-11-09,3407.91,3217.4,3442.12,3217.4,10601.0,6.36
2020-11-10,3442.62,3405.49,3460.08,3396.4,9823.0,1.02
2020-11-11,3467.3,3444.57,3473.82,3433.26,5167.0,0.72
2020-11-12,3428.2,3453.36,3457.71,3421.96,4582.0,-1.13
2020-11-13,3432.07,3423.63,3457.59,3416.18,4153.0,0.11
2020-11-16,3466.21,3447.86,3497.1,3440.05,5580.0,0.99
2020-11-17,3468.48,3461.54,3471.9,3442.7,4048.0,0.07
2020-11-18,3482.17,3463.97,3489.31,3451.89,4120.0,0.39
2020-11-19,3451.97,3466.67,3466.67,3440.22,3819.0,-0.87
2020-11-20,3467.6,3447.96,3484.29,3442.81,3787.0,0.45
2020-11-23,3463.04,3480.59,3506.24,3463.04,3674.0,-0.13
2020-11-24,3507.98,3476.61,3510.62,3476.61,5293.0,1.3
2020-11-25,3511.9,3513.77,3520.74,3494.07,4898.0,0.11
2020-11-26,3510.94,3518.67,3524.08,3508.7,2729.0,-0.03
2020-11-27,3527.79,3509.79,3536.46,3507.97,4469.0,0.48
2020-11-30,3492.54,3518.91,3538.52,3492.54,5348.0,-1.0
2020-12-01,3525.24,3499.28,3532.91,3499.28,4200.0,0.94
2020-12-02,3521.32,3515.64,3523.3,3502.1,4143.0,-0.11
2020-12-03,3517.1,3520.53,3523.6,3502.65,3486.0,-0.12
2020-12-04,3539.27,3516.18,3540.69,3516.18,4629.0,0.63
2020-12-07,3530.08,3536.05,3536.05,3499.14,3204.0,-0.26
2020-12-08,3525.87,3522.99,3531.69,3503.28,2558.0,-0.12
2020-12-09,3529.02,3532.04,3557.39,3527.42,3181.0,0.09
2020-12-10,3522.31,3529.04,3541.24,3498.96,3843.0,-0.19
2020-12-11,3485.84,3515.83,3515.83,3461.47,3537.0,-1.04
2020-12-14,3503.96,3497.84,3531.95,3497.84,3249.0,0.52
2020-12-15,3521.5,3503.38,3528.83,3497.47,3215.0,0.5
2020-12-16,3543.0,3524.12,3560.71,3523.93,3883.0,0.61
2020-12-17,3560.87,3550.37,3573.45,3550.37,3252.0,0.5
2020-12-18,3545.74,3556.15,3586.44,3544.77,6915.0,-0.42
2020-12-21,3448.68,3516.66,3516.66,3401.14,5041.0,-2.74
2020-12-22,3497.49,3455.94,3503.03,3455.94,2635.0,1.42
2020-12-23,3539.26,3502.43,3544.55,3502.43,2553.0,1.19
2020-12-24,3543.28,3542.85,3546.02,3539.79,1889.0,0.11
2020-12-28,3575.41,3554.13,3583.21,3554.13,1960.0,0.91
2020-12-29,3581.37,3580.45,3603.17,3576.76,1832.0,0.17
2020-12-30,3571.59,3580.91,3591.25,3569.62,1618.0,-0.27
2020-12-31,3552.64,3565.71,3571.61,3552.64,1307.0,-0.53
2021-01-04,3564.39,3565.68,3609.91,3548.31,3152.0,0.33
2021-01-05,3547.85,3554.24,3574.98,3524.63,3190.0,-0.46
2021-01-06,3611.08,3559.81,3620.57,3547.45,5098.0,1.78
2021-01-07,3622.42,3621.16,3635.64,3604.13,3686.0,0.31
2021-01-08,3645.05,3632.14,3657.83,3630.71,3336.0,0.62
2021-01-11,3620.62,3636.67,3641.74,3595.11,3054.0,-0.67
2021-01-12,3612.13,3622.37,3633.68,3600.06,3348.0,-0.23
2021-01-13,3616.51,3615.02,3624.19,3599.49,2786.0,0.12
2021-01-14,3641.37,3619.3,3647.32,3619.3,3517.0,0.69
2021-01-15,3599.55,3633.41,3633.46,3573.6,3902.0,-1.15
2021-01-18,3602.67,3591.23,3603.36,3577.77,2061.0,0.09
2021-01-19,3595.42,3618.03,3623.26,3591.73,2509.0,-0.2
2021-01-20,3624.04,3603.8,3630.44,3603.57,2755.0,0.8
2021-01-21,3618.35,3637.86,3649.73,3616.5,2863.0,-0.16
2021-01-22,3602.41,3611.43,3611.43,3570.68,3266.0,-0.44
2021-01-25,3553.14,3614.72,3621.49,3540.25,4206.0,-1.37
2021-01-26,3592.83,3551.21,3607.42,3551.21,4338.0,1.12
2021-01-27,3536.38,3593.19,3593.19,3502.74,5294.0,-1.57
2021-01-28,3557.04,3519.11,3567.06,3473.76,6359.0,0.58
2021-01-29,3481.44,3538.63,3538.63,3481.44,5021.0,-2.13
2021-02-01,3530.85,3492.86,3543.18,3492.86,3079.0,1.42
2021-02-02,3590.46,3545.09,3596.2,3545.09,3936.0,1.69
2021-02-03,3609.75,3599.76,3632.67,3599.36,5622.0,0.54
2021-02-04,3642.12,3604.62,3644.64,3604.62,4739.0,0.9
2021-02-05,3655.77,3642.69,3668.4,3642.28,5612.0,0.37
2021-02-08,3665.51,3665.77,3681.82,3661.88,4404.0,0.27
2021-02-09,3661.13,3669.54,3670.8,3649.5,3171.0,-0.12
2021-02-10,3648.37,3672.12,3677.16,3628.47,3237.0,-0.35
2021-02-11,3671.68,3654.34,3673.39,3648.41,2912.0,0.64
2021-02-12,3695.61,3669.04,3696.19,3649.11,3096.0,0.65
2021-02-15,3734.2,3711.35,3742.53,3706.4,3529.0,1.04
2021-02-16,3726.4,3735.53,3740.56,3718.66,2861.0,-0.21
2021-02-17,3699.85,3720.26,3726.35,3696.12,3600.0,-0.71
2021-02-18,3681.04,3700.99,3711.38,3672.8,3164.0,-0.51
2021-02-19,3713.46,3683.38,3718.99,3681.45,3901.0,0.88
2021-02-22,3699.85,3706.07,3707.42,3660.9,3054.0,-0.37
2021-02-23,3689.1,3698.24,3708.11,3643.33,3995.0,-0.29
2021-02-24,3705.99,3684.67,3712.66,3681.66,3399.0,0.46
2021-02-25,3685.28,3716.67,3728.65,3685.28,4897.0,-0.56
2021-02-26,3636.44,3665.89,3676.59,3622.24,4600.0,-1.33
2021-03-01,3706.62,3658.12,3711.52,3658.12,3152.0,1.93
2021-03-02,3707.72,3702.8,3728.47,3689.82,2965.0,0.03
2021-03-03,3712.78,3711.39,3742.5,3687.45,4373.0,0.14
2021-03-04,3704.85,3702.37,3716.31,3680.83,3706.0,-0.21
2021-03-05,3669.54,3689.41,3714.26,3656.21,4546.0,-0.95
2021-03-08,3763.24,3679.35,3767.45,3679.35,4741.0,2.55
2021-03-09,3786.05,3759.26,3795.63,3754.62,4330.0,0.61
2021-03-10,3819.92,3780.26,3822.66,3780.0,3447.0,0.89
2021-03-11,3845.64,3827.18,3846.51,3827.18,3667.0,0.67
2021-03-12,3833.36,3840.73,3840.73,3818.25,2764.0,-0.32
2021-03-15,3829.84,3840.85,3857.07,3818.2,3209.0,-0.09
2021-03-16,3850.96,3842.33,3856.78,3838.22,3712.0,0.55
2021-03-17,3849.74,3846.58,3853.66,3838.43,3360.0,-0.03
2021-03-18,3867.54,3856.76,3874.91,3852.25,4827.0,0.46
2021-03-19,3837.02,3851.61,3861.65,3819.38,8640.0,-0.79
2021-03-22,3833.84,3828.66,3841.49,3811.8,2611.0,-0.08
2021-03-23,3827.02,3827.54,3842.37,3804.9,2789.0,-0.18
2021-03-24,3832.55,3820.78,3833.66,3803.84,2717.0,0.14
2021-03-25,3832.57,3822.59,3832.57,3784.09,2435.0,0.0
2021-03-26,3866.68,3841.46,3871.88,3841.46,2474.0,0.89
2021-03-29,3882.87,3871.82,3890.2,3867.25,2265.0,0.42
2021-03-30,3926.2,3885.11,3929.49,3885.11,2835.0,1.12
2021-03-31,3919.21,3923.92,3925.97,3910.9,2909.0,-0.18
2021-04-01,3945.96,3922.36,3948.99,3922.36,2059.0,0.68
2021-04-06,3970.42,3950.18,3988.1,3950.18,3122.0,0.62
2021-04-07,3956.77,3965.86,3971.89,3952.12,2248.0,-0.34
2021-04-08,3977.83,3961.0,3977.92,3961.0,2852.0,0.53
2021-04-09,3978.84,3978.84,3987.73,3970.41,2146.0,0.03
2021-04-12,3961.9,3978.54,3980.52,3961.9,1944.0,-0.43
2021-04-13,3966.99,3964.91,3980.57,3953.26,2447.0,0.13
2021-04-14,3976.28,3973.33,3982.08,3968.68,2344.0,0.23
2021-04-15,3993.43,3978.39,3997.69,3978.39,2397.0,0.43
2021-04-16,4032.99,3992.56,4037.61,3991.2,3667.0,0.99
2021-04-19,4019.91,4033.59,4040.88,4017.7,2339.0,-0.32
2021-04-20,3940.46,4014.01,4018.66,3935.83,3392.0,-1.98
2021-04-21,3976.41,3943.19,3985.31,3943.19,2740.0,0.91
2021-04-22,4014.8,3979.58,4017.19,3979.58,2099.0,0.97
2021-04-23,4013.34,4011.1,4016.82,3981.87,1947.0,-0.04
2021-04-26,4020.83,4013.07,4026.33,4004.53,2516.0,0.19
2021-04-27,4011.91,4017.92,4019.21,4001.24,2750.0,-0.22
2021-04-28,4015.03,4011.02,4026.74,4006.34,2823.0,0.08
2021-04-29,3996.9,4021.44,4033.87,3985.25,3448.0,-0.45
2021-04-30,3974.74,3993.19,4004.84,3974.72,2808.0,-0.55
2021-05-03,4000.25,3979.5,4009.73,3965.5,2082.0,0.64
2021-05-04,3924.8,4001.13,4018.14,3919.46,3516.0,-1.89
2021-05-05,4002.79,3927.29,4003.09,3927.29,3013.0,1.99
2021-05-06,3999.44,3997.7,4022.74,3974.82,3495.0,-0.08
2021-05-07,4034.25,3999.93,4034.25,3999.93,2753.0,0.87
2021-05-10,4023.35,4031.99,4035.66,4014.67,2953.0,-0.27
2021-05-11,3946.06,4020.49,4020.49,3917.64,3499.0,-1.92
2021-05-12,3947.43,3947.65,3964.8,3925.85,3488.0,0.03
2021-05-13,3952.45,3931.19,3963.61,3857.76,3096.0,0.13
2021-05-14,4017.44,3970.76,4017.44,3961.1,2688.0,1.64
2021-05-17,4006.84,4018.16,4032.11,3993.88,2537.0,-0.26
2021-05-18,4005.34,4014.68,4043.21,3996.75,2823.0,-0.04
2021-05-19,3936.74,3995.7,3995.7,3892.72,3261.0,-1.71
2021-05-20,3999.91,3948.63,3999.91,3936.79,2560.0,1.6
2021-05-21,4025.78,4001.53,4032.97,3999.11,3169.0,0.65
2021-05-24,4035.58,4021.58,4035.76,4021.58,1740.0,0.24
2021-05-25,4036.04,4042.49,4056.95,4036.04,2482.0,0.01
2021-05-26,4031.67,4039.57,4054.14,4022.05,2592.0,-0.11
2021-05-27,4039.21,4028.75,4056.79,4019.85,4581.0,0.19
2021-05-28,4070.56,4042.37,4075.87,4042.37,2278.0,0.78
2021-05-31,4039.46,4068.11,4071.74,4037.25,1765.0,-0.76
2021-06-01,4071.75,4044.07,4101.26,4044.07,2512.0,0.8
2021-06-02,4088.5,4072.1,4088.52,4064.07,2388.0,0.41
2021-06-03,4079.24,4088.95,4088.95,4051.81,2319.0,-0.23
2021-06-04,4089.38,4079.29,4091.95,4070.35,2353.0,0.25
2021-06-07,4097.65,4089.27,4107.03,4069.52,2391.0,0.2
2021-06-08,4096.01,4098.63,4115.62,4092.76,2482.0,-0.04
2021-06-09,4096.85,4095.14,4102.06,4078.16,1818.0,0.02
2021-06-10,4096.07,4099.07,4109.2,4080.15,2579.0,-0.02
2021-06-11,4126.7,4098.04,4128.99,4097.99,2115.0,0.75
2021-06-14,4132.67,4134.79,4155.24,4127.94,2148.0,0.14
2021-06-15,4143.52,4144.8,4158.36,4143.52,2105.0,0.26
2021-06-16,4151.76,4145.5,4156.81,4138.75,2525.0,0.2
2021-06-17,4158.14,4144.91,4164.58,4131.42,3056.0,0.15
2021-06-18,4083.37,4155.78,4165.59,4078.76,6576.0,-1.8
2021-06-21,4112.33,4079.42,4114.19,4049.6,2593.0,0.71
2021-06-22,4123.13,4112.34,4128.4,4093.47,2121.0,0.26
2021-06-23,4075.94,4126.1,4133.98,4075.94,2079.0,-1.14
2021-06-24,4122.43,4083.05,4126.41,4083.05,2280.0,1.14
2021-06-25,4120.66,4123.94,4127.45,4105.76,2099.0,-0.04
2021-06-28,4089.91,4119.87,4125.73,4089.0,1809.0,-0.75
2021-06-29,4107.51,4092.3,4124.33,4090.29,2070.0,0.43
2021-06-30,4064.3,4104.75,4111.98,4048.05,3069.0,-1.05
2021-07-01,4078.89,4068.2,4113.58,4049.6,2244.0,0.36
2021-07-02,4084.31,4082.7,4099.99,4076.23,1877.0,0.13
2021-07-05,4087.37,4081.08,4095.15,4057.91,1481.0,0.07
2021-07-06,4052.67,4087.5,4087.5,4038.77,2346.0,-0.85
2021-07-07,4078.53,4055.64,4083.11,4055.64,2435.0,0.64
2021-07-08,3991.66,4070.74,4070.74,3961.98,3913.0,-2.13
2021-07-09,4068.09,3996.72,4068.14,3996.72,2617.0,1.91
2021-07-12,4093.38,4068.64,4098.76,4046.11,1835.0,0.62
2021-07-13,4094.56,4094.26,4100.81,4084.78,2321.0,0.03
2021-07-14,4099.5,4088.1,4104.83,4077.14,1640.0,0.12
2021-07-15,4056.39,4096.0,4096.0,4046.04,2267.0,-1.05
2021-07-16,4035.77,4060.22,4072.58,4014.58,2411.0,-0.51
2021-07-19,3928.53,4018.91,4018.91,3904.78,3755.0,-2.66
2021-07-20,3956.34,3937.4,3979.28,3920.93,2853.0,0.71
2021-07-21,4026.68,3973.9,4029.09,3973.9,2896.0,1.78
2021-07-22,4059.05,4037.94,4078.58,4037.94,2256.0,0.8
2021-07-23,4109.1,4066.7,4111.43,4066.7,2170.0,1.23
2021-07-26,4102.59,4103.5,4106.4,4072.86,2584.0,-0.16
2021-07-27,4064.83,4099.8,4099.8,4056.23,2291.0,-0.92
2021-07-28,4103.03,4067.84,4103.45,4065.25,2144.0,0.94
2021-07-29,4116.77,4104.98,4128.81,4104.98,2253.0,0.33
2021-07-30,4089.3,4113.11,4114.28,4078.33,3030.0,-0.67
2021-08-02,4116.62,4095.5,4135.68,4095.5,2239.0,0.67
2021-08-03,4117.95,4114.52,4129.21,4102.13,2179.0,0.03
2021-08-04,4144.9,4124.33,4150.09,4124.33,2347.0,0.65
2021-08-05,4161.08,4141.3,4166.14,4141.3,2224.0,0.39
2021-08-06,4174.54,4159.04,4183.92,4155.16,2855.0,0.32
2021-08-09,4177.15,4175.57,4186.05,4170.95,1816.0,0.06
2021-08-10,4187.82,4178.59,4197.12,4178.59,1668.0,0.26
2021-08-11,4206.33,4189.63,4219.06,4184.87,2352.0,0.44
2021-08-12,4226.33,4205.74,4232.22,4204.12,2047.0,0.48
2021-08-13,4229.7,4225.73,4242.26,4223.49,1809.0,0.08
2021-08-16,4202.44,4219.79,4219.79,4188.97,2011.0,-0.64
2021-08-17,4196.4,4197.85,4202.02,4172.67,2810.0,-0.14
2021-08-18,4189.42,4197.32,4199.5,4179.58,2213.0,-0.17
2021-08-19,4124.71,4183.74,4183.74,4082.07,3192.0,-1.54
2021-08-20,4147.5,4125.3,4150.66,4105.99,2212.0,0.55
2021-08-23,4176.42,4160.76,4184.03,4157.49,2001.0,0.7
2021-08-24,4178.08,4182.68,4197.67,4163.69,1798.0,0.04
2021-08-25,4181.12,4178.17,4188.23,4178.17,1748.0,0.07
2021-08-26,4169.87,4172.32,4176.28,4141.33,2015.0,-0.27
2021-08-27,4190.98,4167.39,4192.09,4160.47,1467.0,0.51
2021-08-30,4198.8,4191.99,4202.87,4191.79,1104.0,0.19
2021-08-31,4196.41,4201.77,4222.62,4175.32,3296.0,-0.06
2021-09-01,4227.27,4207.0,4251.39,4207.0,2801.0,0.74
2021-09-02,4232.1,4225.03,4239.02,4219.42,1850.0,0.11
2021-09-03,4201.98,4234.26,4234.26,4182.96,2243.0,-0.71
2021-09-06,4246.13,4204.07,4252.78,4204.07,1403.0,1.05
2021-09-07,4225.01,4244.4,4245.76,4219.86,1962.0,-0.5
2021-09-08,4177.15,4219.82,4219.82,4160.37,2821.0,-1.13
2021-09-09,4177.11,4171.46,4194.59,4134.8,2363.0,0.0
2021-09-10,4170.35,4184.05,4205.22,4161.09,2373.0,-0.16
2021-09-13,4189.53,4174.67,4210.62,4174.67,2554.0,0.46
2021-09-14,4191.67,4188.35,4202.44,4163.95,2640.0,0.05
2021-09-15,4145.94,4188.92,4196.6,4145.94,3386.0,-1.09
2021-09-16,4169.87,4151.63,4190.17,4151.63,3337.0,0.58
2021-09-17,4130.84,4180.28,4213.73,4119.27,6903.0,-0.94
2021-09-20,4043.63,4102.19,4102.19,4011.49,5099.0,-2.11
2021-09-21,4097.51,4049.69,4106.76,4049.69,3649.0,1.33
2021-09-22,4150.19,4104.43,4150.19,4104.43,3215.0,1.29
2021-09-23,4194.92,4158.21,4206.11,4158.21,3408.0,1.08
2021-09-24,4158.51,4188.43,4188.43,4149.94,2662.0,-0.87
2021-09-27,4165.48,4164.63,4196.07,4159.6,3802.0,0.17
2021-09-28,4058.82,4160.47,4160.47,4056.17,4208.0,-2.56
2021-09-29,4080.22,4070.45,4108.22,4070.45,2845.0,0.53
2021-09-30,4048.08,4089.16,4116.35,4048.08,3972.0,-0.79
2021-10-01,4035.3,4037.16,4055.01,3981.81,3449.0,-0.32
2021-10-04,3996.41,4026.7,4037.35,3993.87,2607.0,-0.96
2021-10-05,4065.43,4002.61,4066.64,4001.42,4306.0,1.73
2021-10-06,4012.65,4049.64,4049.64,3965.87,4505.0,-1.3
2021-10-07,4098.34,4037.48,4099.39,4037.48,4437.0,2.14
2021-10-08,4073.29,4097.12,4101.96,4073.29,3008.0,-0.61
2021-10-11,4072.52,4071.15,4076.8,4043.78,2850.0,-0.02
2021-10-12,4055.09,4058.54,4063.48,4019.55,2749.0,-0.43
2021-10-13,4083.28,4052.48,4092.73,4040.31,3058.0,0.7
2021-10-14,4149.06,4088.14,4151.76,4088.14,3475.0,1.61
2021-10-15,4182.91,4160.04,4186.61,4159.07,5284.0,0.82
2021-10-18,4151.4,4177.73,4177.73,4131.41,3205.0,-0.75
2021-10-19,4166.83,4159.22,4169.61,4151.44,2947.0,0.37
2021-10-20,4172.17,4164.5,4178.95,4143.83,2614.0,0.13
2021-10-21,4155.73,4163.62,4166.5,4140.06,2362.0,-0.39
2021-10-22,4188.81,4158.44,4203.67,4158.44,2322.0,0.8
2021-10-25,4188.31,4194.84,4198.97,4185.14,2537.0,-0.01
2021-10-26,4223.97,4187.55,4230.88,4187.55,2605.0,0.85
2021-10-27,4220.88,4220.74,4226.99,4205.42,3033.0,-0.07
2021-10-28,4233.87,4220.74,4236.2,4213.17,2945.0,0.31
2021-10-29,4250.56,4228.73,4250.68,4187.81,3586.0,0.39
2021-11-01,4280.47,4256.93,4291.81,4256.93,2815.0,0.7
2021-11-02,4296.22,4276.72,4297.45,4273.1,2498.0,0.37
2021-11-03,4309.61,4292.59,4309.66,4291.1,2869.0,0.31
2021-11-04,4333.34,4314.51,4340.81,4314.51,3796.0,0.55
2021-11-05,4363.04,4330.14,4375.04,4330.14,3145.0,0.69
2021-11-08,4352.53,4359.74,4366.54,4352.45,2473.0,-0.24
2021-11-09,4344.63,4346.62,4364.04,4337.66,2414.0,-0.18
2021-11-10,4348.82,4349.8,4358.46,4330.29,2621.0,0.1
2021-11-11,4358.0,4347.26,4358.8,4334.93,2188.0,0.21
2021-11-12,4370.33,4357.9,4372.32,4352.43,2191.0,0.28
2021-11-15,4386.19,4364.52,4386.19,4364.52,2295.0,0.36
2021-11-16,4401.49,4393.8,4406.46,4389.52,2320.0,0.35
2021-11-17,4400.81,4399.25,4409.24,4399.25,2195.0,-0.02
2021-11-18,4383.7,4400.73,4415.23,4377.73,3045.0,-0.39
2021-11-19,4356.47,4385.66,4401.92,4333.86,5367.0,-0.62
2021-11-22,4338.69,4361.95,4371.6,4336.17,3501.0,-0.41
2021-11-23,4283.82,4320.41,4328.48,4267.23,3150.0,-1.26
2021-11-24,4276.25,4284.6,4305.49,4240.78,3298.0,-0.18
2021-11-25,4293.24,4286.63,4304.86,4278.8,2088.0,0.4
2021-11-26,4089.58,4213.93,4213.93,4086.66,6689.0,-4.74
2021-11-29,4109.51,4117.79,4154.15,4097.98,4257.0,0.49
2021-11-30,4063.06,4089.51,4110.96,4027.43,6792.0,-1.13
2021-12-01,4179.15,4080.85,4187.86,4080.85,3748.0,2.86
2021-12-02,4108.02,4157.7,4157.7,4086.82,3690.0,-1.7
2021-12-03,4080.15,4118.98,4150.42,4059.02,3331.0,-0.68
2021-12-06,4137.11,4095.39,4146.16,4078.64,3003.0,1.4
2021-12-07,4276.2,4157.72,4277.03,4157.72,3442.0,3.36
2021-12-08,4233.09,4273.32,4288.2,4233.09,3255.0,-1.01
2021-12-09,4208.3,4242.66,4246.52,4201.85,2613.0,-0.59
2021-12-10,4199.16,4198.18,4221.57,4178.66,2537.0,-0.22
2021-12-13,4183.04,4206.45,4241.12,4176.97,2417.0,-0.38
2021-12-14,4144.51,4198.9,4210.52,4143.5,2874.0,-0.92
2021-12-15,4159.68,4147.16,4176.14,4147.16,2582.0,0.37
2021-12-16,4201.87,4198.25,4250.9,4198.25,3543.0,1.01
2021-12-17,4161.35,4195.94,4195.94,4130.36,5979.0,-0.96
2021-12-20,4107.13,4140.33,4140.33,4046.69,3015.0,-1.3
2021-12-21,4174.99,4120.48,4174.99,4120.48,2384.0,1.65
2021-12-22,4217.06,4180.89,4217.06,4167.89,1926.0,1.01
2021-12-23,4265.86,4221.9,4270.29,4221.9,2050.0,1.16
2021-12-24,4255.01,4265.56,4267.58,4255.01,1735.0,-0.25
2021-12-27,4287.98,4249.9,4293.89,4240.49,1390.0,0.77
2021-12-28,4311.93,4290.54,4319.69,4287.11,1691.0,0.56
2021-12-29,4284.83,4311.13,4312.45,4271.37,1666.0,-0.63
2021-12-30,4306.07,4286.63,4309.54,4285.29,1858.0,0.5
2021-12-31,4298.41,4298.41,4298.41,4298.41,,-0.18
