date,close,open,high,low,volatility
2017-01-02,17.96,19.03,19.03,17.88,-0.88
2017-01-03,17.35,17.82,17.94,17.35,-3.4
2017-01-04,16.46,17.31,17.37,16.44,-5.13
2017-01-05,15.98,16.63,16.63,15.95,-2.92
2017-01-06,15.34,16.25,16.27,15.3,-4.01
2017-01-09,15.51,16.02,16.32,15.47,1.11
2017-01-10,15.35,15.51,15.62,14.99,-1.03
2017-01-11,15.7,15.53,16.16,15.31,2.28
2017-01-12,16.29,15.84,16.58,15.77,3.76
2017-01-13,14.86,15.96,15.96,14.86,-8.78
2017-01-16,15.47,15.71,15.91,15.39,4.1
2017-01-17,15.67,15.92,16.62,15.65,1.29
2017-01-18,14.85,15.63,15.79,14.85,-5.23
2017-01-19,14.85,14.96,15.28,14.57,0.0
2017-01-20,14.6,15.06,15.08,14.48,-1.68
2017-01-23,17.11,15.92,17.33,15.36,17.19
2017-01-24,16.31,16.93,17.08,16.28,-4.68
2017-01-25,15.7,16.0,16.0,15.52,-3.74
2017-01-26,15.61,15.6,15.72,15.25,-0.57
2017-01-27,15.85,15.74,16.27,15.52,1.54
2017-01-30,17.47,16.84,17.76,16.84,10.22
2017-01-31,17.37,17.34,17.44,16.42,-0.57
2017-02-01,16.64,16.76,16.96,16.22,-4.2
2017-02-02,16.19,16.56,16.61,16.04,-2.7
2017-02-03,15.13,15.81,15.83,15.07,-6.55
2017-02-06,16.43,15.86,16.64,15.34,8.59
2017-02-07,16.91,16.53,16.94,16.18,2.92
2017-02-08,16.83,16.61,17.8,16.57,-0.47
2017-02-09,15.3,16.52,16.55,15.23,-9.09
2017-02-10,15.11,15.05,15.3,14.78,-1.24
2017-02-13,14.8,15.33,15.37,14.69,-2.05
2017-02-14,14.65,15.04,15.12,14.61,-1.01
2017-02-15,14.68,14.49,14.92,14.33,0.2
2017-02-16,15.4,14.72,15.49,14.72,4.9
2017-02-17,14.83,15.36,16.02,14.74,-3.7
2017-02-20,14.89,14.86,15.0,14.77,0.4
2017-02-21,14.57,15.11,15.38,14.37,-2.15
2017-02-22,14.86,14.49,15.49,14.33,1.99
2017-02-23,15.46,14.87,15.46,14.46,4.04
2017-02-24,15.86,15.29,17.28,15.26,2.59
2017-02-27,16.04,16.17,16.48,16.02,1.13
2017-02-28,16.28,16.24,16.55,16.13,1.5
2017-03-01,15.39,15.7,15.71,15.06,-5.47
2017-03-02,15.28,15.63,15.71,15.19,-0.71
2017-03-03,15.27,15.44,15.55,14.94,-0.07
2017-03-06,15.77,15.94,16.14,15.64,3.27
2017-03-07,15.37,15.74,15.8,15.2,-2.54
2017-03-08,14.98,15.25,15.3,14.71,-2.54
2017-03-09,15.21,15.28,15.43,15.0,1.54
2017-03-10,15.34,15.33,15.49,15.03,0.85
2017-03-13,15.58,15.99,16.01,15.54,1.56
2017-03-14,15.97,15.62,16.29,15.61,2.5
2017-03-15,15.6,15.76,15.81,15.1,-2.32
2017-03-16,11.52,11.99,12.28,11.47,-26.15
2017-03-17,11.16,11.73,11.73,10.81,-3.13
2017-03-20,13.08,12.87,13.11,12.62,17.2
2017-03-21,13.77,13.03,13.98,12.59,5.28
2017-03-22,14.51,15.12,15.48,14.15,5.37
2017-03-23,15.1,14.91,15.13,14.68,4.07
2017-03-24,15.2,15.44,15.5,15.07,0.66
2017-03-27,16.35,17.0,17.23,16.35,7.57
2017-03-28,15.86,16.21,16.34,15.74,-3.0
2017-03-29,15.93,15.95,16.26,15.84,0.44
2017-03-30,16.1,16.16,16.38,16.07,1.07
2017-03-31,16.52,16.48,16.87,16.32,2.61
2017-04-03,17.96,17.7,18.06,17.46,8.72
2017-04-04,18.0,18.09,18.33,17.94,0.22
2017-04-05,18.52,18.07,18.52,17.85,2.89
2017-04-06,18.87,19.41,19.51,18.48,1.89
2017-04-07,19.54,19.5,19.86,19.38,3.55
2017-04-10,22.09,20.72,22.1,20.65,13.05
2017-04-11,22.95,22.85,23.93,22.64,3.89
2017-04-12,22.72,22.94,23.1,22.41,-1.0
2017-04-13,23.39,23.48,23.61,22.65,2.95
2017-04-18,25.59,24.72,26.39,24.7,9.41
2017-04-19,24.2,25.65,25.65,24.18,-5.43
2017-04-20,24.9,24.2,24.98,23.38,2.89
2017-04-21,25.09,25.58,25.95,24.63,0.76
2017-04-24,16.25,17.87,18.07,16.16,-35.23
2017-04-25,15.42,15.81,15.95,15.42,-5.11
2017-04-26,15.58,15.22,15.63,14.91,1.04
2017-04-27,16.11,15.75,16.4,15.75,3.4
2017-04-28,17.05,16.09,17.37,16.08,5.83
2017-05-02,17.27,17.52,17.7,17.23,1.29
2017-05-03,17.4,17.45,17.54,17.09,0.75
2017-05-04,16.48,16.8,17.04,16.1,-5.29
2017-05-05,17.01,16.61,17.31,16.52,3.22
2017-05-08,14.39,14.19,14.51,13.84,-15.4
2017-05-09,14.09,14.02,14.18,13.58,-2.08
2017-05-10,14.07,14.21,14.37,13.87,-0.14
2017-05-11,14.35,14.13,14.79,13.63,1.99
2017-05-12,13.87,14.05,14.26,13.74,-3.34
2017-05-15,14.2,14.23,14.72,14.1,2.38
2017-05-16,13.54,14.1,14.11,13.51,-4.65
2017-05-17,16.14,14.1,16.79,13.61,19.2
2017-05-18,17.08,15.98,19.57,15.98,5.82
2017-05-19,15.47,16.68,16.68,15.37,-9.43
2017-05-22,14.83,15.83,16.17,14.74,-4.14
2017-05-23,13.84,14.51,14.51,13.81,-6.68
2017-05-24,13.88,14.05,14.05,13.45,0.29
2017-05-25,13.96,13.7,14.47,13.66,0.58
2017-05-26,13.85,13.99,14.91,13.76,-0.79
2017-05-29,14.18,14.41,14.56,14.18,2.38
2017-05-30,14.47,14.91,15.01,14.25,2.05
2017-05-31,14.55,14.32,14.74,13.85,0.55
2017-06-01,13.62,14.34,14.4,13.56,-6.39
2017-06-02,13.33,13.37,13.78,13.26,-2.13
2017-06-05,13.94,13.77,14.09,13.74,4.58
2017-06-06,14.39,14.27,14.68,14.04,3.23
2017-06-07,14.61,14.73,14.76,14.03,1.53
2017-06-08,14.08,14.51,14.62,14.01,-3.63
2017-06-09,13.39,13.43,13.99,13.24,-4.9
2017-06-12,14.51,14.02,14.82,13.89,8.36
2017-06-13,13.56,14.12,14.19,13.46,-6.55
2017-06-14,13.95,13.3,14.19,12.96,2.88
2017-06-15,14.94,14.21,15.93,14.13,7.1
2017-06-16,13.74,14.15,14.54,13.67,-8.03
2017-06-19,13.03,13.32,13.57,12.74,-5.17
2017-06-20,14.03,12.9,14.13,12.74,7.67
2017-06-21,14.18,15.9,15.94,13.57,1.07
2017-06-22,14.03,14.8,15.06,13.91,-1.06
2017-06-23,14.22,14.15,14.76,13.79,1.35
2017-06-26,13.66,13.94,13.98,13.13,-3.94
2017-06-27,14.77,14.24,14.84,13.84,8.13
2017-06-28,14.85,15.63,16.19,14.59,0.54
2017-06-29,17.6,14.46,17.96,14.31,18.52
2017-06-30,17.25,17.14,17.53,16.13,-1.99
2017-07-03,14.49,16.59,16.75,14.45,-16.0
2017-07-04,14.39,14.68,14.83,14.25,-0.69
2017-07-05,14.7,14.85,15.26,14.39,2.15
2017-07-06,15.47,14.89,16.47,14.62,5.24
2017-07-07,15.18,15.61,15.83,15.1,-1.87
2017-07-10,14.78,15.18,15.31,14.62,-2.64
2017-07-11,14.77,14.44,14.91,14.27,-0.07
2017-07-12,13.75,14.28,14.33,13.67,-6.91
2017-07-13,13.12,13.7,13.76,13.1,-4.58
2017-07-14,12.65,13.13,13.21,12.55,-3.58
2017-07-17,12.63,12.93,13.52,12.61,-0.16
2017-07-18,13.68,13.11,13.94,12.6,8.31
2017-07-19,13.27,13.44,13.76,12.89,-3.0
2017-07-20,13.09,12.92,13.75,12.48,-1.36
2017-07-21,15.33,13.15,15.84,12.62,17.11
2017-07-24,15.08,15.9,15.9,14.81,-1.63
2017-07-25,13.64,14.32,14.49,13.32,-9.55
2017-07-26,13.0,13.38,13.5,12.98,-4.69
2017-07-27,12.77,12.78,13.12,12.57,-1.77
2017-07-28,13.73,13.66,14.68,13.39,7.52
2017-07-31,13.9,13.82,14.36,13.42,1.24
2017-08-01,13.47,13.63,13.94,13.22,-3.09
2017-08-02,13.75,13.39,14.11,13.24,2.08
2017-08-03,13.73,14.11,14.45,13.63,-0.15
2017-08-04,13.07,13.99,14.04,13.04,-4.81
2017-08-07,13.2,13.51,13.84,13.17,0.99
2017-08-08,12.79,13.19,13.37,12.55,-3.11
2017-08-09,15.02,13.81,15.29,13.61,17.44
2017-08-10,18.91,14.91,18.99,14.82,25.9
2017-08-11,19.31,20.28,24.15,19.16,2.12
2017-08-14,15.67,17.2,17.22,15.6,-18.85
2017-08-15,14.88,14.91,15.44,14.69,-5.04
2017-08-16,14.25,14.45,14.45,13.76,-4.23
2017-08-17,15.39,14.66,16.09,14.33,8.0
2017-08-18,17.57,18.13,18.39,16.82,14.17
2017-08-21,18.56,18.02,18.86,16.99,5.63
2017-08-22,16.41,16.91,17.37,16.37,-11.58
2017-08-23,16.23,16.02,17.15,15.69,-1.1
2017-08-24,15.67,15.82,15.89,15.17,-3.45
2017-08-25,15.33,15.42,15.88,14.88,-2.17
2017-08-28,15.85,16.52,16.7,15.55,3.39
2017-08-29,17.32,18.26,18.77,17.13,9.27
2017-08-30,16.47,16.63,16.81,15.92,-4.91
2017-08-31,15.63,15.9,16.16,15.49,-5.1
2017-09-01,14.72,15.35,15.37,14.42,-5.82
2017-09-04,16.21,16.41,16.44,15.62,10.12
2017-09-05,16.48,15.89,16.96,15.56,1.67
2017-09-06,16.38,17.06,17.15,16.02,-0.61
2017-09-07,15.15,16.17,16.17,14.95,-7.51
2017-09-08,15.2,15.16,15.74,15.13,0.33
2017-09-11,13.96,14.57,14.59,13.82,-8.16
2017-09-12,13.45,13.69,13.72,13.23,-3.65
2017-09-13,13.04,13.37,13.6,12.96,-3.05
2017-09-14,12.27,12.41,13.08,12.2,-5.9
2017-09-15,12.2,12.6,12.75,12.12,-0.57
2017-09-18,11.94,12.42,12.46,11.86,-2.13
2017-09-19,11.72,12.23,12.25,11.69,-1.84
2017-09-20,11.79,11.75,12.05,11.18,0.6
2017-09-21,11.19,11.58,11.88,11.0,-5.09
2017-09-22,11.71,11.5,11.85,11.31,4.65
2017-09-25,12.37,12.25,12.59,11.81,5.64
2017-09-26,12.54,12.49,12.59,12.0,1.37
2017-09-27,12.13,12.23,12.44,11.95,-3.27
2017-09-28,12.13,12.16,12.41,12.06,0.0
2017-09-29,12.12,12.14,12.58,12.06,-0.08
2017-10-02,12.17,12.34,12.57,12.13,0.41
2017-10-03,11.84,11.84,11.84,11.84,-2.71
2017-10-04,12.78,11.94,13.07,11.92,7.94
2017-10-05,12.09,12.88,12.88,12.06,-5.4
2017-10-06,12.51,12.26,12.67,12.13,3.47
2017-10-09,12.61,12.64,12.96,12.48,0.8
2017-10-10,13.39,12.87,13.63,12.7,6.19
2017-10-11,12.67,12.93,13.4,12.64,-5.38
2017-10-12,12.32,12.71,12.75,12.31,-2.76
2017-10-13,11.85,12.36,12.39,11.66,-3.81
2017-10-16,11.9,12.32,12.48,11.75,0.42
2017-10-17,11.63,11.67,11.96,11.53,-2.27
2017-10-18,11.05,11.57,11.59,10.7,-4.99
2017-10-19,12.44,11.2,13.11,11.17,12.58
2017-10-20,12.22,11.93,12.79,11.9,-1.77
2017-10-23,12.59,12.81,13.03,12.01,3.03
2017-10-24,12.94,12.77,13.17,12.4,2.78
2017-10-25,14.53,13.21,14.71,12.74,12.29
2017-10-26,12.92,14.41,14.71,12.74,-11.08
2017-10-27,12.5,12.81,13.04,12.29,-3.25
2017-10-30,12.83,12.73,12.9,12.42,2.64
2017-10-31,11.99,11.99,11.99,11.99,-6.55
2017-11-01,11.79,12.0,12.1,11.64,-1.67
2017-11-02,12.02,12.05,12.76,11.85,1.95
2017-11-03,11.56,12.07,12.21,11.56,-3.83
2017-11-06,11.69,12.18,12.41,11.69,1.12
2017-11-07,12.13,11.65,12.48,11.54,3.76
2017-11-08,12.41,12.06,12.78,11.87,2.31
2017-11-09,13.92,12.43,14.39,12.3,12.17
2017-11-10,14.45,13.62,14.72,13.55,3.81
2017-11-13,14.38,14.51,15.6,13.83,-0.48
2017-11-14,15.23,13.91,15.44,13.86,5.91
2017-11-15,15.58,15.93,16.29,15.36,2.3
2017-11-16,15.03,15.12,15.33,14.68,-3.53
2017-11-17,14.74,14.61,15.08,13.9,-1.93
2017-11-20,13.7,15.21,15.27,13.64,-7.06
2017-11-21,12.94,13.8,13.86,12.74,-5.55
2017-11-22,12.87,12.73,12.91,12.07,-0.54
2017-11-23,12.73,13.26,13.26,12.47,-1.09
2017-11-24,12.86,12.46,12.86,12.22,1.02
2017-11-27,13.55,13.37,13.73,12.99,5.37
2017-11-28,12.88,13.25,13.66,12.77,-4.94
2017-11-29,13.54,12.87,13.68,12.49,5.12
2017-11-30,13.47,13.04,13.49,12.62,-0.52
2017-12-01,16.01,13.51,16.05,13.49,18.86
2017-12-04,13.72,14.37,14.38,13.59,-14.3
2017-12-05,13.16,13.59,14.14,13.12,-4.08
2017-12-06,13.91,14.21,14.41,13.72,5.7
2017-12-07,13.45,13.66,14.06,13.4,-3.31
2017-12-08,12.85,13.15,13.35,12.79,-4.46
2017-12-11,12.92,13.02,13.38,12.89,0.54
2017-12-12,12.47,12.79,13.13,12.43,-3.48
2017-12-13,12.73,12.65,12.78,12.45,2.08
2017-12-14,12.26,12.2,12.32,11.71,-3.69
2017-12-15,11.79,12.71,12.9,11.7,-3.83
2017-12-18,10.68,11.6,11.6,10.59,-9.41
2017-12-19,11.2,10.61,11.33,10.4,4.87
2017-12-20,12.51,11.03,12.68,10.98,11.7
2017-12-21,11.74,12.97,13.34,11.69,-6.16
2017-12-22,12.01,11.57,12.11,11.38,2.3
2017-12-27,12.71,12.67,13.03,12.53,5.83
2017-12-28,13.62,12.91,13.69,12.77,7.16
2017-12-29,13.51,13.64,13.81,13.46,-0.81
2018-01-02,13.37,14.32,14.4,13.26,-1.04
2018-01-03,12.14,13.1,13.12,12.04,-9.2
2018-01-04,11.41,12.02,12.1,11.16,-6.01
2018-01-05,11.12,11.32,11.44,11.05,-2.54
2018-01-08,11.5,11.55,11.73,11.38,3.42
2018-01-09,11.26,11.5,11.57,11.26,-2.09
2018-01-10,11.76,11.52,12.02,11.29,4.44
2018-01-11,11.36,11.63,11.81,11.28,-3.4
2018-01-12,10.9,11.35,11.42,10.81,-4.05
2018-01-15,11.07,11.26,11.26,10.76,1.56
2018-01-16,11.35,11.04,11.45,10.96,2.53
2018-01-17,11.95,11.3,12.13,11.12,5.29
2018-01-18,11.99,12.06,12.2,11.81,0.33
2018-01-19,11.85,12.13,12.34,11.75,-1.17
2018-01-22,11.97,12.39,12.4,11.78,1.01
2018-01-23,11.95,12.12,12.22,11.85,-0.17
2018-01-24,12.39,12.08,12.41,11.76,3.68
2018-01-25,12.69,12.73,13.07,12.12,2.42
2018-01-26,12.48,12.55,12.56,12.24,-1.65
2018-01-29,13.29,13.31,13.48,12.93,6.49
2018-01-30,14.81,13.78,15.79,13.62,11.44
2018-01-31,15.16,14.52,15.3,14.17,2.36
2018-02-01,16.14,14.41,16.72,13.89,6.46
2018-02-02,17.56,16.48,17.62,16.22,8.8
2018-02-05,18.86,19.91,20.02,18.05,7.4
2018-02-06,30.18,25.05,32.17,22.42,60.02
2018-02-07,21.37,24.84,26.0,20.81,-29.19
2018-02-08,32.04,21.49,32.18,21.04,49.93
2018-02-09,34.74,30.19,36.56,29.1,8.43
2018-02-12,28.16,28.72,29.65,26.37,-18.94
2018-02-13,25.95,27.83,28.43,25.63,-7.85
2018-02-14,20.71,23.02,26.22,20.61,-20.19
2018-02-15,20.52,19.59,21.11,18.54,-0.92
2018-02-16,17.76,19.66,19.94,17.58,-13.45
2018-02-19,19.13,18.11,19.34,17.9,7.71
2018-02-20,18.64,18.73,19.76,18.51,-2.56
2018-02-21,18.65,19.18,19.98,18.62,0.05
2018-02-22,18.69,19.87,20.53,18.64,0.21
2018-02-23,18.18,18.69,18.94,18.02,-2.73
2018-02-26,16.77,17.7,17.71,16.74,-7.76
2018-02-27,17.59,16.91,17.61,16.73,4.89
2018-02-28,18.0,17.81,18.53,17.27,2.33
2018-03-01,20.57,18.4,21.12,18.09,14.28
2018-03-02,23.39,21.93,24.43,21.55,13.71
2018-03-05,18.89,21.94,22.09,18.86,-19.24
2018-03-06,18.69,18.07,18.71,17.51,-1.06
2018-03-07,18.15,19.63,19.63,17.82,-2.89
2018-03-08,16.61,17.66,17.92,16.52,-8.48
2018-03-09,15.41,16.45,16.5,15.38,-7.22
2018-03-12,15.4,15.36,15.95,15.22,-0.06
2018-03-13,16.62,15.29,17.11,14.88,7.92
2018-03-14,16.91,16.22,16.97,15.46,1.74
2018-03-15,15.22,15.75,16.7,15.19,-9.99
2018-03-16,13.39,15.39,15.43,13.24,-12.02
2018-03-19,16.5,14.3,16.7,14.2,23.23
2018-03-20,15.38,15.98,16.72,15.26,-6.79
2018-03-21,14.85,15.38,15.65,14.32,-3.45
2018-03-22,18.55,15.43,19.82,14.53,24.92
2018-03-23,21.08,19.57,22.6,19.52,13.64
2018-03-26,22.05,20.21,22.97,19.79,4.6
2018-03-27,18.98,19.18,19.89,18.5,-13.92
2018-03-28,19.69,19.96,21.53,19.3,3.74
2018-03-29,17.44,18.88,19.08,17.12,-11.43
2018-04-03,18.81,19.28,20.16,18.62,7.86
2018-04-04,19.58,18.94,21.06,18.89,4.09
2018-04-05,16.9,17.94,18.05,16.87,-13.69
2018-04-06,17.44,17.64,18.03,16.57,3.2
2018-04-09,17.35,17.43,17.93,17.21,-0.52
2018-04-10,16.32,16.86,17.23,16.27,-5.94
2018-04-11,16.98,16.69,17.62,16.41,4.04
2018-04-12,15.81,16.93,16.95,15.66,-6.89
2018-04-13,15.3,15.67,15.68,14.73,-3.23
2018-04-16,14.5,15.38,15.38,14.45,-5.23
2018-04-17,13.29,13.97,13.98,13.23,-8.34
2018-04-18,13.04,12.98,13.52,12.68,-1.88
2018-04-19,13.74,13.03,14.26,12.85,5.37
2018-04-20,13.76,13.72,13.99,13.11,0.15
2018-04-23,13.33,14.22,14.74,13.33,-3.13
2018-04-24,13.41,13.43,14.12,13.05,0.6
2018-04-25,14.66,14.27,15.52,13.8,9.32
2018-04-26,13.68,14.55,14.58,13.52,-6.68
2018-04-27,13.13,13.38,13.79,13.0,-4.02
2018-04-30,13.72,13.53,13.97,13.45,4.49
2018-05-02,13.53,13.9,13.9,13.45,-1.38
2018-05-03,14.46,13.74,14.84,13.47,6.87
2018-05-04,13.42,13.86,14.23,13.42,-7.19
2018-05-07,13.32,13.85,13.85,13.31,-0.75
2018-05-08,13.72,13.41,14.28,13.37,3.0
2018-05-09,13.35,13.48,13.5,13.09,-2.7
2018-05-10,12.82,13.34,13.81,12.76,-3.97
2018-05-11,12.44,12.65,12.9,12.35,-2.96
2018-05-14,12.64,12.68,13.05,12.54,1.61
2018-05-15,12.68,12.78,13.52,12.44,0.32
2018-05-16,13.57,12.57,14.07,12.49,7.02
2018-05-17,13.08,13.33,13.84,12.99,-3.61
2018-05-18,13.97,13.12,14.99,13.12,6.8
2018-05-21,13.78,13.94,14.15,13.05,-1.36
2018-05-22,12.98,13.62,13.83,12.83,-5.81
2018-05-23,15.06,14.49,15.88,14.37,16.02
2018-05-24,15.69,14.72,16.83,13.94,4.18
2018-05-25,16.02,15.09,17.82,14.34,2.1
2018-05-28,17.78,15.44,18.52,15.35,10.99
2018-05-29,20.15,18.85,22.28,18.79,13.33
2018-05-30,18.34,19.87,20.11,18.06,-8.98
2018-05-31,17.65,17.45,19.3,16.69,-3.76
2018-06-01,15.62,16.24,16.24,15.31,-11.5
2018-06-04,14.36,14.98,15.1,14.36,-8.07
2018-06-05,14.8,14.4,14.82,13.47,3.06
2018-06-06,14.8,14.81,15.99,14.7,0.0
2018-06-07,14.42,14.42,15.15,14.12,-2.57
2018-06-08,14.96,15.56,16.19,14.86,3.74
2018-06-11,13.99,14.57,14.77,13.96,-6.48
2018-06-12,13.69,13.91,14.16,13.52,-2.14
2018-06-13,13.2,13.61,13.79,12.96,-3.58
2018-06-14,11.44,13.32,13.53,11.33,-13.33
2018-06-15,12.13,11.62,12.64,11.56,6.03
2018-06-18,13.76,13.26,14.79,13.23,13.44
2018-06-19,14.87,16.02,16.23,14.68,8.07
2018-06-20,13.98,13.8,14.41,13.05,-5.99
2018-06-21,16.09,14.16,16.91,13.92,15.09
2018-06-22,14.21,15.35,15.67,14.14,-11.68
2018-06-25,17.87,15.8,17.88,15.47,25.76
2018-06-26,17.24,16.82,17.98,16.69,-3.53
2018-06-27,17.18,17.39,18.86,15.87,-0.35
2018-06-28,18.42,17.62,19.51,17.2,7.22
2018-06-29,16.63,16.76,17.46,16.22,-9.72
2018-07-02,18.0,19.28,19.56,17.68,8.24
2018-07-03,16.39,17.0,17.38,15.98,-8.94
2018-07-04,16.22,16.44,16.5,15.86,-1.04
2018-07-05,15.73,15.95,16.28,15.36,-3.02
2018-07-06,14.74,15.62,15.85,14.7,-6.29
2018-07-09,14.07,14.66,14.91,13.99,-4.55
2018-07-10,12.99,14.03,14.04,12.97,-7.68
2018-07-11,14.6,14.55,14.7,13.93,12.39
2018-07-12,13.46,14.31,14.61,13.38,-7.81
2018-07-13,12.8,13.11,13.44,12.7,-4.9
2018-07-16,13.03,13.08,13.51,12.8,1.8
2018-07-17,12.56,13.41,13.69,12.56,-3.61
2018-07-18,11.96,12.17,12.31,11.64,-4.78
2018-07-19,12.85,12.03,13.33,11.94,7.44
2018-07-20,13.77,13.01,15.05,12.63,7.16
2018-07-23,14.19,15.07,15.18,14.12,3.05
2018-07-24,12.73,13.73,13.77,12.61,-10.29
2018-07-25,13.5,12.81,13.77,12.8,6.05
2018-07-26,12.14,12.9,13.01,12.11,-10.07
2018-07-27,11.66,11.96,11.96,11.46,-3.95
2018-07-30,12.71,12.59,12.77,12.15,9.01
2018-07-31,12.56,12.71,12.87,12.42,-1.18
2018-08-01,13.03,12.55,13.12,12.48,3.74
2018-08-02,14.51,13.58,15.21,13.58,11.36
2018-08-03,13.4,14.21,14.29,13.28,-7.65
2018-08-06,13.47,13.56,13.95,13.2,0.52
2018-08-07,12.63,13.01,13.02,12.43,-6.24
2018-08-08,12.87,12.77,13.08,12.31,1.9
2018-08-09,12.49,13.14,13.19,12.4,-2.95
2018-08-10,15.11,13.61,15.75,13.46,20.98
2018-08-13,15.94,16.21,16.74,15.42,5.49
2018-08-14,15.86,15.02,16.47,14.97,-0.5
2018-08-15,18.48,15.75,18.68,15.45,16.52
2018-08-16,16.26,17.27,17.29,16.17,-12.01
2018-08-17,16.1,16.1,16.65,15.53,-0.98
2018-08-20,14.5,15.46,15.48,14.24,-9.94
2018-08-21,13.87,14.17,14.25,13.38,-4.34
2018-08-22,13.85,13.96,14.04,13.55,-0.14
2018-08-23,13.64,13.53,13.78,13.21,-1.52
2018-08-24,13.19,13.38,13.57,13.07,-3.3
2018-08-27,13.11,13.24,13.5,13.08,-0.61
2018-08-28,13.16,13.18,13.51,13.02,0.38
2018-08-29,12.99,13.44,13.7,12.98,-1.29
2018-08-30,14.15,13.27,14.46,13.19,8.93
2018-08-31,15.63,14.87,15.81,14.86,10.46
2018-09-03,15.49,15.97,16.11,15.38,-0.9
2018-09-04,16.39,15.08,17.19,15.08,5.81
2018-09-05,17.29,16.87,17.74,16.44,5.49
2018-09-06,17.1,17.39,17.44,16.23,-1.1
2018-09-07,16.45,16.75,17.41,16.43,-3.8
2018-09-10,15.89,16.7,16.75,15.68,-3.4
2018-09-11,15.79,15.57,16.3,15.56,-0.63
2018-09-12,15.32,15.51,15.86,15.24,-2.98
2018-09-13,14.59,15.26,15.34,14.49,-4.77
2018-09-14,13.9,14.28,14.33,13.89,-4.73
2018-09-17,14.57,14.64,14.78,14.35,4.82
2018-09-18,14.36,14.69,15.03,14.24,-1.44
2018-09-19,13.53,14.1,14.16,13.52,-5.78
2018-09-20,13.18,13.43,13.48,12.94,-2.59
2018-09-21,12.82,12.93,13.13,12.52,-2.73
2018-09-24,13.73,13.69,13.9,13.37,7.1
2018-09-25,13.16,13.42,13.57,13.09,-4.15
2018-09-26,12.85,13.14,13.22,12.83,-2.36
2018-09-27,13.17,13.23,14.1,13.1,2.49
2018-09-28,14.76,13.77,16.26,13.51,12.07
2018-10-01,14.23,14.86,14.9,13.79,-3.59
2018-10-02,15.48,15.58,16.04,15.11,8.78
2018-10-03,14.61,14.77,15.34,14.34,-5.62
2018-10-04,16.02,15.22,16.48,15.21,9.65
2018-10-05,16.68,15.98,16.78,15.97,4.12
2018-10-08,17.63,17.16,17.8,16.97,5.7
2018-10-09,16.9,17.07,18.33,16.74,-4.14
2018-10-10,18.4,17.04,18.66,16.9,8.88
2018-10-11,21.24,20.56,21.98,19.71,15.43
2018-10-12,20.21,19.36,20.61,19.32,-4.85
2018-10-15,19.07,20.34,20.59,19.06,-5.64
2018-10-16,16.83,18.59,18.61,16.79,-11.75
2018-10-17,17.02,16.0,17.81,15.91,1.13
2018-10-18,18.17,17.08,18.27,16.54,6.76
2018-10-19,18.78,17.92,20.31,17.84,3.36
2018-10-22,19.36,18.33,19.96,18.25,3.09
2018-10-23,21.36,20.76,22.43,20.42,10.33
2018-10-24,21.98,20.61,22.25,19.68,2.9
2018-10-25,20.76,22.9,22.9,20.73,-5.55
2018-10-26,23.74,21.93,25.22,21.93,14.35
2018-10-29,22.29,22.56,23.0,21.15,-6.11
2018-10-30,22.22,22.38,24.01,21.72,-0.31
2018-10-31,20.3,20.75,20.77,19.87,-8.64
2018-11-01,19.0,20.06,20.09,18.71,-6.4
2018-11-02,18.85,17.95,19.05,17.71,-0.79
2018-11-05,18.33,19.21,19.37,18.05,-2.76
2018-11-06,18.11,18.27,18.82,17.88,-1.2
2018-11-07,16.43,16.7,16.77,16.28,-9.28
2018-11-08,15.88,15.83,16.28,15.57,-3.35
2018-11-09,16.38,16.33,16.92,16.02,3.15
2018-11-12,17.86,16.36,17.9,16.33,9.04
2018-11-13,17.03,17.3,18.03,16.9,-4.65
2018-11-14,18.45,17.86,18.59,17.17,8.34
2018-11-15,20.15,17.76,21.43,17.76,9.21
2018-11-16,18.08,19.08,20.48,17.71,-10.27
2018-11-19,18.03,17.69,18.18,17.2,-0.28
2018-11-20,19.96,19.09,20.75,18.33,10.7
2018-11-21,18.24,18.76,19.14,18.22,-8.62
2018-11-22,19.29,18.64,19.43,18.36,5.76
2018-11-23,18.97,19.29,20.11,18.68,-1.66
2018-11-26,18.42,18.69,18.84,18.23,-2.9
2018-11-27,18.48,18.07,19.38,18.07,0.33
2018-11-28,18.6,18.24,18.95,18.14,0.65
2018-11-29,18.61,18.13,19.22,18.07,0.05
2018-11-30,18.49,18.76,19.1,18.04,-0.64
2018-12-03,16.92,18.39,18.4,16.0,-8.49
2018-12-04,17.21,17.1,17.43,16.7,1.71
2018-12-05,19.09,18.95,19.12,17.91,10.92
2018-12-06,24.62,20.83,24.64,20.79,28.97
2018-12-07,21.67,21.88,21.93,20.1,-11.98
2018-12-10,23.66,22.82,23.86,21.95,9.18
2018-12-11,21.09,21.5,21.77,20.44,-10.86
2018-12-12,19.73,20.77,20.77,19.55,-6.45
2018-12-13,19.18,19.15,19.43,18.78,-2.79
2018-12-14,19.16,19.8,20.72,18.97,-0.1
2018-12-17,19.82,19.86,20.54,18.83,3.44
2018-12-18,20.04,20.49,20.77,19.52,1.11
2018-12-19,19.6,19.85,19.89,19.09,-2.2
2018-12-20,20.73,20.09,20.81,19.48,5.77
2018-12-21,20.4,21.45,22.37,20.36,-1.59
2018-12-27,25.69,22.64,26.88,22.61,25.93
2018-12-28,23.86,24.7,24.75,23.36,-7.12
2019-01-02,23.39,25.17,25.39,23.31,-1.97
2019-01-03,23.0,23.6,24.31,22.77,-1.67
2019-01-04,20.48,22.33,22.35,20.36,-10.96
2019-01-07,20.15,20.92,21.4,20.14,-1.61
2019-01-08,19.48,19.62,19.63,18.99,-3.33
2019-01-09,19.0,19.0,19.48,18.64,-2.46
2019-01-10,18.69,19.81,20.07,18.65,-1.63
2019-01-11,17.42,18.34,18.64,17.42,-6.8
2019-01-14,17.9,18.34,18.96,17.62,2.76
2019-01-15,16.93,17.24,18.14,16.89,-5.42
2019-01-16,15.72,16.37,16.49,15.49,-7.15
2019-01-17,15.41,16.18,16.51,15.24,-1.97
2019-01-18,14.28,15.11,15.26,14.28,-7.33
2019-01-21,15.38,15.1,15.38,15.0,7.7
2019-01-22,16.0,15.73,16.18,15.36,4.03
2019-01-23,16.48,16.77,16.8,15.73,3.0
2019-01-24,15.56,16.35,16.38,15.55,-5.58
2019-01-25,14.78,15.16,15.16,14.72,-5.01
2019-01-28,16.16,15.65,16.27,15.41,9.34
2019-01-29,16.05,16.18,16.21,15.35,-0.68
2019-01-30,16.02,16.02,16.34,15.81,-0.19
2019-01-31,15.11,15.32,16.12,15.1,-5.68
2019-02-01,13.99,14.95,15.23,13.94,-7.41
2019-02-04,14.21,14.58,14.83,14.19,1.57
2019-02-05,13.58,14.04,14.07,13.48,-4.43
2019-02-06,13.62,13.93,14.02,13.42,0.29
2019-02-07,16.17,13.85,16.23,13.75,18.72
2019-02-08,16.31,16.09,17.39,15.76,0.87
2019-02-11,15.22,15.77,15.9,15.12,-6.68
2019-02-12,14.28,14.44,14.45,14.03,-6.18
2019-02-13,13.97,14.17,14.22,13.85,-2.17
2019-02-14,15.76,13.76,15.77,13.68,12.81
2019-02-15,14.29,16.19,16.19,14.16,-9.33
2019-02-18,14.54,14.81,15.01,14.43,1.75
2019-02-19,14.61,14.66,15.49,14.3,0.48
2019-02-20,14.27,14.42,14.89,14.1,-2.33
2019-02-21,14.34,14.31,14.61,14.12,0.49
2019-02-22,13.98,14.36,14.39,13.75,-2.51
2019-02-25,13.85,14.27,14.38,13.72,-0.93
2019-02-26,13.89,14.45,14.48,13.81,0.29
2019-02-27,14.35,14.48,14.7,14.18,3.31
2019-02-28,13.59,14.53,14.63,13.54,-5.3
2019-03-01,13.37,13.59,13.61,13.07,-1.62
2019-03-04,13.65,13.57,13.66,13.04,2.09
2019-03-05,13.51,13.63,13.77,13.35,-1.03
2019-03-06,13.44,13.45,13.88,13.18,-0.52
2019-03-07,13.87,13.79,14.67,13.54,3.2
2019-03-08,14.41,14.52,14.92,14.14,3.89
2019-03-11,14.15,14.54,14.77,14.05,-1.8
2019-03-12,13.84,13.95,14.56,13.78,-2.19
2019-03-13,13.95,13.85,14.05,13.37,0.79
2019-03-14,13.65,13.42,13.83,13.1,-2.15
2019-03-15,12.92,13.57,13.74,12.68,-5.35
2019-03-18,13.21,13.39,13.4,13.07,2.24
2019-03-19,13.0,13.05,13.05,12.43,-1.59
2019-03-20,14.48,13.54,14.49,13.28,11.38
2019-03-21,15.69,15.02,16.69,14.99,8.36
2019-03-22,17.68,15.23,17.8,15.03,12.68
2019-03-25,17.34,18.3,18.63,17.18,-1.92
2019-03-26,15.85,17.26,17.33,15.79,-8.59
2019-03-27,16.33,15.67,17.02,15.63,3.03
2019-03-28,16.67,16.28,16.98,15.87,2.08
2019-03-29,15.27,15.86,16.09,15.19,-8.4
2019-04-01,14.79,15.13,15.34,14.69,-3.14
2019-04-02,14.78,14.8,15.1,14.47,-0.07
2019-04-03,14.19,14.27,14.29,13.91,-3.99
2019-04-04,14.25,14.48,14.56,14.15,0.42
2019-04-05,13.55,14.13,14.13,13.49,-4.91
2019-04-08,14.6,14.42,14.67,14.07,7.75
2019-04-09,14.52,14.72,15.07,14.0,-0.55
2019-04-10,14.28,14.61,14.62,14.06,-1.65
2019-04-11,12.6,13.72,14.33,12.53,-11.76
2019-04-12,11.88,12.73,12.75,11.7,-5.71
2019-04-15,11.49,12.08,12.12,11.49,-3.28
2019-04-16,11.3,11.39,11.6,11.16,-1.65
2019-04-17,11.27,11.34,11.34,10.47,-0.27
2019-04-18,11.01,11.4,11.73,10.88,-2.31
2019-04-19,11.01,11.01,11.01,11.01,0.0
2019-04-23,12.2,11.91,12.2,11.9,10.81
2019-04-24,12.54,12.45,12.72,12.24,2.79
2019-04-25,12.96,12.96,13.69,12.6,3.35
2019-04-26,12.6,12.98,13.16,12.46,-2.78
2019-04-29,13.03,13.0,13.45,12.75,3.41
2019-04-30,13.26,13.15,13.52,13.01,1.77
2019-05-02,14.34,13.77,14.34,13.29,8.14
2019-05-03,13.38,13.83,13.86,13.33,-6.69
2019-05-06,15.74,16.75,17.46,15.71,17.64
2019-05-07,18.04,15.49,18.35,15.01,14.61
2019-05-08,17.64,17.26,18.96,17.19,-2.22
2019-05-09,20.04,18.86,20.68,18.86,13.61
2019-05-10,18.51,18.1,19.63,17.94,-7.63
2019-05-13,19.43,18.47,19.93,18.13,4.97
2019-05-14,17.56,18.28,18.54,17.56,-9.62
2019-05-15,16.75,17.22,18.24,16.68,-4.61
2019-05-16,15.06,16.47,16.72,15.06,-10.09
2019-05-17,14.98,15.41,16.27,14.88,-0.53
2019-05-20,17.38,15.74,17.65,15.26,16.02
2019-05-21,15.83,16.6,16.92,15.64,-8.92
2019-05-22,15.45,15.59,16.91,14.82,-2.4
2019-05-23,17.64,16.82,17.96,16.61,14.17
2019-05-24,16.71,16.98,17.11,16.18,-5.27
2019-05-27,16.24,16.39,16.81,16.08,-2.81
2019-05-28,16.17,16.32,17.06,15.87,-0.43
2019-05-29,17.78,17.87,18.16,17.27,9.96
2019-05-30,16.76,17.01,17.1,16.4,-5.74
2019-05-31,17.42,18.35,18.95,17.36,3.94
2019-06-03,17.24,18.66,19.03,17.19,-1.03
2019-06-04,16.42,17.57,17.58,16.39,-4.76
2019-06-05,16.1,16.3,16.58,15.79,-1.95
2019-06-06,15.63,15.86,16.15,15.36,-2.92
2019-06-07,14.91,15.02,15.29,14.6,-4.61
2019-06-10,14.89,15.22,15.23,14.77,-0.13
2019-06-11,14.8,14.67,14.85,14.38,-0.6
2019-06-12,14.95,15.25,15.44,14.87,1.01
2019-06-13,14.37,15.08,15.19,14.29,-3.88
2019-06-14,14.36,14.76,15.22,14.26,-0.07
2019-06-17,14.03,14.68,14.71,14.02,-2.3
2019-06-18,13.27,14.51,14.62,13.05,-5.42
2019-06-19,13.66,13.4,13.76,13.28,2.94
2019-06-20,13.35,12.84,13.38,12.48,-2.27
2019-06-21,13.39,13.45,13.73,13.1,0.3
2019-06-24,13.97,13.61,14.17,13.58,4.33
2019-06-25,13.98,14.18,14.23,13.75,0.07
2019-06-26,14.06,14.26,14.3,13.63,0.57
2019-06-27,14.12,13.84,14.67,13.72,0.43
2019-06-28,13.73,13.95,14.2,13.68,-2.76
2019-07-01,12.38,12.92,12.92,12.26,-9.83
2019-07-02,11.84,12.3,12.36,11.78,-4.36
2019-07-03,11.7,11.72,11.76,11.43,-1.18
2019-07-04,11.77,11.56,11.92,11.56,0.6
2019-07-05,12.42,11.82,12.76,11.8,5.52
2019-07-08,12.62,12.82,12.94,12.59,1.61
2019-07-09,12.75,13.04,13.68,12.69,1.03
2019-07-10,12.82,12.96,13.21,12.43,0.55
2019-07-11,12.47,12.6,12.79,12.17,-2.73
2019-07-12,12.39,12.52,12.76,12.1,-0.64
2019-07-15,12.61,12.36,13.25,12.33,1.78
2019-07-16,12.16,12.6,12.72,11.97,-3.57
2019-07-17,12.6,12.15,12.82,11.62,3.62
2019-07-18,13.33,13.59,13.81,13.0,5.79
2019-07-19,13.7,12.98,14.45,12.66,2.78
2019-07-22,13.55,14.22,14.26,13.45,-1.09
2019-07-23,12.71,12.97,13.21,12.51,-6.2
2019-07-24,13.12,12.83,13.29,12.81,3.23
2019-07-25,13.27,12.86,14.03,12.24,1.14
2019-07-26,12.67,13.21,13.27,12.61,-4.52
2019-07-29,12.64,13.18,13.23,12.6,-0.24
2019-07-30,14.47,12.78,14.85,12.77,14.48
2019-07-31,14.39,14.56,14.63,14.06,-0.55
2019-08-01,13.73,14.27,14.38,13.53,-4.59
2019-08-02,18.35,16.32,19.19,16.23,33.65
2019-08-05,21.06,19.44,21.71,19.18,14.77
2019-08-06,21.38,20.81,21.64,19.79,1.52
2019-08-07,21.04,20.04,21.98,18.94,-1.59
2019-08-08,18.0,19.24,19.67,17.75,-14.45
2019-08-09,18.95,17.95,19.0,17.68,5.28
2019-08-12,19.25,18.05,19.7,17.8,1.58
2019-08-13,18.62,20.07,20.94,17.82,-3.27
2019-08-14,22.06,18.32,22.56,17.81,18.47
2019-08-15,22.54,22.28,25.6,21.43,2.18
2019-08-16,20.38,21.78,21.79,19.95,-9.58
2019-08-19,18.26,19.06,19.39,18.16,-10.4
2019-08-20,18.43,17.67,18.79,17.19,0.93
2019-08-21,16.77,17.63,17.68,16.71,-9.01
2019-08-22,18.23,17.12,18.75,16.48,8.71
2019-08-23,20.15,17.42,20.26,17.31,10.53
2019-08-26,20.25,21.26,21.9,19.82,0.5
2019-08-27,19.44,20.54,20.63,18.8,-4.0
2019-08-28,19.33,19.94,20.84,19.28,-0.57
2019-08-29,17.6,18.77,18.94,17.53,-8.95
2019-08-30,17.67,17.46,17.92,16.32,0.4
2019-09-02,17.54,17.77,17.89,17.09,-0.74
2019-09-03,18.24,19.21,19.23,17.8,3.99
2019-09-04,16.58,17.06,17.17,16.42,-9.1
2019-09-05,15.51,15.94,16.12,15.35,-6.45
2019-09-06,14.63,15.14,15.18,14.63,-5.67
2019-09-09,14.94,14.65,15.34,14.65,2.12
2019-09-10,15.26,15.13,15.87,15.13,2.14
2019-09-11,15.44,15.06,15.83,15.02,1.18
2019-09-12,14.41,15.26,15.76,14.07,-6.67
2019-09-13,13.74,14.26,14.26,13.67,-4.65
2019-09-16,15.25,14.83,15.6,14.75,10.99
2019-09-17,15.55,15.56,16.09,15.13,1.97
2019-09-18,15.21,15.44,15.56,14.88,-2.19
2019-09-19,14.5,14.76,14.83,14.38,-4.67
2019-09-20,13.97,14.42,14.63,13.55,-3.66
2019-09-23,15.58,15.07,16.41,15.05,11.52
2019-09-24,15.97,15.31,16.03,14.83,2.5
2019-09-25,17.23,17.25,18.17,17.04,7.89
2019-09-26,16.59,16.79,16.79,15.95,-3.71
2019-09-27,15.88,15.82,16.29,15.48,-4.28
2019-09-30,15.83,16.76,16.76,15.83,-0.31
2019-10-01,17.26,15.43,17.46,15.2,9.03
2019-10-02,21.01,18.84,21.4,18.84,21.73
2019-10-03,20.5,20.37,21.89,19.83,-2.43
2019-10-04,18.52,19.68,20.62,18.34,-9.66
2019-10-07,17.86,19.06,19.08,17.71,-3.56
2019-10-08,19.23,17.85,19.46,17.75,7.67
2019-10-09,18.39,19.61,19.69,18.09,-4.37
2019-10-10,17.42,18.46,19.31,17.26,-5.27
2019-10-11,15.89,16.96,17.14,15.82,-8.78
2019-10-14,15.92,16.03,17.18,15.79,0.19
2019-10-15,14.47,15.18,15.58,14.21,-9.11
2019-10-16,14.76,14.65,15.13,14.41,2.0
2019-10-17,14.93,14.86,15.17,14.03,1.15
2019-10-18,15.37,15.5,15.68,14.96,2.95
2019-10-21,14.74,15.48,15.49,14.59,-4.1
2019-10-22,14.17,14.49,14.94,14.16,-3.87
2019-10-23,13.46,14.55,14.56,13.44,-5.01
2019-10-24,13.09,13.33,13.56,13.08,-2.75
2019-10-25,12.82,13.19,13.41,12.77,-2.06
2019-10-28,13.2,13.13,13.37,13.05,2.96
2019-10-29,13.73,13.55,14.0,13.52,4.02
2019-10-30,13.8,13.81,14.57,13.66,0.51
2019-10-31,13.79,13.18,14.62,13.02,-0.07
2019-11-01,12.84,13.52,13.63,12.66,-6.89
2019-11-04,12.9,12.87,13.02,12.67,0.47
2019-11-05,12.92,12.87,13.09,12.8,0.16
2019-11-06,12.93,12.95,13.48,12.79,0.08
2019-11-07,12.75,12.76,12.87,12.62,-1.39
2019-11-08,12.85,13.1,13.32,12.75,0.78
2019-11-11,13.09,13.3,13.72,13.08,1.87
2019-11-12,12.63,12.9,12.94,12.54,-3.51
2019-11-13,12.8,12.81,13.81,12.71,1.35
2019-11-14,12.47,12.57,12.65,12.18,-2.58
2019-11-15,11.54,12.22,12.44,11.5,-7.46
2019-11-18,12.04,11.75,12.65,11.73,4.33
2019-11-19,12.37,11.8,12.73,11.74,2.74
2019-11-20,12.73,13.31,13.8,12.65,2.91
2019-11-21,13.13,13.61,14.1,13.03,3.14
2019-11-22,13.09,12.78,13.17,12.47,-0.3
2019-11-25,12.38,12.83,13.0,12.38,-5.42
2019-11-26,12.1,12.38,12.55,12.04,-2.26
2019-11-27,12.2,12.16,12.28,11.87,0.83
2019-11-28,12.8,12.58,12.86,12.38,4.92
2019-11-29,13.17,13.29,13.34,12.87,2.89
2019-12-02,15.89,13.36,16.13,12.98,20.65
2019-12-03,16.91,15.27,17.89,15.26,6.42
2019-12-04,15.22,16.59,16.59,15.09,-9.99
2019-12-05,15.37,14.87,15.55,14.5,0.99
2019-12-06,14.13,14.99,15.05,14.02,-8.07
2019-12-09,14.92,14.56,14.99,14.3,5.59
2019-12-10,15.02,15.64,16.55,14.87,0.67
2019-12-11,15.23,14.94,15.54,14.77,1.4
2019-12-12,14.66,14.94,15.5,14.0,-3.74
2019-12-13,13.12,12.34,13.9,12.04,-10.5
2019-12-16,11.64,12.14,12.28,11.58,-11.28
2019-12-17,12.15,11.97,12.35,11.61,4.38
2019-12-18,11.82,12.02,12.07,11.39,-2.72
2019-12-19,12.18,11.83,12.49,11.78,3.05
2019-12-20,11.08,12.08,12.37,11.08,-9.03
2019-12-23,11.65,11.74,11.75,11.22,5.14
2019-12-27,12.09,11.95,12.31,11.63,3.78
2019-12-30,13.95,12.92,14.13,12.83,15.38
2020-01-02,12.67,13.37,13.45,12.56,-9.18
2020-01-03,13.96,14.36,15.0,13.88,10.18
2020-01-06,15.14,15.45,16.81,14.89,8.45
2020-01-07,14.21,14.3,15.12,14.05,-6.14
2020-01-08,14.04,15.28,15.55,13.92,-1.2
2020-01-09,13.04,12.99,13.28,12.76,-7.12
2020-01-10,12.39,12.7,12.9,12.3,-4.98
2020-01-13,12.71,12.73,13.0,12.4,2.58
2020-01-14,12.41,13.02,13.66,12.37,-2.36
2020-01-15,12.04,12.76,12.77,12.01,-2.98
2020-01-16,11.02,11.39,11.59,11.02,-8.47
2020-01-17,10.69,10.84,10.97,10.5,-2.99
2020-01-20,11.25,11.26,11.57,11.19,5.24
2020-01-21,11.81,12.66,12.66,11.79,4.98
2020-01-22,12.24,11.65,12.33,11.41,3.64
2020-01-23,13.16,12.64,13.32,12.17,7.52
2020-01-24,12.67,12.12,12.71,11.73,-3.72
2020-01-27,17.17,15.68,17.46,14.99,35.52
2020-01-28,15.2,15.93,16.92,14.95,-11.47
2020-01-29,14.42,14.8,15.11,14.22,-5.13
2020-01-30,16.42,16.45,16.97,15.47,13.87
2020-01-31,17.15,15.31,17.55,15.13,4.45
2020-02-03,16.28,17.06,17.37,15.88,-5.07
2020-02-04,14.5,15.27,15.34,14.46,-10.93
2020-02-05,13.61,14.64,14.73,13.38,-6.14
2020-02-06,12.99,13.31,13.45,12.98,-4.56
2020-02-07,13.32,13.13,14.16,12.83,2.54
2020-02-10,13.7,13.97,14.28,13.67,2.85
2020-02-11,12.92,13.17,13.58,12.72,-5.69
2020-02-12,12.45,12.88,12.91,12.42,-3.64
2020-02-13,13.25,13.04,14.58,12.83,6.43
2020-02-14,13.06,13.12,13.33,12.75,-1.43
2020-02-17,12.97,13.22,13.26,12.96,-0.69
2020-02-18,13.84,13.52,14.05,13.33,6.71
2020-02-19,12.88,13.25,13.25,12.52,-6.94
2020-02-20,14.09,12.92,14.09,12.88,9.39
2020-02-21,15.75,15.42,16.62,14.55,11.78
2020-02-24,22.66,21.71,23.45,21.11,43.87
2020-02-25,27.44,21.34,27.73,21.34,21.09
2020-02-26,24.54,27.51,32.64,24.47,-10.57
2020-02-27,34.7,27.62,38.49,26.72,41.4
2020-02-28,42.24,43.73,49.69,40.37,21.73
2020-03-02,36.12,34.69,43.13,33.29,-14.49
2020-03-03,33.45,32.04,33.74,29.31,-7.39
2020-03-04,29.76,32.67,32.67,28.84,-11.03
2020-03-05,33.14,29.82,35.24,29.7,11.36
2020-03-06,43.02,37.88,46.61,37.88,29.81
2020-03-09,54.1,57.88,64.63,52.76,25.76
2020-03-10,53.8,51.56,55.82,44.18,-0.55
2020-03-11,53.76,51.45,55.62,51.01,-0.07
2020-03-12,71.52,60.57,74.03,60.45,33.04
2020-03-13,74.33,68.65,77.74,59.9,3.93
2020-03-16,85.62,81.5,95.02,81.26,15.19
2020-03-17,77.26,79.57,92.42,74.66,-9.76
2020-03-18,84.8,84.98,90.26,80.3,9.75
2020-03-19,78.35,84.64,87.48,78.35,-7.61
2020-03-20,68.21,65.2,72.13,62.86,-12.93
2020-03-23,64.43,75.92,75.94,60.13,-5.55
2020-03-24,52.53,57.04,57.64,49.65,-18.47
2020-03-25,57.13,51.57,60.36,50.76,8.76
2020-03-26,54.31,60.21,61.15,52.85,-4.93
2020-03-27,60.99,56.16,63.13,56.07,12.3
2020-03-30,55.63,62.12,63.7,55.52,-8.79
2020-03-31,48.59,52.17,53.45,47.94,-12.65
2020-04-01,51.14,53.89,55.17,49.48,5.24
2020-04-02,49.92,49.24,52.1,47.72,-2.4
2020-04-03,45.88,48.18,48.78,45.61,-8.08
2020-04-06,43.03,43.65,43.65,41.39,-6.21
2020-04-07,46.29,41.24,47.27,40.33,7.57
2020-04-08,45.3,47.58,48.11,45.17,-2.14
2020-04-09,44.71,43.29,46.41,42.86,-1.29
2020-04-14,40.48,42.6,42.89,39.53,-9.47
2020-04-15,44.96,40.79,45.34,40.79,11.07
2020-04-16,43.26,43.21,44.72,41.66,-3.77
2020-04-17,41.2,41.08,41.88,39.82,-4.76
2020-04-20,41.3,41.8,44.22,40.83,0.23
2020-04-21,48.22,44.17,48.31,43.67,16.77
2020-04-22,43.96,46.64,46.79,43.7,-8.84
2020-04-23,40.35,42.91,44.23,39.76,-8.2
2020-04-24,40.17,42.66,42.83,39.04,-0.44
2020-04-27,34.72,37.93,38.16,34.71,-13.58
2020-04-28,33.01,34.32,34.36,31.78,-4.92
2020-04-29,30.72,32.25,32.93,30.58,-6.94
2020-04-30,33.91,30.65,34.53,30.57,10.38
2020-05-04,38.32,39.7,40.84,38.03,13.01
2020-05-05,34.51,35.36,37.69,34.44,-9.96
2020-05-06,34.81,34.79,35.07,33.34,0.88
2020-05-07,32.43,33.78,33.85,32.42,-6.83
2020-05-08,29.66,31.37,31.88,29.64,-8.53
2020-05-11,29.91,29.08,32.21,28.74,0.82
2020-05-12,27.67,29.51,29.54,27.41,-7.48
2020-05-13,33.42,31.19,33.9,30.0,20.78
2020-05-14,36.32,35.13,39.42,34.33,8.68
2020-05-15,34.47,32.76,35.56,32.19,-5.1
2020-05-18,29.06,31.81,31.96,28.9,-15.7
2020-05-19,30.17,28.91,31.13,28.62,3.83
2020-05-20,29.11,30.8,31.45,28.97,-3.52
2020-05-21,32.31,30.35,32.46,29.62,11.01
2020-05-22,31.42,34.13,34.64,31.27,-2.78
2020-05-25,29.16,31.25,32.0,29.08,-7.19
2020-05-26,28.04,28.4,29.58,28.04,-3.83
2020-05-27,29.4,27.92,30.35,27.05,4.85
2020-05-28,29.01,28.87,29.39,28.28,-1.34
2020-05-29,31.13,30.58,31.44,29.68,7.31
2020-06-01,30.1,30.37,32.13,30.05,-3.3
2020-06-02,30.68,29.68,30.68,28.92,1.92
2020-06-03,29.61,29.94,29.95,28.99,-3.49
2020-06-04,27.66,29.44,29.44,26.78,-6.57
2020-06-05,27.89,26.94,27.89,26.71,0.83
2020-06-08,28.12,28.64,28.68,27.5,0.82
2020-06-09,29.75,28.46,30.93,28.44,5.78
2020-06-10,30.05,28.92,31.31,28.89,1.03
2020-06-11,36.02,33.42,36.13,32.12,19.86
2020-06-12,41.41,38.24,42.21,36.23,14.96
2020-06-15,38.41,44.14,45.22,38.2,-7.24
2020-06-16,36.1,35.47,38.15,32.9,-6.03
2020-06-17,35.36,35.04,36.19,33.77,-2.04
2020-06-18,35.05,34.78,37.17,33.95,-0.89
2020-06-19,32.21,33.85,33.94,31.35,-8.08
2020-06-22,33.78,35.31,35.35,33.05,4.86
2020-06-23,31.34,32.33,32.33,30.95,-7.22
2020-06-24,36.81,32.07,36.88,31.81,17.44
2020-06-25,34.68,39.15,39.6,34.45,-5.77
2020-06-26,35.17,33.69,35.68,32.13,1.41
2020-06-29,34.49,35.57,36.58,33.96,-1.94
2020-06-30,31.72,34.03,34.11,31.55,-8.04
2020-07-01,30.13,31.95,32.08,29.77,-5.0
2020-07-02,27.59,28.85,28.97,27.25,-8.42
2020-07-03,28.27,27.47,28.88,27.11,2.45
2020-07-06,27.6,27.71,28.46,27.52,-2.36
2020-07-07,27.93,29.01,29.34,27.92,1.21
2020-07-08,29.57,28.96,29.83,28.11,5.86
2020-07-09,30.45,28.74,30.85,27.67,2.97
2020-07-10,28.43,31.25,31.25,28.37,-6.64
2020-07-13,27.14,28.13,28.72,27.07,-4.55
2020-07-14,28.93,29.55,30.62,28.75,6.61
2020-07-15,27.57,27.48,27.93,26.82,-4.69
2020-07-16,26.81,27.06,27.89,26.53,-2.78
2020-07-17,25.58,26.19,26.78,25.58,-4.59
2020-07-20,24.21,26.07,26.67,24.14,-5.34
2020-07-21,23.49,23.4,23.59,21.84,-2.99
2020-07-22,24.21,23.5,25.15,23.46,3.08
2020-07-23,23.31,23.44,23.83,22.19,-3.71
2020-07-24,25.58,27.06,27.18,25.28,9.71
2020-07-27,25.24,25.97,26.45,24.92,-1.33
2020-07-28,24.4,24.38,25.94,24.3,-3.33
2020-07-29,24.23,24.72,24.86,24.11,-0.68
2020-07-30,28.02,25.18,29.71,25.18,15.65
2020-07-31,26.66,26.7,27.78,25.16,-4.86
2020-08-03,25.76,27.14,27.46,25.42,-3.4
2020-08-04,25.09,25.41,26.4,24.89,-2.6
2020-08-05,23.94,24.03,24.76,23.7,-4.56
2020-08-06,24.94,23.4,25.49,22.89,4.16
2020-08-07,24.2,24.9,25.66,23.75,-2.97
2020-08-10,24.11,24.66,25.24,23.83,-0.35
2020-08-11,23.39,23.33,23.87,22.38,-3.01
2020-08-12,22.47,24.28,24.28,21.92,-3.93
2020-08-13,22.69,22.64,23.27,22.41,1.0
2020-08-14,23.87,23.67,25.86,23.53,5.18
2020-08-17,22.78,24.73,25.14,22.75,-4.54
2020-08-18,23.27,22.97,23.66,21.91,2.13
2020-08-19,21.99,23.03,23.45,21.93,-5.5
2020-08-20,24.04,24.11,25.12,23.19,9.31
2020-08-21,24.34,23.28,26.12,22.92,1.26
2020-08-24,23.11,23.25,23.69,22.85,-5.04
2020-08-25,23.36,22.55,23.49,21.85,1.08
2020-08-26,22.0,22.99,23.25,21.95,-5.81
2020-08-27,23.56,23.5,23.75,22.17,7.08
2020-08-28,25.16,24.25,25.61,23.55,6.79
2020-08-31,26.72,24.19,26.79,24.0,6.21
2020-09-01,27.12,26.11,27.9,25.23,1.49
2020-09-02,26.61,26.48,26.72,25.05,-1.86
2020-09-03,29.01,25.9,29.56,24.85,9.01
2020-09-04,31.71,30.28,33.2,27.86,9.31
2020-09-07,27.92,29.23,29.3,27.57,-11.95
2020-09-08,28.45,27.5,31.35,27.38,1.89
2020-09-09,25.89,27.25,27.52,25.83,-9.0
2020-09-10,25.01,25.78,26.42,24.07,-3.41
2020-09-11,23.72,24.87,25.21,23.5,-5.12
2020-09-14,22.57,23.24,23.98,22.57,-4.88
2020-09-15,22.12,22.51,22.67,21.71,-2.01
2020-09-16,21.99,21.78,22.8,20.78,-0.56
2020-09-17,22.55,23.74,23.86,22.41,2.52
2020-09-18,22.65,22.67,23.33,21.54,0.46
2020-09-21,29.88,25.53,30.15,25.53,31.93
2020-09-22,28.11,28.89,29.03,27.3,-5.93
2020-09-23,27.17,27.51,27.66,26.06,-3.35
2020-09-24,28.34,28.95,29.25,27.59,4.33
2020-09-25,27.81,28.22,29.87,27.66,-1.89
2020-09-28,26.82,27.04,27.23,26.44,-3.54
2020-09-29,26.9,27.55,27.89,26.33,0.29
2020-09-30,26.06,27.16,27.46,25.56,-3.13
2020-10-01,26.54,26.09,26.74,25.66,1.83
2020-10-02,26.82,27.95,28.55,26.73,1.05
2020-10-05,26.28,27.38,27.56,26.21,-2.02
2020-10-06,25.21,25.81,26.21,24.88,-4.05
2020-10-07,24.97,25.31,25.51,24.65,-0.95
2020-10-08,23.98,24.4,24.62,23.8,-3.98
2020-10-09,22.24,23.19,23.47,22.15,-7.27
2020-10-12,22.25,22.63,22.72,21.89,0.07
2020-10-13,22.94,22.83,23.25,22.05,3.09
2020-10-14,23.24,23.03,23.42,22.46,1.32
2020-10-15,26.84,25.09,27.45,25.09,15.49
2020-10-16,25.32,25.45,26.36,24.53,-5.68
2020-10-19,26.62,25.55,26.75,25.3,5.14
2020-10-20,27.63,27.29,27.77,26.47,3.8
2020-10-21,29.45,28.24,29.68,27.96,6.59
2020-10-22,28.99,30.88,30.88,28.79,-1.57
2020-10-23,28.16,28.91,28.91,27.19,-2.87
2020-10-26,31.76,30.92,31.82,29.85,12.78
2020-10-27,32.74,32.54,33.43,31.64,3.1
2020-10-28,38.26,37.59,39.92,35.45,16.86
2020-10-29,37.55,38.0,39.86,36.75,-1.85
2020-10-30,35.35,37.61,38.08,35.25,-5.87
2020-11-02,35.23,36.22,36.32,34.14,-0.32
2020-11-03,32.76,34.07,34.07,32.51,-7.01
2020-11-04,28.0,33.81,33.81,27.35,-14.53
2020-11-05,26.37,26.81,26.81,25.68,-5.82
2020-11-06,25.62,26.35,28.1,25.3,-2.87
2020-11-09,23.86,24.98,25.96,23.48,-6.84
2020-11-10,25.08,24.54,25.49,23.73,5.1
2020-11-11,23.13,24.74,24.97,23.0,-7.79
2020-11-12,23.3,23.94,24.07,23.13,0.76
2020-11-13,23.14,23.9,23.95,22.46,-0.68
2020-11-16,22.38,23.34,24.04,22.38,-3.28
2020-11-17,22.25,22.24,23.16,22.09,-0.59
2020-11-18,20.9,22.47,22.47,20.83,-6.07
2020-11-19,21.97,21.63,22.11,21.12,5.11
2020-11-20,21.44,21.61,21.72,20.78,-2.42
2020-11-23,22.49,21.96,22.58,21.41,4.9
2020-11-24,21.37,21.62,21.76,21.09,-4.99
2020-11-25,20.78,21.26,21.71,20.76,-2.76
2020-11-26,20.23,20.65,20.79,20.15,-2.61
2020-11-27,20.08,20.17,20.27,19.61,-0.77
2020-11-30,22.91,22.18,22.92,21.32,14.12
2020-12-01,21.3,21.76,21.98,20.99,-7.04
2020-12-02,21.69,21.54,22.14,21.17,1.84
2020-12-03,21.32,21.65,22.15,20.97,-1.74
2020-12-04,20.82,21.02,21.37,20.64,-2.34
2020-12-07,21.44,21.93,23.12,21.41,2.96
2020-12-08,20.54,21.24,21.97,20.47,-4.2
2020-12-09,20.02,20.26,20.35,19.47,-2.52
2020-12-10,20.66,20.49,21.89,20.06,3.21
2020-12-11,23.61,21.14,24.62,21.14,14.29
2020-12-14,22.52,22.33,22.82,21.73,-4.63
2020-12-15,21.73,22.81,22.84,21.5,-3.51
2020-12-16,21.14,21.25,21.74,20.28,-2.73
2020-12-17,20.51,20.22,20.58,19.85,-2.97
2020-12-18,21.63,20.71,21.89,19.95,5.44
2020-12-21,27.26,25.49,30.34,25.03,26.08
2020-12-22,25.21,25.66,25.87,24.81,-7.55
2020-12-23,23.15,24.0,24.17,23.11,-8.15
2020-12-28,21.71,23.24,23.24,21.7,-6.25
2020-12-29,22.38,21.55,22.66,21.21,3.12
2020-12-30,23.37,22.54,23.4,22.32,4.41
2021-01-04,24.84,22.99,26.06,22.37,6.3
2021-01-05,25.2,24.91,26.84,24.73,1.44
2021-01-06,21.44,23.96,24.44,21.42,-14.91
2021-01-07,21.02,21.89,22.07,20.78,-1.99
2021-01-08,20.53,20.78,21.05,19.93,-2.32
2021-01-11,21.98,21.28,22.84,21.19,7.07
2021-01-12,21.95,21.68,22.5,21.13,-0.13
2021-01-13,21.09,21.33,22.04,20.93,-3.91
2021-01-14,19.69,19.89,20.2,19.42,-6.64
2021-01-15,22.43,20.56,23.89,20.46,13.92
2021-01-18,21.95,23.13,23.17,21.89,-2.17
2021-01-19,21.75,21.48,21.79,20.86,-0.9
2021-01-20,20.28,21.2,21.28,20.1,-6.77
2021-01-21,19.94,19.41,20.62,19.4,-1.68
2021-01-22,21.32,21.0,23.63,20.99,6.93
2021-01-25,26.01,21.46,26.28,21.15,22.0
2021-01-26,23.1,25.22,25.22,22.5,-11.18
2021-01-27,26.77,23.77,29.24,23.54,15.89
2021-01-28,25.93,29.56,33.03,25.38,-3.14
2021-01-29,29.01,29.46,31.06,26.73,11.88
2021-02-01,27.33,27.97,28.52,26.24,-5.8
2021-02-02,24.02,24.87,25.25,23.67,-12.09
2021-02-03,22.72,22.58,23.11,22.25,-5.42
2021-02-04,21.37,21.88,22.1,21.0,-5.93
2021-02-05,20.64,21.15,21.47,20.39,-3.41
2021-02-08,20.44,20.97,21.23,20.17,-1.0
2021-02-09,21.12,20.63,21.3,20.26,3.36
2021-02-10,22.47,20.94,24.19,20.74,6.37
2021-02-11,21.21,21.88,21.93,21.01,-5.61
2021-02-12,20.06,20.98,22.11,20.02,-5.41
2021-02-15,20.15,20.14,20.68,19.92,0.46
2021-02-16,20.93,20.24,20.98,19.85,3.85
2021-02-17,21.83,21.48,22.05,19.52,4.3
2021-02-18,22.52,20.81,23.4,20.81,3.18
2021-02-19,20.48,22.46,22.51,20.48,-9.05
2021-02-22,21.69,23.49,23.9,21.58,5.9
2021-02-23,23.13,21.44,25.14,21.43,6.63
2021-02-24,21.43,22.71,22.89,21.25,-7.38
2021-02-25,22.1,20.75,22.59,20.45,3.13
2021-02-26,26.86,25.88,28.29,24.65,21.57
2021-03-01,22.16,23.43,23.82,22.0,-17.51
2021-03-02,21.81,21.97,22.52,21.25,-1.56
2021-03-03,21.7,20.68,23.12,20.44,-0.54
2021-03-04,22.09,22.91,23.84,21.84,1.83
2021-03-05,25.08,23.82,25.15,21.78,13.52
2021-03-08,20.9,24.04,24.34,20.84,-16.68
2021-03-09,20.26,21.18,21.39,20.18,-3.04
2021-03-10,19.67,20.34,20.36,19.37,-2.93
2021-03-11,18.88,19.46,19.64,18.86,-3.98
2021-03-12,18.71,19.62,19.89,18.68,-0.93
2021-03-15,18.62,18.43,19.52,18.25,-0.46
2021-03-16,17.55,18.07,18.2,17.29,-5.77
2021-03-17,17.57,17.59,17.91,17.07,0.12
2021-03-18,17.46,17.0,17.74,16.68,-0.62
2021-03-19,18.4,18.55,21.17,18.22,5.34
2021-03-22,17.68,19.65,19.8,17.68,-3.87
2021-03-23,17.6,17.92,17.93,17.21,-0.49
2021-03-24,17.77,18.38,18.57,17.64,0.99
2021-03-25,18.88,18.26,20.17,17.77,6.26
2021-03-26,17.11,17.69,18.5,16.98,-9.38
2021-03-29,18.35,17.98,18.59,17.65,7.22
2021-03-30,18.47,17.91,18.55,17.78,0.68
2021-03-31,17.97,17.96,18.21,17.53,-2.7
2021-04-01,16.9,17.55,17.68,16.79,-6.0
2021-04-06,17.11,17.82,17.82,16.76,1.24
2021-04-07,16.66,16.97,17.16,16.59,-2.58
2021-04-08,16.16,16.28,16.49,16.0,-3.03
2021-04-09,16.18,16.39,16.44,15.95,0.1
2021-04-12,17.05,16.61,17.36,16.6,5.41
2021-04-13,16.31,16.67,17.28,16.04,-4.36
2021-04-14,16.19,16.17,16.29,15.76,-0.73
2021-04-15,15.71,15.37,15.89,15.33,-2.98
2021-04-16,16.11,15.65,16.17,15.56,2.58
2021-04-19,17.21,16.64,17.42,16.47,6.81
2021-04-20,21.08,17.69,21.35,17.56,22.48
2021-04-21,19.28,19.72,21.01,19.15,-8.53
2021-04-22,17.76,18.49,18.51,17.71,-7.91
2021-04-23,18.19,18.66,19.97,18.05,2.43
2021-04-26,18.28,18.64,18.84,18.11,0.53
2021-04-27,19.21,18.41,19.22,17.9,5.08
2021-04-28,18.38,18.57,18.78,17.92,-4.35
2021-04-29,18.88,18.0,19.67,17.4,2.72
2021-04-30,20.63,18.45,20.65,18.34,9.29
2021-05-03,19.93,20.48,21.66,19.55,-3.39
2021-05-04,22.82,19.08,22.98,18.85,14.49
2021-05-05,19.9,20.6,20.73,19.82,-12.77
2021-05-06,20.38,19.17,21.49,19.14,2.38
2021-05-07,18.38,19.77,20.11,18.37,-9.78
2021-05-10,18.5,18.7,19.0,18.29,0.64
2021-05-11,22.56,21.72,23.89,21.15,21.92
2021-05-12,23.94,23.09,23.96,21.95,6.12
2021-05-13,23.35,26.07,28.27,22.27,-2.46
2021-05-14,19.55,21.48,22.03,19.5,-16.29
2021-05-17,21.81,19.66,22.03,19.66,11.56
2021-05-18,21.31,20.22,22.6,19.81,-2.28
2021-05-19,24.48,23.78,27.87,23.09,14.89
2021-05-20,22.1,22.8,24.79,22.05,-9.71
2021-05-21,20.35,21.51,23.12,20.31,-7.92
2021-05-24,19.24,20.75,20.77,19.23,-5.48
2021-05-25,19.08,19.16,19.66,18.64,-0.8
2021-05-26,18.28,18.66,19.26,18.27,-4.19
2021-05-27,17.82,18.41,18.5,17.17,-2.51
2021-05-28,17.17,17.33,17.43,16.69,-3.68
2021-05-31,19.1,17.74,19.1,17.67,11.25
2021-06-01,18.77,18.17,18.8,17.62,-1.7
2021-06-02,17.85,18.57,19.2,17.83,-4.92
2021-06-03,18.24,18.27,19.94,18.09,2.22
2021-06-04,17.38,18.61,18.9,17.26,-4.76
2021-06-07,17.71,18.42,18.46,17.28,1.93
2021-06-08,17.72,17.43,18.08,17.03,0.08
2021-06-09,17.23,17.67,18.16,17.19,-2.78
2021-06-10,16.66,18.02,18.57,16.65,-3.34
2021-06-11,15.15,16.25,16.28,15.14,-9.04
2021-06-14,16.05,15.48,16.1,15.31,5.93
2021-06-15,16.41,15.75,16.55,15.62,2.22
2021-06-16,16.18,16.36,16.93,15.99,-1.39
2021-06-17,17.08,17.35,17.82,16.41,5.58
2021-06-18,20.76,16.84,20.78,16.69,21.56
2021-06-21,19.48,22.99,22.99,19.33,-6.16
2021-06-22,17.57,19.59,19.73,17.39,-9.81
2021-06-23,18.55,17.35,18.82,17.2,5.55
2021-06-24,17.35,17.6,18.03,16.93,-6.45
2021-06-25,16.68,17.49,17.77,16.59,-3.86
2021-06-28,17.65,17.21,17.92,16.8,5.77
2021-06-29,16.95,17.09,17.34,16.84,-3.94
2021-06-30,18.18,17.34,19.51,17.23,7.29
2021-07-01,17.73,17.39,18.98,16.96,-2.52
2021-07-02,16.57,17.61,17.75,16.23,-6.5
2021-07-05,16.75,17.73,17.97,16.51,1.08
2021-07-06,18.13,17.17,18.43,16.49,8.18
2021-07-07,17.32,17.13,18.02,16.85,-4.46
2021-07-08,19.97,18.95,21.97,18.95,15.29
2021-07-09,17.95,18.71,19.1,17.85,-10.09
2021-07-12,17.95,18.21,19.41,17.9,0.0
2021-07-13,18.0,18.25,18.25,17.56,0.26
2021-07-14,17.68,18.47,18.88,17.28,-1.75
2021-07-15,18.64,17.23,19.26,17.0,5.42
2021-07-16,19.45,17.91,19.79,17.61,4.35
2021-07-19,25.44,22.24,26.69,21.9,30.75
2021-07-20,24.49,22.85,26.31,22.67,-3.71
2021-07-21,21.52,23.05,23.53,21.23,-12.12
2021-07-22,19.91,20.27,20.49,18.82,-7.48
2021-07-23,17.55,19.26,19.31,17.54,-11.85
2021-07-26,18.53,19.43,20.4,18.5,5.58
2021-07-27,21.36,19.81,21.42,19.25,15.24
2021-07-28,19.48,21.15,21.25,19.46,-8.78
2021-07-29,19.26,18.73,19.33,18.43,-1.16
2021-07-30,20.94,21.47,21.47,19.64,8.74
2021-08-02,19.84,19.75,21.4,19.68,-5.25
2021-08-03,20.22,20.41,21.05,19.33,1.93
2021-08-04,19.21,19.36,20.0,18.91,-5.0
2021-08-05,18.25,18.79,18.9,18.21,-5.02
2021-08-06,17.89,18.51,18.55,17.41,-1.98
2021-08-09,17.55,18.35,18.63,17.52,-1.89
2021-08-10,17.28,17.21,17.35,16.94,-1.57
2021-08-11,17.04,17.12,17.6,16.71,-1.37
2021-08-12,16.11,16.93,16.99,15.94,-5.46
2021-08-13,15.8,16.07,16.2,15.63,-1.91
2021-08-16,18.0,17.17,18.84,17.11,13.94
2021-08-17,18.39,19.2,19.2,18.12,2.15
2021-08-18,18.47,18.58,19.25,18.29,0.44
2021-08-19,22.13,21.08,25.16,21.07,19.81
2021-08-20,20.15,22.25,23.66,20.01,-8.94
2021-08-23,17.89,18.92,19.52,17.8,-11.2
2021-08-24,18.09,17.49,18.63,17.4,1.12
2021-08-25,17.83,17.95,18.08,17.66,-1.46
2021-08-26,19.09,19.53,20.01,18.54,7.09
2021-08-27,17.6,19.24,19.43,17.41,-7.82
2021-08-30,17.5,18.01,18.09,17.4,-0.58
2021-08-31,18.77,17.35,19.18,17.33,7.24
2021-09-01,17.47,17.4,18.17,16.93,-6.91
2021-09-02,16.97,17.37,17.55,16.85,-2.84
2021-09-03,18.19,17.42,19.1,16.94,7.19
2021-09-06,17.56,17.78,17.78,17.15,-3.5
2021-09-07,18.6,17.68,18.85,17.6,5.95
2021-09-08,20.49,20.58,21.34,19.32,10.18
2021-09-09,19.64,21.64,21.93,18.92,-4.16
2021-09-10,20.36,19.2,20.86,18.64,3.64
2021-09-13,20.74,20.28,21.07,19.74,1.9
2021-09-14,20.46,20.88,21.4,19.64,-1.35
2021-09-15,21.69,20.32,21.87,19.89,6.02
2021-09-16,21.65,20.53,21.78,20.09,-0.2
2021-09-17,23.17,20.1,23.24,19.53,7.0
2021-09-20,26.47,27.41,28.63,26.19,14.26
2021-09-21,25.51,25.11,26.16,23.88,-3.63
2021-09-22,22.81,23.47,24.44,22.58,-10.59
2021-09-23,20.62,21.24,21.9,20.04,-9.57
2021-09-24,21.85,21.68,22.55,21.24,5.93
2021-09-27,20.83,21.02,21.8,20.27,-4.63
2021-09-28,24.89,22.05,25.61,21.99,19.48
2021-09-29,23.96,23.47,25.16,22.7,-3.76
2021-09-30,23.24,23.51,24.66,22.42,-2.99
2021-10-01,24.04,25.69,26.39,23.53,3.43
2021-10-04,25.19,24.59,25.8,23.36,4.77
2021-10-05,22.23,24.12,24.55,22.05,-11.75
2021-10-06,24.33,24.71,26.07,23.7,9.48
2021-10-07,21.02,22.23,22.47,20.68,-13.61
2021-10-08,20.28,20.95,21.41,19.86,-3.52
2021-10-11,20.18,21.39,22.23,20.13,-0.5
2021-10-12,20.74,21.32,21.88,20.42,2.8
2021-10-13,19.84,21.15,21.22,19.35,-4.35
2021-10-14,16.99,18.3,18.6,16.94,-14.36
2021-10-15,16.35,16.31,17.15,16.09,-3.79
2021-10-18,17.13,18.28,18.84,17.01,4.79
2021-10-19,16.29,17.34,17.4,16.23,-4.92
2021-10-20,15.98,16.6,16.63,15.68,-1.91
2021-10-21,16.75,16.83,16.92,16.39,4.83
2021-10-22,16.4,16.68,16.72,15.77,-2.09
2021-10-25,16.28,17.31,17.38,16.25,-0.73
2021-10-26,16.15,16.1,16.25,15.66,-0.8
2021-10-27,16.92,16.62,17.59,16.52,4.76
2021-10-28,17.61,17.39,17.79,16.94,4.08
2021-10-29,17.62,18.53,19.99,17.53,0.04
2021-11-01,17.5,17.71,18.32,17.49,-0.68
2021-11-02,16.86,17.69,17.91,16.85,-3.65
2021-11-03,16.47,16.98,17.01,16.45,-2.29
2021-11-04,15.97,15.59,16.08,15.47,-3.03
2021-11-05,16.4,15.91,16.42,15.71,2.7
2021-11-08,17.2,17.43,17.45,16.72,4.85
2021-11-09,18.06,17.41,18.17,16.92,5.02
2021-11-10,17.18,17.66,18.42,17.18,-4.9
2021-11-11,17.09,17.5,17.65,17.03,-0.5
2021-11-12,16.14,16.93,17.25,16.13,-5.53
2021-11-15,16.65,16.65,16.95,16.38,3.13
2021-11-16,16.8,16.62,17.03,16.59,0.89
2021-11-17,16.68,16.7,16.79,15.98,-0.69
2021-11-18,17.77,16.77,18.35,16.55,6.52
2021-11-19,19.12,17.65,20.66,17.43,7.58
2021-11-22,18.88,19.05,19.88,18.63,-1.21
2021-11-23,20.64,21.28,22.27,19.57,9.3
2021-11-24,20.67,20.39,22.55,19.76,0.12
2021-11-25,19.88,19.89,20.3,19.71,-3.81
2021-11-26,32.31,29.09,32.5,26.66,62.56
2021-11-29,28.8,31.29,31.29,27.61,-10.86
2021-11-30,30.07,30.18,33.08,27.75,4.39
2021-12-01,26.02,28.59,28.59,25.76,-13.47
2021-12-02,30.47,28.8,31.58,27.57,17.11
2021-12-03,31.48,28.99,32.52,27.97,3.32
2021-12-06,30.04,31.87,31.9,29.45,-4.57
2021-12-07,24.87,28.77,28.77,24.75,-17.2
2021-12-08,24.71,23.87,25.71,23.44,-0.66
2021-12-09,23.52,23.9,24.12,22.84,-4.82
2021-12-10,22.43,24.4,24.51,21.57,-4.63
2021-12-13,23.02,22.2,23.59,21.06,2.64
2021-12-14,24.42,21.58,24.91,21.57,6.08
2021-12-15,24.74,23.54,24.9,23.37,1.33
2021-12-16,20.61,19.94,21.22,19.49,-16.69
2021-12-17,21.98,21.68,23.34,21.26,6.66
2021-12-20,26.83,28.37,29.57,25.52,22.06
2021-12-21,22.83,24.22,24.84,22.76,-14.91
2021-12-22,21.04,22.33,22.81,21.02,-7.84
2021-12-23,19.04,20.18,20.66,18.84,-9.53
2021-12-27,19.66,20.55,21.0,19.66,3.28
2021-12-28,19.07,19.8,19.81,18.85,-2.99
2021-12-29,20.18,19.15,20.57,18.77,5.82
2021-12-30,19.27,19.56,19.61,18.66,-4.54
2021-12-31,19.27,19.27,19.27,19.27,0.0
