"날짜","종가","시가","고가","저가","거래량","변동 %"
"2022- 12- 30","103.52","103.95","104.10","103.39","","-0.30%"
"2022- 12- 29","103.84","104.37","104.45","103.78","","-0.60%"
"2022- 12- 28","104.46","104.33","104.56","103.85","","0.27%"
"2022- 12- 27","104.18","104.12","104.40","103.89","","-0.14%"
"2022- 12- 25","104.32","104.32","104.32","104.32","","0.01%"
"2022- 12- 23","104.31","104.39","104.54","104.12","","-0.11%"
"2022- 12- 22","104.43","104.22","104.60","103.75","","0.26%"
"2022- 12- 21","104.16","103.95","104.38","103.85","","0.19%"
"2022- 12- 20","103.96","104.73","104.79","103.78","","-0.72%"
"2022- 12- 19","104.72","104.84","104.93","104.13","","0.02%"
"2022- 12- 16","104.70","104.45","104.84","104.21","","0.14%"
"2022- 12- 15","104.56","103.67","104.88","103.54","","0.76%"
"2022- 12- 14","103.77","104.07","104.16","103.45","","-0.20%"
"2022- 12- 13","103.98","104.99","105.10","103.59","","-1.09%"
"2022- 12- 12","105.13","104.93","105.25","104.67","","0.31%"
"2022- 12- 09","104.81","104.86","105.14","104.48","","0.03%"
"2022- 12- 08","104.77","105.20","105.43","104.72","","-0.31%"
"2022- 12- 07","105.10","105.63","105.82","104.88","","-0.45%"
"2022- 12- 06","105.58","105.16","105.63","104.89","","0.27%"
"2022- 12- 05","105.29","104.51","105.40","104.11","","0.71%"
"2022- 12- 02","104.54","104.82","105.58","104.38","","-0.17%"
"2022- 12- 01","104.73","105.70","105.90","104.66","","-1.15%"
"2022- 11- 30","105.95","106.72","107.19","105.78","","-0.82%"
"2022- 11- 29","106.82","106.57","106.88","106.06","","0.13%"
"2022- 11- 28","106.68","106.06","106.75","105.32","","0.68%"
"2022- 11- 25","105.96","105.96","106.42","105.69","","0.13%"
"2022- 11- 24","105.82","105.99","106.08","105.63","","-0.24%"
"2022- 11- 23","106.08","107.08","107.22","106.03","","-1.07%"
"2022- 11- 22","107.22","107.70","107.75","107.12","","-0.57%"
"2022- 11- 21","107.83","106.97","107.99","106.89","","0.85%"
"2022- 11- 18","106.93","106.69","107.04","106.34","","0.22%"
"2022- 11- 17","106.69","106.27","107.24","106.10","","0.39%"
"2022- 11- 16","106.28","106.58","106.78","105.86","","-0.12%"
"2022- 11- 15","106.40","107.00","107.10","105.34","","-0.24%"
"2022- 11- 14","106.66","106.42","107.27","106.48","","0.35%"
"2022- 11- 11","106.29","108.24","108.44","106.28","","-1.77%"
"2022- 11- 10","108.21","110.30","110.99","107.71","","-2.12%"
"2022- 11- 09","110.55","109.65","110.64","109.45","","0.83%"
"2022- 11- 08","109.64","110.06","110.61","109.37","","-0.44%"
"2022- 11- 07","110.12","110.79","111.27","110.05","","-0.68%"
"2022- 11- 04","110.88","112.97","112.99","110.71","","-1.82%"
"2022- 11- 03","112.93","112.17","113.15","111.82","","1.42%"
"2022- 11- 02","111.35","111.54","112.15","110.43","","-0.12%"
"2022- 11- 01","111.48","111.52","111.78","110.72","","-0.04%"
"2022- 10- 31","111.53","110.67","111.67","110.72","","0.70%"
"2022- 10- 28","110.75","110.50","111.04","110.29","","0.15%"
"2022- 10- 27","110.59","109.62","110.62","109.54","","0.81%"
"2022- 10- 26","109.70","110.96","111.14","109.63","","-1.13%"
"2022- 10- 25","110.95","111.82","112.13","110.76","","-0.93%"
"2022- 10- 24","111.99","111.88","112.53","111.47","","-0.02%"
"2022- 10- 21","112.01","112.94","113.94","111.70","","-0.77%"
"2022- 10- 20","112.88","112.99","113.09","112.17","","-0.09%"
"2022- 10- 19","112.98","111.91","113.10","111.92","","0.76%"
"2022- 10- 18","112.13","112.07","112.46","111.77","","0.08%"
"2022- 10- 17","112.04","113.22","113.22","111.92","","-1.12%"
"2022- 10- 14","113.31","112.47","113.42","112.16","","0.84%"
"2022- 10- 13","112.36","113.24","113.92","112.15","","-0.84%"
"2022- 10- 12","113.32","113.31","113.59","113.05","","0.09%"
"2022- 10- 11","113.22","113.08","113.50","112.41","","0.07%"
"2022- 10- 10","113.14","112.75","113.33","112.62","","0.31%"
"2022- 10- 07","112.79","112.25","112.88","111.95","","0.48%"
"2022- 10- 06","112.26","111.02","112.31","110.78","","1.07%"
"2022- 10- 05","111.07","110.22","111.74","110.09","","0.92%"
"2022- 10- 04","110.07","111.59","111.89","110.06","","-1.50%"
"2022- 10- 03","111.75","112.17","112.54","111.47","","-0.33%"
"2022- 09- 30","112.12","111.75","112.67","111.58","","-0.12%"
"2022- 09- 29","112.25","113.01","113.79","111.77","","-0.31%"
"2022- 09- 28","112.60","114.18","114.78","112.56","","-1.32%"
"2022- 09- 27","114.11","114.02","114.47","113.33","","0.00%"
"2022- 09- 26","114.10","113.02","114.53","112.94","","0.80%"
"2022- 09- 23","113.19","111.24","113.23","111.08","","1.65%"
"2022- 09- 22","111.35","111.48","111.81","110.46","","0.64%"
"2022- 09- 21","110.64","110.16","111.58","110.13","","0.39%"
"2022- 09- 20","110.21","109.58","110.29","109.36","","0.44%"
"2022- 09- 19","109.74","109.64","110.18","109.49","","-0.02%"
"2022- 09- 16","109.76","109.80","110.26","109.47","","0.02%"
"2022- 09- 15","109.74","109.61","109.92","109.42","","0.07%"
"2022- 09- 14","109.66","109.97","109.93","109.28","","-0.14%"
"2022- 09- 13","109.82","108.23","110.01","107.68","","1.37%"
"2022- 09- 12","108.33","108.60","108.86","107.81","","-0.62%"
"2022- 09- 09","109.00","109.57","109.54","108.36","","-0.64%"
"2022- 09- 08","109.71","109.67","110.24","109.33","","-0.12%"
"2022- 09- 07","109.84","110.32","110.79","109.53","","-0.34%"
"2022- 09- 06","110.21","109.60","110.55","109.38","","0.35%"
"2022- 09- 05","109.83","109.61","110.27","109.72","","0.27%"
"2022- 09- 02","109.53","109.64","109.72","108.93","","-0.14%"
"2022- 09- 01","109.69","108.84","109.98","108.77","","0.91%"
"2022- 08- 31","108.70","108.75","109.20","108.38","","-0.07%"
"2022- 08- 30","108.77","108.70","109.11","108.29","","-0.06%"
"2022- 08- 29","108.83","108.84","109.48","108.49","","0.03%"
"2022- 08- 26","108.80","108.47","108.87","107.59","","0.31%"
"2022- 08- 25","108.47","108.63","108.69","107.99","","-0.19%"
"2022- 08- 24","108.68","108.52","109.11","108.36","","0.05%"
"2022- 08- 23","108.62","109.00","109.27","108.08","","-0.39%"
"2022- 08- 22","109.05","108.10","109.10","108.08","","0.81%"
"2022- 08- 19","108.17","107.50","108.21","107.47","","0.64%"
"2022- 08- 18","107.48","106.68","107.56","106.50","","0.85%"
"2022- 08- 17","106.57","106.45","106.89","106.31","","0.07%"
"2022- 08- 16","106.50","106.48","106.94","106.32","","-0.04%"
"2022- 08- 15","106.55","105.67","106.55","105.55","","0.87%"
"2022- 08- 12","105.63","105.16","105.88","105.09","","0.51%"
"2022- 08- 11","105.09","105.21","105.46","104.65","","-0.10%"
"2022- 08- 10","105.20","106.34","106.40","104.64","","-1.11%"
"2022- 08- 09","106.37","106.33","106.41","105.97","","-0.06%"
"2022- 08- 08","106.43","106.58","106.80","106.09","","-0.17%"
"2022- 08- 05","106.62","105.72","106.93","105.69","","0.88%"
"2022- 08- 04","105.69","106.48","106.51","105.67","","-0.76%"
"2022- 08- 03","106.51","106.43","106.82","105.97","","0.25%"
"2022- 08- 02","106.24","105.36","106.35","105.05","","0.75%"
"2022- 08- 01","105.45","105.83","106.03","105.24","","-0.43%"
"2022- 07- 29","105.90","106.21","106.66","105.54","","-0.42%"
"2022- 07- 28","106.35","106.37","106.97","106.06","","-0.09%"
"2022- 07- 27","106.45","107.13","107.43","106.26","","-0.69%"
"2022- 07- 26","107.19","106.45","107.28","106.20","","0.66%"
"2022- 07- 25","106.48","106.54","106.88","106.19","","-0.23%"
"2022- 07- 22","106.73","106.59","107.36","106.11","","-0.17%"
"2022- 07- 21","106.91","107.08","107.32","106.42","","-0.16%"
"2022- 07- 20","107.08","106.67","107.25","106.39","","0.37%"
"2022- 07- 19","106.68","107.49","107.63","106.40","","-0.64%"
"2022- 07- 18","107.37","107.98","108.04","106.89","","-0.64%"
"2022- 07- 15","108.06","108.67","108.71","107.91","","-0.44%"
"2022- 07- 14","108.54","108.14","109.29","108.14","","0.54%"
"2022- 07- 13","107.96","108.18","108.58","107.48","","-0.11%"
"2022- 07- 12","108.07","108.18","108.56","107.84","","0.05%"
"2022- 07- 11","108.02","106.89","108.27","106.92","","0.95%"
"2022- 07- 08","107.01","107.04","107.79","106.81","","-0.11%"
"2022- 07- 07","107.13","107.07","107.24","106.71","","0.03%"
"2022- 07- 06","107.10","106.49","107.26","106.36","","0.53%"
"2022- 07- 05","106.54","105.14","106.79","105.05","","1.33%"
"2022- 07- 04","105.14","105.12","105.25","104.82","","0.00%"
"2022- 07- 01","105.14","104.78","105.64","104.74","","0.43%"
"2022- 06- 30","104.68","105.06","105.54","104.64","","-0.40%"
"2022- 06- 29","105.11","104.46","105.15","104.36","","0.57%"
"2022- 06- 28","104.51","103.97","104.61","103.77","","0.55%"
"2022- 06- 27","103.94","104.12","104.21","103.67","","-0.24%"
"2022- 06- 24","104.18","104.38","104.51","103.95","","-0.24%"
"2022- 06- 23","104.43","104.21","104.77","104.06","","0.22%"
"2022- 06- 22","104.20","104.43","104.95","103.86","","-0.23%"
"2022- 06- 21","104.43","104.44","104.54","103.94","","-0.25%"
"2022- 06- 20","104.70","104.65","104.82","104.23","","0.00%"
"2022- 06- 17","104.70","103.88","105.08","103.83","","1.03%"
"2022- 06- 16","103.63","104.90","105.49","103.42","","-1.45%"
"2022- 06- 15","105.16","105.35","105.79","104.66","","-0.34%"
"2022- 06- 14","105.52","105.19","105.65","104.62","","0.42%"
"2022- 06- 13","105.08","104.19","105.29","104.21","","0.89%"
"2022- 06- 10","104.15","103.34","104.23","103.05","","0.90%"
"2022- 06- 09","103.22","102.56","103.37","102.15","","0.66%"
"2022- 06- 08","102.54","102.39","102.78","102.27","","0.22%"
"2022- 06- 07","102.32","102.49","102.84","102.26","","-0.12%"
"2022- 06- 06","102.44","102.17","102.47","101.85","","0.29%"
"2022- 06- 03","102.14","101.75","102.22","101.64","","0.31%"
"2022- 06- 02","101.82","102.55","102.62","101.74","","-0.66%"
"2022- 06- 01","102.50","101.76","102.73","101.74","","0.73%"
"2022- 05- 31","101.75","101.43","102.17","101.41","","0.08%"
"2022- 05- 30","101.67","101.64","101.72","101.30","","0.00%"
"2022- 05- 27","101.67","101.72","101.94","101.43","","-0.16%"
"2022- 05- 26","101.83","102.02","102.27","101.74","","-0.22%"
"2022- 05- 25","102.06","101.77","102.45","101.73","","0.20%"
"2022- 05- 24","101.86","102.11","102.32","101.65","","-0.21%"
"2022- 05- 23","102.08","103.03","103.05","102.04","","-1.04%"
"2022- 05- 20","103.15","102.90","103.26","102.77","","0.41%"
"2022- 05- 19","102.72","103.83","103.88","102.66","","-1.05%"
"2022- 05- 18","103.81","103.34","103.93","103.19","","0.44%"
"2022- 05- 17","103.36","104.17","104.23","103.23","","-0.79%"
"2022- 05- 16","104.19","104.46","104.64","104.14","","-0.36%"
"2022- 05- 13","104.56","104.77","105.00","104.46","","-0.27%"
"2022- 05- 12","104.85","104.01","104.93","103.88","","0.97%"
"2022- 05- 11","103.85","103.90","104.11","103.37","","-0.07%"
"2022- 05- 10","103.92","103.73","103.98","103.50","","0.26%"
"2022- 05- 09","103.65","103.66","104.19","103.39","","-0.01%"
"2022- 05- 06","103.66","103.56","104.06","103.19","","-0.09%"
"2022- 05- 05","103.75","102.68","103.94","102.35","","1.14%"
"2022- 05- 04","102.59","103.46","103.61","102.46","","-0.85%"
"2022- 05- 03","103.46","103.60","103.67","103.03","","-0.27%"
"2022- 05- 02","103.74","103.21","103.75","103.11","","0.76%"
"2022- 04- 29","102.96","103.67","103.67","102.82","","-0.64%"
"2022- 04- 28","103.62","103.04","103.93","102.98","","0.65%"
"2022- 04- 27","102.95","102.28","103.28","102.22","","0.64%"
"2022- 04- 26","102.30","101.73","102.36","101.51","","0.54%"
"2022- 04- 25","101.75","101.12","101.86","101.04","","0.53%"
"2022- 04- 22","101.22","100.62","101.33","100.47","","0.64%"
"2022- 04- 21","100.58","100.35","100.64","99.82","","0.19%"
"2022- 04- 20","100.39","100.98","101.04","100.22","","-0.57%"
"2022- 04- 19","100.96","100.83","101.03","100.70","","0.18%"
"2022- 04- 18","100.78","100.50","100.86","100.46","","0.46%"
"2022- 04- 15","100.32","100.42","100.57","100.32","","0.00%"
"2022- 04- 14","100.32","99.79","100.76","99.57","","0.45%"
"2022- 04- 13","99.88","100.34","100.52","99.83","","-0.42%"
"2022- 04- 12","100.29","100.04","100.33","99.74","","0.36%"
"2022- 04- 11","99.93","99.84","100.05","99.61","","0.14%"
"2022- 04- 08","99.80","99.82","100.19","99.74","","0.05%"
"2022- 04- 07","99.75","99.65","99.83","99.40","","0.15%"
"2022- 04- 06","99.60","99.47","99.77","99.31","","0.13%"
"2022- 04- 05","99.47","99.00","99.52","98.84","","0.48%"
"2022- 04- 04","99.00","98.57","99.08","98.52","","0.37%"
"2022- 04- 01","98.63","98.33","98.74","98.31","","0.33%"
"2022- 03- 31","98.31","97.83","98.40","97.69","","0.53%"
"2022- 03- 30","97.79","98.37","98.43","97.68","","-0.62%"
"2022- 03- 29","98.40","99.08","99.29","98.04","","-0.69%"
"2022- 03- 28","99.09","98.81","99.37","98.80","","0.31%"
"2022- 03- 25","98.79","98.75","98.83","98.40","","0.00%"
"2022- 03- 24","98.79","98.64","98.96","98.60","","0.17%"
"2022- 03- 23","98.62","98.47","98.88","98.39","","0.13%"
"2022- 03- 22","98.49","98.49","98.96","98.32","","-0.01%"
"2022- 03- 21","98.50","98.24","98.53","98.16","","0.27%"
"2022- 03- 18","98.23","98.00","98.62","97.84","","0.26%"
"2022- 03- 17","97.97","98.50","98.51","97.73","","-0.65%"
"2022- 03- 16","98.62","98.89","99.08","98.29","","-0.48%"
"2022- 03- 15","99.10","99.13","99.20","98.64","","0.10%"
"2022- 03- 14","99.00","99.13","99.29","98.68","","-0.13%"
"2022- 03- 11","99.12","98.36","99.16","98.27","","0.63%"
"2022- 03- 10","98.51","98.06","98.60","97.71","","0.55%"
"2022- 03- 09","97.97","99.12","99.12","97.85","","-1.10%"
"2022- 03- 08","99.06","99.24","99.32","98.71","","-0.23%"
"2022- 03- 07","99.29","98.51","99.42","98.51","","0.65%"
"2022- 03- 04","98.65","98.04","98.92","97.84","","0.88%"
"2022- 03- 03","97.79","97.47","97.95","97.43","","0.41%"
"2022- 03- 02","97.39","97.37","97.83","97.29","","-0.02%"
"2022- 03- 01","97.41","96.76","97.58","96.63","","0.73%"
"2022- 02- 28","96.71","96.54","97.42","96.54","","0.10%"
"2022- 02- 25","96.61","97.00","97.22","96.52","","-0.54%"
"2022- 02- 24","97.14","96.22","97.74","96.22","","0.98%"
"2022- 02- 23","96.19","96.04","96.24","95.85","","0.17%"
"2022- 02- 22","96.03","96.08","96.26","95.84","","-0.06%"
"2022- 02- 21","96.08","96.11","96.15","95.69","","0.04%"
"2022- 02- 18","96.04","95.83","96.17","95.73","","0.25%"
"2022- 02- 17","95.80","95.77","96.11","95.71","","0.10%"
"2022- 02- 16","95.70","96.01","96.06","95.68","","-0.30%"
"2022- 02- 15","95.99","96.24","96.29","95.96","","-0.40%"
"2022- 02- 14","96.37","96.03","96.43","95.91","","0.30%"
"2022- 02- 11","96.08","95.94","96.11","95.64","","0.55%"
"2022- 02- 10","95.55","95.57","96.00","95.17","","0.06%"
"2022- 02- 09","95.49","95.59","95.67","95.38","","-0.16%"
"2022- 02- 08","95.64","95.43","95.75","95.40","","0.26%"
"2022- 02- 07","95.40","95.48","95.63","95.35","","-0.09%"
"2022- 02- 04","95.49","95.31","95.70","95.14","","0.11%"
"2022- 02- 03","95.38","96.02","96.25","95.24","","-0.58%"
"2022- 02- 02","95.94","96.27","96.30","95.81","","-0.47%"
"2022- 02- 01","96.39","96.70","96.72","96.24","","-0.16%"
"2022- 01- 31","96.54","97.22","97.30","96.52","","-0.75%"
"2022- 01- 28","97.27","97.25","97.44","97.06","","0.02%"
"2022- 01- 27","97.25","96.54","97.29","96.53","","0.90%"
"2022- 01- 26","96.39","95.96","96.54","95.91","","0.46%"
"2022- 01- 25","95.95","95.93","96.27","95.90","","0.03%"
"2022- 01- 24","95.92","95.64","96.13","95.63","","0.29%"
"2022- 01- 21","95.64","95.81","95.84","95.50","","-0.10%"
"2022- 01- 20","95.74","95.59","95.86","95.42","","0.24%"
"2022- 01- 19","95.51","95.77","95.79","95.49","","-0.23%"
"2022- 01- 18","95.73","95.22","95.83","95.13","","0.50%"
"2022- 01- 17","95.26","95.17","95.35","95.04","","0.10%"
"2022- 01- 14","95.17","94.87","95.27","94.63","","0.40%"
"2022- 01- 13","94.79","94.99","95.02","94.66","","-0.13%"
"2022- 01- 12","94.92","95.58","95.69","94.91","","-0.74%"
"2022- 01- 11","95.62","95.93","96.07","95.58","","-0.38%"
"2022- 01- 10","95.99","95.74","96.23","95.74","","0.28%"
"2022- 01- 07","95.72","96.26","96.29","95.71","","-0.62%"
"2022- 01- 06","96.32","96.20","96.39","96.04","","0.15%"
"2022- 01- 05","96.17","96.31","96.33","95.89","","-0.09%"
"2022- 01- 04","96.26","96.19","96.46","96.03","","0.05%"
"2022- 01- 03","96.21","95.67","96.33","95.63","","0.26%"
"2021- 12- 31","95.97","95.99","96.11","95.57","","0.00%"
"2021- 12- 30","95.97","95.89","96.22","95.86","","0.04%"
"2021- 12- 29","95.93","96.15","96.39","95.76","","-0.28%"
"2021- 12- 28","96.20","96.07","96.28","96.00","","0.11%"
"2021- 12- 27","96.09","96.15","96.26","96.05","","0.08%"
"2021- 12- 23","96.02","96.03","96.28","95.99","","-0.06%"
"2021- 12- 22","96.08","96.47","96.60","96.02","","-0.43%"
"2021- 12- 21","96.49","96.54","96.64","96.34","","-0.06%"
"2021- 12- 20","96.55","96.67","96.69","96.33","","-0.01%"
"2021- 12- 17","96.57","96.00","96.69","95.88","","0.54%"
"2021- 12- 16","96.04","96.43","96.45","95.85","","-0.49%"
"2021- 12- 15","96.51","96.55","96.91","96.30","","-0.06%"
"2021- 12- 14","96.57","96.35","96.59","96.10","","0.26%"
"2021- 12- 13","96.32","96.05","96.44","96.05","","0.23%"
"2021- 12- 10","96.10","96.21","96.43","95.98","","-0.18%"
"2021- 12- 09","96.27","95.96","96.34","95.96","","0.39%"
"2021- 12- 08","95.89","96.26","96.38","95.85","","-0.49%"
"2021- 12- 07","96.37","96.30","96.59","96.17","","0.04%"
"2021- 12- 06","96.33","96.15","96.43","96.13","","0.22%"
"2021- 12- 03","96.12","96.12","96.45","95.97","","-0.04%"
"2021- 12- 02","96.16","96.07","96.18","95.83","","0.13%"
"2021- 12- 01","96.03","95.94","96.14","95.67","","0.04%"
"2021- 11- 30","95.99","96.22","96.64","95.52","","-0.36%"
"2021- 11- 29","96.34","96.07","96.44","96.07","","0.26%"
"2021- 11- 26","96.09","96.72","96.77","95.75","","-0.71%"
"2021- 11- 25","96.77","96.81","96.82","96.65","","-0.10%"
"2021- 11- 24","96.88","96.53","96.94","96.43","","0.40%"
"2021- 11- 23","96.49","96.46","96.61","96.31","","-0.06%"
"2021- 11- 22","96.55","96.07","96.55","96.04","","0.54%"
"2021- 11- 19","96.03","95.58","96.24","95.58","","0.51%"
"2021- 11- 18","95.54","95.80","95.84","95.52","","-0.30%"
"2021- 11- 17","95.83","95.94","96.24","95.73","","-0.09%"
"2021- 11- 16","95.92","95.47","95.98","95.40","","0.53%"
"2021- 11- 15","95.41","95.12","95.60","94.97","","0.29%"
"2021- 11- 12","95.13","95.18","95.26","95.00","","-0.05%"
"2021- 11- 11","95.18","94.84","95.20","94.84","","0.35%"
"2021- 11- 10","94.85","93.98","94.90","93.97","","0.95%"
"2021- 11- 09","93.96","94.09","94.15","93.88","","-0.10%"
"2021- 11- 08","94.05","94.25","94.38","93.99","","-0.29%"
"2021- 11- 05","94.32","94.34","94.62","94.19","","-0.03%"
"2021- 11- 04","94.35","93.86","94.47","93.82","","0.51%"
"2021- 11- 03","93.86","94.12","94.21","93.82","","-0.24%"
"2021- 11- 02","94.09","93.93","94.13","93.82","","0.22%"
"2021- 11- 01","93.88","94.13","94.31","93.86","","-0.26%"
"2021- 10- 29","94.12","93.36","94.30","93.32","","0.83%"
"2021- 10- 28","93.35","93.88","93.97","93.28","","-0.49%"
"2021- 10- 27","93.80","93.97","94.01","93.69","","-0.16%"
"2021- 10- 26","93.95","93.84","94.02","93.71","","0.14%"
"2021- 10- 25","93.81","93.66","93.96","93.48","","0.18%"
"2021- 10- 22","93.64","93.75","93.79","93.54","","-0.14%"
"2021- 10- 21","93.77","93.58","93.79","93.50","","0.23%"
"2021- 10- 20","93.56","93.81","93.88","93.54","","-0.19%"
"2021- 10- 19","93.73","93.95","93.95","93.50","","-0.23%"
"2021- 10- 18","93.95","93.95","94.17","93.87","","0.02%"
"2021- 10- 15","93.94","94.03","94.07","93.85","","-0.02%"
"2021- 10- 14","93.96","94.02","94.09","93.76","","-0.13%"
"2021- 10- 13","94.08","94.52","94.53","94.00","","-0.46%"
"2021- 10- 12","94.52","94.37","94.56","94.23","","0.21%"
"2021- 10- 11","94.32","94.10","94.40","94.03","","0.26%"
"2021- 10- 08","94.07","94.21","94.34","93.94","","-0.16%"
"2021- 10- 07","94.22","94.23","94.28","94.08","","-0.05%"
"2021- 10- 06","94.27","93.99","94.45","93.98","","0.31%"
"2021- 10- 05","93.97","93.83","94.07","93.81","","0.21%"
"2021- 10- 04","93.78","94.07","94.10","93.68","","-0.28%"
"2021- 10- 01","94.04","94.31","94.39","93.99","","-0.21%"
"2021- 09- 30","94.23","94.35","94.50","94.11","","-0.11%"
"2021- 09- 29","94.34","93.72","94.43","93.67","","0.61%"
"2021- 09- 28","93.77","93.41","93.81","93.36","","0.41%"
"2021- 09- 27","93.38","93.28","93.49","93.21","","0.06%"
"2021- 09- 24","93.33","93.07","93.42","93.05","","0.32%"
"2021- 09- 23","93.03","93.48","93.52","92.98","","-0.46%"
"2021- 09- 22","93.46","93.22","93.51","92.99","","0.28%"
"2021- 09- 21","93.20","93.24","93.29","93.05","","-0.08%"
"2021- 09- 20","93.28","93.25","93.45","93.18","","0.09%"
"2021- 09- 17","93.19","92.88","93.25","92.76","","0.28%"
"2021- 09- 16","92.93","92.46","92.96","92.46","","0.41%"
"2021- 09- 15","92.55","92.68","92.68","92.42","","-0.08%"
"2021- 09- 14","92.62","92.62","92.68","92.32","","-0.06%"
"2021- 09- 13","92.68","92.61","92.89","92.57","","0.10%"
"2021- 09- 10","92.58","92.53","92.65","92.33","","0.11%"
"2021- 09- 09","92.48","92.71","92.76","92.38","","-0.19%"
"2021- 09- 08","92.65","92.54","92.86","92.47","","0.15%"
"2021- 09- 07","92.51","92.20","92.57","92.10","","0.52%"
"2021- 09- 06","92.04","92.12","92.31","92.04","","0.00%"
"2021- 09- 03","92.04","92.22","92.26","91.95","","-0.21%"
"2021- 09- 02","92.22","92.51","92.54","92.21","","-0.24%"
"2021- 09- 01","92.45","92.66","92.79","92.38","","-0.19%"
"2021- 08- 31","92.63","92.71","92.75","92.40","","-0.03%"
"2021- 08- 30","92.65","92.68","92.79","92.60","","-0.04%"
"2021- 08- 27","92.69","93.03","93.18","92.63","","-0.40%"
"2021- 08- 26","93.06","92.83","93.08","92.81","","0.26%"
"2021- 08- 25","92.82","92.88","93.13","92.81","","-0.07%"
"2021- 08- 24","92.89","92.99","93.08","92.81","","-0.07%"
"2021- 08- 23","92.96","93.46","93.50","92.95","","-0.58%"
"2021- 08- 20","93.50","93.56","93.73","93.43","","-0.08%"
"2021- 08- 19","93.57","93.14","93.58","93.14","","0.46%"
"2021- 08- 18","93.14","93.14","93.26","92.96","","0.01%"
"2021- 08- 17","93.13","92.62","93.17","92.61","","0.54%"
"2021- 08- 16","92.63","92.52","92.66","92.48","","0.12%"
"2021- 08- 13","92.52","92.97","93.01","92.47","","-0.56%"
"2021- 08- 12","93.04","92.89","93.04","92.85","","0.12%"
"2021- 08- 11","92.92","93.07","93.19","92.80","","-0.14%"
"2021- 08- 10","93.06","92.98","93.14","92.94","","0.12%"
"2021- 08- 09","92.94","92.78","92.99","92.72","","0.16%"
"2021- 08- 06","92.80","92.26","92.84","92.26","","0.60%"
"2021- 08- 05","92.24","92.28","92.35","92.11","","-0.03%"
"2021- 08- 04","92.27","92.04","92.31","91.82","","0.21%"
"2021- 08- 03","92.08","92.06","92.15","91.89","","0.04%"
"2021- 08- 02","92.05","92.09","92.17","91.91","","-0.14%"
"2021- 07- 30","92.17","91.85","92.20","91.78","","0.34%"
"2021- 07- 29","91.86","92.26","92.29","91.86","","-0.50%"
"2021- 07- 28","92.32","92.46","92.75","92.24","","-0.12%"
"2021- 07- 27","92.43","92.63","92.84","92.32","","-0.23%"
"2021- 07- 26","92.65","92.91","92.96","92.53","","-0.28%"
"2021- 07- 23","92.91","92.81","93.02","92.78","","0.10%"
"2021- 07- 22","92.82","92.80","92.92","92.51","","0.07%"
"2021- 07- 21","92.75","92.97","93.19","92.73","","-0.24%"
"2021- 07- 20","92.97","92.88","93.17","92.80","","0.09%"
"2021- 07- 19","92.89","92.71","93.04","92.64","","0.22%"
"2021- 07- 16","92.69","92.59","92.76","92.53","","0.07%"
"2021- 07- 15","92.62","92.39","92.69","92.27","","0.23%"
"2021- 07- 14","92.41","92.80","92.83","92.35","","-0.37%"
"2021- 07- 13","92.75","92.23","92.81","92.14","","0.53%"
"2021- 07- 12","92.26","92.10","92.42","92.08","","0.14%"
"2021- 07- 09","92.13","92.36","92.54","92.09","","-0.31%"
"2021- 07- 08","92.42","92.70","92.79","92.24","","-0.25%"
"2021- 07- 07","92.64","92.53","92.85","92.43","","0.11%"
"2021- 07- 06","92.55","92.24","92.66","92.00","","0.36%"
"2021- 07- 05","92.21","92.24","92.36","92.14","","-0.02%"
"2021- 07- 02","92.23","92.57","92.74","92.18","","-0.40%"
"2021- 07- 01","92.60","92.35","92.60","92.26","","0.17%"
"2021- 06- 30","92.44","92.08","92.45","92.00","","0.42%"
"2021- 06- 29","92.05","91.88","92.19","91.86","","0.18%"
"2021- 06- 28","91.89","91.81","92.01","91.70","","0.04%"
"2021- 06- 25","91.85","91.83","91.88","91.53","","0.04%"
"2021- 06- 24","91.81","91.80","91.91","91.66","","0.01%"
"2021- 06- 23","91.80","91.73","91.90","91.51","","0.05%"
"2021- 06- 22","91.76","91.88","92.14","91.64","","-0.16%"
"2021- 06- 21","91.90","92.32","92.37","91.83","","-0.35%"
"2021- 06- 18","92.22","91.88","92.40","91.81","","0.37%"
"2021- 06- 17","91.89","91.43","92.01","91.31","","0.83%"
"2021- 06- 16","91.13","90.54","91.40","90.44","","0.65%"
"2021- 06- 15","90.54","90.48","90.68","90.35","","0.02%"
"2021- 06- 14","90.52","90.51","90.60","90.41","","-0.04%"
"2021- 06- 11","90.56","90.07","90.61","89.96","","0.53%"
"2021- 06- 10","90.07","90.14","90.31","89.98","","-0.05%"
"2021- 06- 09","90.12","90.13","90.17","89.84","","0.05%"
"2021- 06- 08","90.08","89.99","90.18","89.96","","0.14%"
"2021- 06- 07","89.95","90.13","90.30","89.91","","-0.21%"
"2021- 06- 04","90.14","90.47","90.63","90.03","","-0.42%"
"2021- 06- 03","90.51","89.93","90.55","89.89","","0.67%"
"2021- 06- 02","89.91","89.92","90.25","89.86","","0.09%"
"2021- 06- 01","89.83","89.81","89.94","89.66","","-0.22%"
"2021- 05- 31","90.03","90.06","90.12","89.82","","0.00%"
"2021- 05- 28","90.03","90.03","90.44","89.98","","0.07%"
"2021- 05- 27","89.97","90.08","90.18","89.89","","-0.08%"
"2021- 05- 26","90.04","89.69","90.11","89.59","","0.45%"
"2021- 05- 25","89.64","89.85","89.87","89.54","","-0.23%"
"2021- 05- 24","89.84","90.03","90.10","89.76","","-0.19%"
"2021- 05- 21","90.02","89.78","90.15","89.65","","0.23%"
"2021- 05- 20","89.81","90.21","90.23","89.75","","-0.42%"
"2021- 05- 19","90.19","89.78","90.29","89.69","","0.49%"
"2021- 05- 18","89.75","90.18","90.20","89.69","","-0.46%"
"2021- 05- 17","90.16","90.30","90.43","90.15","","-0.17%"
"2021- 05- 14","90.32","90.76","90.80","90.28","","-0.47%"
"2021- 05- 13","90.75","90.75","90.91","90.59","","0.04%"
"2021- 05- 12","90.71","90.19","90.80","90.16","","0.63%"
"2021- 05- 11","90.14","90.24","90.36","89.98","","-0.08%"
"2021- 05- 10","90.21","90.23","90.34","90.04","","-0.02%"
"2021- 05- 07","90.23","90.88","90.96","90.19","","-0.79%"
"2021- 05- 06","90.95","91.27","91.38","90.88","","-0.39%"
"2021- 05- 05","91.31","91.28","91.44","91.17","","0.02%"
"2021- 05- 04","91.29","91.00","91.40","90.99","","0.38%"
"2021- 05- 03","90.94","91.30","91.39","90.87","","-0.37%"
"2021- 04- 30","91.28","90.63","91.32","90.59","","0.73%"
"2021- 04- 29","90.61","90.55","90.79","90.42","","0.00%"
"2021- 04- 28","90.61","90.90","91.13","90.55","","-0.33%"
"2021- 04- 27","90.91","90.88","91.07","90.81","","0.11%"
"2021- 04- 26","90.81","90.83","90.99","90.68","","-0.06%"
"2021- 04- 23","90.86","91.29","91.30","90.81","","-0.52%"
"2021- 04- 22","91.33","91.11","91.42","91.00","","0.20%"
"2021- 04- 21","91.15","91.21","91.43","91.09","","-0.09%"
"2021- 04- 20","91.24","91.05","91.28","90.86","","0.19%"
"2021- 04- 19","91.07","91.54","91.75","91.03","","-0.53%"
"2021- 04- 16","91.56","91.66","91.81","91.49","","-0.15%"
"2021- 04- 15","91.69","91.63","91.75","91.49","","0.00%"
"2021- 04- 14","91.69","91.83","91.83","91.57","","-0.18%"
"2021- 04- 13","91.85","92.08","92.32","91.79","","-0.31%"
"2021- 04- 12","92.14","92.18","92.33","92.01","","-0.03%"
"2021- 04- 09","92.16","92.07","92.41","92.03","","0.11%"
"2021- 04- 08","92.06","92.42","92.48","92.00","","-0.43%"
"2021- 04- 07","92.46","92.32","92.50","92.14","","0.13%"
"2021- 04- 06","92.33","92.57","92.79","92.27","","-0.28%"
"2021- 04- 05","92.60","93.01","93.11","92.54","","-0.46%"
"2021- 04- 02","93.02","92.89","93.07","92.83","","0.10%"
"2021- 04- 01","92.93","93.22","93.34","92.88","","-0.32%"
"2021- 03- 31","93.23","93.24","93.44","92.99","","-0.07%"
"2021- 03- 30","93.30","92.91","93.35","92.88","","0.38%"
"2021- 03- 29","92.94","92.72","92.96","92.72","","0.19%"
"2021- 03- 26","92.77","92.81","92.87","92.64","","0.26%"
"2021- 03- 25","92.53","92.60","92.92","92.51","","0.00%"
"2021- 03- 24","92.53","92.39","92.61","92.34","","0.21%"
"2021- 03- 23","92.34","91.80","92.39","91.76","","0.65%"
"2021- 03- 22","91.74","92.07","92.15","91.71","","-0.19%"
"2021- 03- 19","91.92","91.83","92.17","91.66","","0.06%"
"2021- 03- 18","91.86","91.40","91.90","91.30","","0.46%"
"2021- 03- 17","91.44","91.86","92.00","91.37","","-0.46%"
"2021- 03- 16","91.86","91.83","92.03","91.68","","0.03%"
"2021- 03- 15","91.83","91.66","91.96","91.54","","0.17%"
"2021- 03- 12","91.68","91.43","91.96","91.40","","0.28%"
"2021- 03- 11","91.42","91.79","91.88","91.36","","-0.44%"
"2021- 03- 10","91.82","92.05","92.24","91.77","","-0.15%"
"2021- 03- 09","91.96","92.46","92.50","91.91","","-0.38%"
"2021- 03- 08","92.31","91.99","92.42","91.84","","0.37%"
"2021- 03- 05","91.98","91.66","92.19","91.62","","0.38%"
"2021- 03- 04","91.63","91.01","91.67","90.97","","0.75%"
"2021- 03- 03","90.95","90.79","91.06","90.63","","0.18%"
"2021- 03- 02","90.79","91.03","91.39","90.72","","-0.28%"
"2021- 03- 01","91.04","90.93","91.14","90.69","","0.18%"
"2021- 02- 26","90.88","90.36","90.97","90.13","","0.83%"
"2021- 02- 25","90.13","90.07","90.29","89.68","","-0.05%"
"2021- 02- 24","90.18","90.10","90.43","89.98","","0.01%"
"2021- 02- 23","90.17","90.02","90.26","89.94","","0.18%"
"2021- 02- 22","90.01","90.34","90.57","90.00","","-0.39%"
"2021- 02- 19","90.36","90.57","90.65","90.18","","-0.25%"
"2021- 02- 18","90.59","90.90","90.98","90.54","","-0.39%"
"2021- 02- 17","90.95","90.71","91.06","90.62","","0.49%"
"2021- 02- 16","90.51","90.29","90.65","90.12","","0.03%"
"2021- 02- 15","90.48","90.45","90.48","90.27","","0.00%"
"2021- 02- 12","90.48","90.41","90.74","90.38","","0.07%"
"2021- 02- 11","90.42","90.46","90.47","90.26","","0.05%"
"2021- 02- 10","90.37","90.49","90.53","90.25","","-0.08%"
"2021- 02- 09","90.44","90.91","90.93","90.43","","-0.54%"
"2021- 02- 08","90.93","91.00","91.24","90.90","","-0.12%"
"2021- 02- 05","91.04","91.49","91.60","90.98","","-0.53%"
"2021- 02- 04","91.53","91.09","91.58","91.08","","0.39%"
"2021- 02- 03","91.17","91.05","91.31","90.99","","-0.03%"
"2021- 02- 02","91.20","91.00","91.29","90.80","","0.24%"
"2021- 02- 01","90.98","90.53","91.06","90.50","","0.44%"
"2021- 01- 29","90.58","90.56","90.78","90.36","","0.14%"
"2021- 01- 28","90.46","90.73","90.86","90.40","","-0.21%"
"2021- 01- 27","90.65","90.15","90.88","90.15","","0.53%"
"2021- 01- 26","90.17","90.39","90.61","90.12","","-0.24%"
"2021- 01- 25","90.39","90.23","90.52","90.08","","0.17%"
"2021- 01- 22","90.24","90.05","90.31","90.05","","0.12%"
"2021- 01- 21","90.13","90.42","90.45","90.05","","-0.38%"
"2021- 01- 20","90.47","90.41","90.70","90.28","","-0.03%"
"2021- 01- 19","90.50","90.73","90.76","90.40","","-0.29%"
"2021- 01- 18","90.76","90.78","90.95","90.71","","-0.01%"
"2021- 01- 15","90.77","90.22","90.80","90.22","","0.59%"
"2021- 01- 14","90.24","90.28","90.58","90.07","","-0.13%"
"2021- 01- 13","90.36","90.00","90.45","89.92","","0.29%"
"2021- 01- 12","90.09","90.52","90.62","90.03","","-0.41%"
"2021- 01- 11","90.46","90.07","90.73","90.03","","0.41%"
"2021- 01- 08","90.10","89.83","90.25","89.66","","0.30%"
"2021- 01- 07","89.83","89.32","89.97","89.32","","0.33%"
"2021- 01- 06","89.53","89.48","89.80","89.21","","0.11%"
"2021- 01- 05","89.44","89.90","89.90","89.43","","-0.48%"
"2021- 01- 04","89.87","89.93","89.94","89.42","","-0.08%"
"2021- 01- 01","89.94","89.93","89.94","89.93","","0.00%"
"2020- 12- 31","89.94","89.61","89.98","89.52","","0.29%"
"2020- 12- 30","89.68","89.98","89.98","89.56","","-0.35%"
"2020- 12- 29","89.99","90.21","90.23","89.85","","-0.38%"
"2020- 12- 28","90.34","90.22","90.38","89.98","","0.02%"
"2020- 12- 25","90.32","90.33","90.42","90.21","","0.00%"
"2020- 12- 24","90.32","90.28","90.38","90.15","","-0.10%"
"2020- 12- 23","90.41","90.52","90.67","90.16","","-0.27%"
"2020- 12- 22","90.65","90.09","90.72","90.06","","0.68%"
"2020- 12- 21","90.04","89.92","91.02","89.92","","0.03%"
"2020- 12- 18","90.02","89.83","90.13","89.83","","0.22%"
"2020- 12- 17","89.82","90.27","90.27","89.73","","-0.69%"
"2020- 12- 16","90.45","90.49","90.70","90.13","","-0.03%"
"2020- 12- 15","90.47","90.69","90.82","90.42","","-0.26%"
"2020- 12- 14","90.71","90.98","90.98","90.42","","-0.29%"
"2020- 12- 11","90.98","90.74","91.04","90.62","","0.17%"
"2020- 12- 10","90.82","91.06","91.15","90.67","","-0.29%"
"2020- 12- 09","91.09","90.92","91.20","90.69","","0.13%"
"2020- 12- 08","90.96","90.90","91.02","90.75","","0.19%"
"2020- 12- 07","90.79","90.81","91.24","90.62","","0.10%"
"2020- 12- 04","90.70","90.71","90.87","90.48","","-0.01%"
"2020- 12- 03","90.71","91.06","91.09","90.51","","-0.44%"
"2020- 12- 02","91.12","91.19","91.50","90.99","","-0.21%"
"2020- 12- 01","91.31","91.94","91.94","91.16","","-0.61%"
"2020- 11- 30","91.87","91.78","92.05","91.51","","0.09%"
"2020- 11- 27","91.79","92.02","92.05","91.76","","-0.22%"
"2020- 11- 26","91.99","91.95","92.17","91.85","","0.00%"
"2020- 11- 25","91.99","92.11","92.26","91.93","","-0.25%"
"2020- 11- 24","92.23","92.53","92.56","92.13","","-0.30%"
"2020- 11- 23","92.50","92.40","92.80","92.02","","0.12%"
"2020- 11- 20","92.39","92.34","92.43","92.21","","0.11%"
"2020- 11- 19","92.29","92.56","92.72","92.24","","-0.02%"
"2020- 11- 18","92.32","92.44","92.51","92.21","","-0.11%"
"2020- 11- 17","92.42","92.49","92.61","92.27","","-0.24%"
"2020- 11- 16","92.64","92.72","92.84","92.46","","-0.12%"
"2020- 11- 13","92.75","92.95","93.00","92.71","","-0.22%"
"2020- 11- 12","92.96","93.01","93.14","92.78","","-0.09%"
"2020- 11- 11","93.04","92.70","93.21","92.61","","0.32%"
"2020- 11- 10","92.75","92.76","92.97","92.60","","0.03%"
"2020- 11- 09","92.72","92.24","92.96","92.13","","0.54%"
"2020- 11- 06","92.23","92.57","92.82","92.18","","-0.32%"
"2020- 11- 05","92.53","93.34","93.54","92.49","","-0.94%"
"2020- 11- 04","93.41","93.09","94.30","93.09","","-0.16%"
"2020- 11- 03","93.55","94.05","94.05","93.29","","-0.61%"
"2020- 11- 02","94.13","93.89","94.29","93.89","","0.10%"
"2020- 10- 30","94.04","93.92","94.08","93.65","","0.09%"
"2020- 10- 29","93.96","93.46","94.10","93.33","","0.59%"
"2020- 10- 28","93.40","93.15","93.64","93.05","","0.50%"
"2020- 10- 27","92.94","93.07","93.13","92.79","","-0.11%"
"2020- 10- 26","93.04","92.76","93.11","92.74","","0.30%"
"2020- 10- 23","92.77","92.93","93.13","92.66","","-0.20%"
"2020- 10- 22","92.95","92.67","92.97","92.61","","0.37%"
"2020- 10- 21","92.61","93.05","93.07","92.47","","-0.49%"
"2020- 10- 20","93.07","93.42","93.50","93.00","","-0.39%"
"2020- 10- 19","93.43","93.72","93.77","93.21","","-0.27%"
"2020- 10- 16","93.68","93.80","93.88","93.53","","-0.19%"
"2020- 10- 15","93.86","93.43","93.90","93.37","","0.51%"
"2020- 10- 14","93.38","93.54","93.67","93.25","","-0.16%"
"2020- 10- 13","93.53","93.03","93.60","93.03","","0.50%"
"2020- 10- 12","93.07","93.06","93.24","93.01","","0.01%"
"2020- 10- 09","93.06","93.56","93.59","93.00","","-0.59%"
"2020- 10- 08","93.61","93.61","93.78","93.50","","-0.03%"
"2020- 10- 07","93.63","93.83","93.90","93.56","","-0.06%"
"2020- 10- 06","93.69","93.43","93.85","93.33","","0.18%"
"2020- 10- 05","93.51","93.81","93.87","93.37","","-0.35%"
"2020- 10- 02","93.84","93.73","94.03","93.69","","0.14%"
"2020- 10- 01","93.71","93.80","93.92","93.53","","-0.19%"
"2020- 09- 30","93.89","93.85","94.19","93.67","","0.00%"
"2020- 09- 29","93.89","94.24","94.30","93.82","","-0.41%"
"2020- 09- 28","94.28","94.58","94.64","94.15","","-0.38%"
"2020- 09- 25","94.64","94.32","94.74","94.19","","0.31%"
"2020- 09- 24","94.35","94.38","94.59","94.20","","-0.04%"
"2020- 09- 23","94.39","93.99","94.43","93.93","","0.43%"
"2020- 09- 22","93.99","93.55","94.08","93.46","","0.35%"
"2020- 09- 21","93.66","93.00","93.78","92.75","","0.79%"
"2020- 09- 18","92.93","92.86","93.01","92.77","","-0.05%"
"2020- 09- 17","92.97","93.15","93.59","92.87","","-0.26%"
"2020- 09- 16","93.21","93.08","93.28","92.78","","0.18%"
"2020- 09- 15","93.05","93.06","93.14","92.79","","0.00%"
"2020- 09- 14","93.05","93.29","93.33","92.87","","-0.30%"
"2020- 09- 11","93.33","93.33","93.38","93.10","","0.00%"
"2020- 09- 10","93.34","93.23","93.45","92.70","","0.09%"
"2020- 09- 09","93.25","93.58","93.66","93.14","","-0.20%"
"2020- 09- 08","93.44","93.05","93.52","93.00","","0.78%"
"2020- 09- 07","92.72","92.97","93.09","92.72","","0.00%"
"2020- 09- 04","92.72","92.80","93.24","92.66","","-0.02%"
"2020- 09- 03","92.74","92.66","93.07","92.65","","-0.12%"
"2020- 09- 02","92.85","92.28","92.87","92.21","","0.55%"
"2020- 09- 01","92.34","92.18","92.40","91.75","","0.21%"
"2020- 08- 31","92.14","92.30","92.48","91.99","","-0.25%"
"2020- 08- 28","92.37","93.02","93.10","92.20","","-0.68%"
"2020- 08- 27","93.00","92.85","93.32","92.42","","0.00%"
"2020- 08- 26","93.01","93.02","93.36","92.85","","-0.01%"
"2020- 08- 25","93.02","93.28","93.35","92.97","","-0.30%"
"2020- 08- 24","93.30","93.20","93.34","92.84","","0.05%"
"2020- 08- 21","93.25","92.72","93.47","92.57","","0.49%"
"2020- 08- 20","92.79","92.96","93.24","92.73","","-0.10%"
"2020- 08- 19","92.89","92.28","93.05","92.15","","0.67%"
"2020- 08- 18","92.27","92.82","92.82","92.13","","-0.62%"
"2020- 08- 17","92.85","93.10","93.12","92.77","","-0.26%"
"2020- 08- 14","93.10","93.22","93.41","93.01","","-0.26%"
"2020- 08- 13","93.33","93.36","93.39","92.93","","-0.12%"
"2020- 08- 12","93.44","93.68","93.90","93.27","","-0.20%"
"2020- 08- 11","93.63","93.60","93.74","93.17","","0.05%"
"2020- 08- 10","93.58","93.39","93.69","93.30","","0.16%"
"2020- 08- 07","93.43","92.81","93.62","92.76","","0.70%"
"2020- 08- 06","92.79","92.77","93.09","92.52","","-0.09%"
"2020- 08- 05","92.87","93.23","93.25","92.56","","-0.55%"
"2020- 08- 04","93.38","93.56","93.83","93.23","","-0.17%"
"2020- 08- 03","93.54","93.46","93.99","93.32","","0.21%"
"2020- 07- 31","93.35","92.82","93.54","92.55","","0.35%"
"2020- 07- 30","93.02","93.32","93.68","92.93","","-0.46%"
"2020- 07- 29","93.45","93.75","93.80","93.18","","-0.26%"
"2020- 07- 28","93.70","93.58","94.01","93.49","","0.03%"
"2020- 07- 27","93.67","94.35","94.42","93.48","","-0.81%"
"2020- 07- 24","94.43","94.77","94.83","94.33","","-0.27%"
"2020- 07- 23","94.69","94.98","95.18","94.59","","-0.31%"
"2020- 07- 22","94.99","95.13","95.41","94.83","","-0.14%"
"2020- 07- 21","95.12","95.75","95.92","95.05","","-0.75%"
"2020- 07- 20","95.83","96.01","96.18","95.73","","-0.11%"
"2020- 07- 17","95.94","96.28","96.33","95.90","","-0.42%"
"2020- 07- 16","96.35","96.00","96.40","95.89","","0.28%"
"2020- 07- 15","96.08","96.17","96.25","95.78","","-0.18%"
"2020- 07- 14","96.26","96.54","96.70","96.18","","-0.21%"
"2020- 07- 13","96.46","96.66","96.68","96.27","","-0.19%"
"2020- 07- 10","96.65","96.75","96.97","96.44","","-0.05%"
"2020- 07- 09","96.70","96.45","96.81","96.24","","0.28%"
"2020- 07- 08","96.43","96.99","97.05","96.40","","-0.47%"
"2020- 07- 07","96.88","96.75","97.15","96.60","","0.16%"
"2020- 07- 06","96.72","97.15","97.19","96.57","","-0.46%"
"2020- 07- 03","97.17","97.21","97.36","97.12","","-0.15%"
"2020- 07- 02","97.32","97.14","97.34","96.81","","0.12%"
"2020- 07- 01","97.20","97.39","97.62","97.03","","-0.20%"
"2020- 06- 30","97.39","97.40","97.80","97.23","","-0.15%"
"2020- 06- 29","97.54","97.50","97.65","97.11","","0.11%"
"2020- 06- 26","97.43","97.35","97.68","97.26","","0.00%"
"2020- 06- 25","97.43","97.24","97.60","97.16","","0.29%"
"2020- 06- 24","97.15","96.66","97.24","96.55","","0.52%"
"2020- 06- 23","96.65","96.93","97.25","96.39","","-0.40%"
"2020- 06- 22","97.04","97.66","97.74","97.00","","-0.60%"
"2020- 06- 19","97.62","97.42","97.72","97.16","","0.21%"
"2020- 06- 18","97.42","97.08","97.58","96.95","","0.27%"
"2020- 06- 17","97.16","97.01","97.34","96.80","","0.21%"
"2020- 06- 16","96.96","96.56","97.25","96.43","","0.26%"
"2020- 06- 15","96.71","97.09","97.39","96.60","","-0.63%"
"2020- 06- 12","97.32","96.81","97.45","96.49","","0.61%"
"2020- 06- 11","96.73","96.09","96.83","95.95","","0.81%"
"2020- 06- 10","95.96","96.43","96.46","95.72","","-0.38%"
"2020- 06- 09","96.32","96.63","97.06","96.23","","-0.30%"
"2020- 06- 08","96.62","96.84","97.07","96.60","","-0.33%"
"2020- 06- 05","96.94","96.74","97.03","96.44","","0.27%"
"2020- 06- 04","96.68","97.32","97.63","96.57","","-0.62%"
"2020- 06- 03","97.28","97.57","97.63","97.18","","-0.41%"
"2020- 06- 02","97.67","97.84","97.91","97.43","","-0.16%"
"2020- 06- 01","97.83","98.30","98.32","97.79","","-0.52%"
"2020- 05- 29","98.34","98.51","98.55","97.94","","-0.04%"
"2020- 05- 28","98.38","98.91","99.09","98.35","","-0.69%"
"2020- 05- 27","99.06","99.02","99.34","98.72","","0.16%"
"2020- 05- 26","98.91","99.76","99.77","98.90","","-0.96%"
"2020- 05- 25","99.86","99.79","99.97","99.69","","0.00%"
"2020- 05- 22","99.86","99.42","99.87","99.39","","0.50%"
"2020- 05- 21","99.37","99.18","99.51","99.02","","0.25%"
"2020- 05- 20","99.12","99.55","99.56","99.00","","-0.25%"
"2020- 05- 19","99.37","99.62","99.73","99.23","","-0.29%"
"2020- 05- 18","99.67","100.36","100.47","99.58","","-0.73%"
"2020- 05- 15","100.40","100.26","100.49","100.08","","-0.06%"
"2020- 05- 14","100.47","100.19","100.56","100.15","","0.22%"
"2020- 05- 13","100.24","100.01","100.28","99.58","","0.31%"
"2020- 05- 12","99.93","100.23","100.44","99.66","","-0.30%"
"2020- 05- 11","100.24","99.12","100.28","99.12","","0.50%"
"2020- 05- 08","99.73","99.84","99.94","99.10","","-0.16%"
"2020- 05- 07","99.89","100.21","100.40","99.81","","-0.20%"
"2020- 05- 06","100.09","99.79","100.20","99.75","","0.38%"
"2020- 05- 05","99.71","99.51","99.97","99.30","","0.23%"
"2020- 05- 04","99.48","98.57","99.60","98.57","","0.41%"
"2020- 05- 01","99.08","99.13","99.21","98.64","","0.06%"
"2020- 04- 30","99.02","99.48","99.72","98.81","","-0.55%"
"2020- 04- 29","99.57","99.88","99.89","99.46","","-0.30%"
"2020- 04- 28","99.86","100.06","100.21","99.45","","-0.18%"
"2020- 04- 27","100.04","100.23","100.32","99.83","","-0.34%"
"2020- 04- 24","100.38","100.50","100.87","100.19","","-0.05%"
"2020- 04- 23","100.43","100.45","100.69","100.04","","0.04%"
"2020- 04- 22","100.39","100.21","100.50","99.90","","0.13%"
"2020- 04- 21","100.26","99.94","100.48","99.93","","0.30%"
"2020- 04- 20","99.96","99.71","100.07","99.65","","0.17%"
"2020- 04- 17","99.78","99.86","100.29","99.62","","-0.24%"
"2020- 04- 16","100.03","99.63","100.30","99.61","","0.57%"
"2020- 04- 15","99.46","98.82","99.98","98.82","","0.58%"
"2020- 04- 14","98.89","99.38","99.43","98.82","","-0.46%"
"2020- 04- 13","99.35","99.49","99.63","99.14","","-0.17%"
"2020- 04- 10","99.52","99.58","99.63","99.36","","0.00%"
"2020- 04- 09","99.52","100.13","100.30","99.36","","-0.60%"
"2020- 04- 08","100.12","99.91","100.43","99.90","","0.22%"
"2020- 04- 07","99.90","100.75","100.79","99.77","","-0.78%"
"2020- 04- 06","100.68","100.66","100.93","100.47","","0.11%"
"2020- 04- 03","100.58","100.20","100.85","100.14","","0.40%"
"2020- 04- 02","100.18","99.51","100.41","99.33","","0.51%"
"2020- 04- 01","99.67","99.01","99.84","98.91","","0.63%"
"2020- 03- 31","99.05","99.25","99.95","98.89","","-0.13%"
"2020- 03- 30","99.18","98.31","99.32","98.29","","0.83%"
"2020- 03- 27","98.36","99.29","99.81","98.27","","-0.99%"
"2020- 03- 26","99.35","100.96","101.02","99.24","","-1.68%"
"2020- 03- 25","101.05","101.60","101.91","100.84","","-0.97%"
"2020- 03- 24","102.04","102.13","102.21","101.05","","-0.44%"
"2020- 03- 23","102.49","101.95","102.98","101.65","","-0.32%"
"2020- 03- 20","102.82","102.94","102.99","101.09","","0.06%"
"2020- 03- 19","102.75","100.79","102.94","100.77","","1.58%"
"2020- 03- 18","101.16","99.38","101.74","99.15","","1.59%"
"2020- 03- 17","99.57","98.14","99.83","97.98","","1.54%"
"2020- 03- 16","98.07","98.70","98.70","97.45","","-0.69%"
"2020- 03- 13","98.75","97.45","98.81","97.33","","1.31%"
"2020- 03- 12","97.47","96.65","98.31","96.08","","1.00%"
"2020- 03- 11","96.51","96.33","96.69","95.91","","0.10%"
"2020- 03- 10","96.41","95.34","96.58","95.23","","1.60%"
"2020- 03- 09","94.89","96.11","95.79","94.65","","-1.10%"
"2020- 03- 06","95.95","96.61","96.70","95.71","","-0.90%"
"2020- 03- 05","96.82","97.38","97.44","96.51","","-0.53%"
"2020- 03- 04","97.34","97.17","97.59","97.12","","0.19%"
"2020- 03- 03","97.15","97.56","97.69","96.98","","-0.21%"
"2020- 03- 02","97.36","98.12","98.12","97.18","","-0.79%"
"2020- 02- 28","98.13","98.42","98.66","97.96","","-0.38%"
"2020- 02- 27","98.51","99.02","99.05","98.36","","-0.49%"
"2020- 02- 26","99.00","99.08","99.27","98.91","","0.03%"
"2020- 02- 25","98.97","99.33","99.39","98.88","","-0.39%"
"2020- 02- 24","99.36","99.34","99.64","99.11","","0.10%"
"2020- 02- 21","99.26","99.86","99.87","99.23","","-0.60%"
"2020- 02- 20","99.86","99.54","99.91","99.53","","0.16%"
"2020- 02- 19","99.71","99.43","99.72","99.38","","0.27%"
"2020- 02- 18","99.44","99.19","99.47","99.14","","0.44%"
"2020- 02- 17","99.00","99.16","99.21","99.00","","-0.12%"
"2020- 02- 14","99.12","99.12","99.17","99.00","","0.06%"
"2020- 02- 13","99.07","98.99","99.11","98.85","","0.02%"
"2020- 02- 12","99.05","98.77","99.05","98.71","","0.33%"
"2020- 02- 11","98.72","98.86","98.95","98.71","","-0.11%"
"2020- 02- 10","98.83","98.70","98.88","98.60","","0.15%"
"2020- 02- 07","98.68","98.46","98.72","98.42","","0.19%"
"2020- 02- 06","98.50","98.29","98.57","98.21","","0.20%"
"2020- 02- 05","98.30","97.94","98.32","97.90","","0.35%"
"2020- 02- 04","97.96","97.82","98.01","97.79","","0.16%"
"2020- 02- 03","97.80","97.37","97.89","97.37","","0.42%"
"2020- 01- 31","97.39","97.87","97.97","97.35","","-0.49%"
"2020- 01- 30","97.87","98.03","98.07","97.79","","-0.12%"
"2020- 01- 29","97.99","97.95","98.19","97.94","","-0.03%"
"2020- 01- 28","98.02","97.95","98.16","97.90","","0.06%"
"2020- 01- 27","97.96","97.88","98.00","97.78","","0.11%"
"2020- 01- 24","97.85","97.72","97.95","97.67","","0.16%"
"2020- 01- 23","97.69","97.48","97.80","97.43","","0.16%"
"2020- 01- 22","97.53","97.62","97.69","97.44","","0.00%"
"2020- 01- 21","97.53","97.63","97.66","97.39","","-0.08%"
"2020- 01- 20","97.61","97.64","97.73","97.58","","-0.03%"
"2020- 01- 17","97.64","97.30","97.66","97.27","","0.33%"
"2020- 01- 16","97.32","97.18","97.36","97.08","","0.09%"
"2020- 01- 15","97.23","97.38","97.44","97.16","","-0.14%"
"2020- 01- 14","97.37","97.36","97.56","97.33","","0.03%"
"2020- 01- 13","97.34","97.35","97.53","97.31","","-0.02%"
"2020- 01- 10","97.36","97.43","97.58","97.30","","-0.09%"
"2020- 01- 09","97.45","97.27","97.56","97.25","","0.15%"
"2020- 01- 08","97.30","96.83","97.35","96.82","","0.31%"
"2020- 01- 07","97.00","96.65","97.09","96.62","","0.34%"
"2020- 01- 06","96.67","96.90","96.90","96.54","","-0.18%"
"2020- 01- 03","96.84","96.79","97.11","96.71","","-0.01%"
"2020- 01- 02","96.85","96.48","96.87","96.42","","0.48%"
"2020- 01- 01","96.39","96.50","97.10","96.39","","0.00%"
"2019- 12- 31","96.39","96.73","96.73","96.36","","-0.36%"
"2019- 12- 30","96.74","97.02","97.02","96.61","","-0.19%"
"2019- 12- 27","96.92","97.54","97.55","96.92","","-0.63%"
"2019- 12- 26","97.53","97.62","97.71","97.49","","-0.12%"
"2019- 12- 25","97.65","97.67","97.73","97.35","","0.00%"
"2019- 12- 24","97.65","97.66","97.80","97.61","","-0.01%"
"2019- 12- 23","97.66","97.67","97.82","97.58","","-0.03%"
"2019- 12- 20","97.69","97.39","97.76","97.38","","0.32%"
"2019- 12- 19","97.38","97.40","97.49","97.22","","-0.02%"
"2019- 12- 18","97.40","97.23","97.47","97.22","","0.19%"
"2019- 12- 17","97.22","97.14","97.30","97.03","","0.21%"
"2019- 12- 16","97.02","97.18","97.18","96.93","","-0.15%"
"2019- 12- 13","97.17","96.78","97.24","96.72","","-0.24%"
"2019- 12- 12","97.40","97.08","97.52","96.59","","0.33%"
"2019- 12- 11","97.08","97.51","97.60","97.04","","-0.34%"
"2019- 12- 10","97.41","97.65","97.66","97.40","","-0.24%"
"2019- 12- 09","97.64","97.68","97.72","97.56","","-0.06%"
"2019- 12- 06","97.70","97.38","97.84","97.36","","0.30%"
"2019- 12- 05","97.41","97.59","97.59","97.36","","-0.25%"
"2019- 12- 04","97.65","97.71","97.79","97.43","","-0.09%"
"2019- 12- 03","97.74","97.89","97.94","97.64","","-0.12%"
"2019- 12- 02","97.86","98.27","98.38","97.81","","-0.42%"
"2019- 11- 29","98.27","98.34","98.54","98.22","","-0.10%"
"2019- 11- 28","98.37","98.33","98.40","98.26","","0.00%"
"2019- 11- 27","98.37","98.30","98.44","98.28","","0.12%"
"2019- 11- 26","98.25","98.33","98.38","98.23","","-0.07%"
"2019- 11- 25","98.32","98.27","98.38","98.17","","0.05%"
"2019- 11- 22","98.27","97.93","98.31","97.84","","0.29%"
"2019- 11- 21","97.99","97.86","98.03","97.73","","0.06%"
"2019- 11- 20","97.93","97.84","98.04","97.84","","0.07%"
"2019- 11- 19","97.86","97.81","97.89","97.75","","0.07%"
"2019- 11- 18","97.79","97.98","97.98","97.68","","-0.21%"
"2019- 11- 15","98.00","98.17","98.23","97.96","","-0.16%"
"2019- 11- 14","98.16","98.34","98.42","98.11","","-0.21%"
"2019- 11- 13","98.37","98.33","98.45","98.29","","0.06%"
"2019- 11- 12","98.31","98.21","98.42","98.21","","0.11%"
"2019- 11- 11","98.20","98.37","98.38","98.13","","-0.15%"
"2019- 11- 08","98.35","98.14","98.40","98.10","","0.21%"
"2019- 11- 07","98.14","97.95","98.23","97.82","","0.19%"
"2019- 11- 06","97.95","97.94","97.98","97.78","","-0.03%"
"2019- 11- 05","97.98","97.55","98.01","97.47","","0.49%"
"2019- 11- 04","97.50","97.22","97.58","97.17","","0.27%"
"2019- 11- 01","97.24","97.30","97.45","97.11","","-0.11%"
"2019- 10- 31","97.35","97.44","97.45","97.22","","-0.31%"
"2019- 10- 30","97.65","97.67","98.00","97.45","","-0.04%"
"2019- 10- 29","97.69","97.75","97.93","97.61","","-0.07%"
"2019- 10- 28","97.76","97.85","97.89","97.67","","-0.07%"
"2019- 10- 25","97.83","97.69","97.90","97.57","","0.20%"
"2019- 10- 24","97.63","97.46","97.78","97.28","","0.14%"
"2019- 10- 23","97.49","97.49","97.65","97.42","","-0.04%"
"2019- 10- 22","97.53","97.31","97.57","97.26","","0.21%"
"2019- 10- 21","97.33","97.34","97.40","97.15","","0.05%"
"2019- 10- 18","97.28","97.60","97.66","97.14","","-0.34%"
"2019- 10- 17","97.61","97.99","98.11","97.50","","-0.40%"
"2019- 10- 16","98.00","98.32","98.42","97.90","","-0.30%"
"2019- 10- 15","98.29","98.45","98.64","98.21","","-0.16%"
"2019- 10- 14","98.45","98.36","98.53","98.34","","0.15%"
"2019- 10- 11","98.30","98.70","98.74","98.20","","-0.41%"
"2019- 10- 10","98.70","98.98","99.07","98.62","","-0.42%"
"2019- 10- 09","99.12","99.09","99.16","98.90","","-0.01%"
"2019- 10- 08","99.13","98.98","99.25","98.85","","0.16%"
"2019- 10- 07","98.97","98.82","99.00","98.74","","0.16%"
"2019- 10- 04","98.81","98.87","99.00","98.73","","-0.05%"
"2019- 10- 03","98.86","99.03","99.19","98.64","","-0.16%"
"2019- 10- 02","99.02","99.16","99.42","98.96","","-0.11%"
"2019- 10- 01","99.13","99.40","99.67","99.07","","-0.25%"
"2019- 09- 30","99.38","99.12","99.46","99.05","","0.27%"
"2019- 09- 27","99.11","99.19","99.31","98.99","","-0.02%"
"2019- 09- 26","99.13","98.96","99.28","98.84","","0.09%"
"2019- 09- 25","99.04","98.38","99.06","98.36","","0.71%"
"2019- 09- 24","98.34","98.64","98.70","98.29","","-0.26%"
"2019- 09- 23","98.60","98.51","98.83","98.45","","0.09%"
"2019- 09- 20","98.51","98.34","98.64","98.14","","0.24%"
"2019- 09- 19","98.27","98.57","98.62","98.20","","-0.29%"
"2019- 09- 18","98.56","98.21","98.69","98.19","","0.31%"
"2019- 09- 17","98.26","98.65","98.74","98.19","","-0.35%"
"2019- 09- 16","98.61","98.12","98.71","98.03","","0.36%"
"2019- 09- 13","98.26","98.41","98.43","97.86","","-0.05%"
"2019- 09- 12","98.31","98.63","99.10","98.19","","-0.33%"
"2019- 09- 11","98.64","98.33","98.75","97.86","","0.32%"
"2019- 09- 10","98.33","98.33","98.46","98.26","","0.05%"
"2019- 09- 09","98.28","98.42","98.51","98.14","","-0.11%"
"2019- 09- 06","98.39","98.42","98.52","98.01","","-0.02%"
"2019- 09- 05","98.41","98.40","98.53","98.08","","-0.04%"
"2019- 09- 04","98.45","98.96","98.97","98.39","","-0.56%"
"2019- 09- 03","99.00","99.08","99.37","98.92","","0.08%"
"2019- 09- 02","98.92","98.83","99.13","98.81","","0.00%"
"2019- 08- 30","98.92","98.43","99.02","98.41","","0.42%"
"2019- 08- 29","98.51","98.19","98.55","98.16","","0.31%"
"2019- 08- 28","98.21","98.01","98.26","98.00","","0.21%"
"2019- 08- 27","98.00","98.05","98.05","97.86","","-0.08%"
"2019- 08- 26","98.08","97.59","98.09","97.48","","0.45%"
"2019- 08- 23","97.64","98.19","98.45","97.17","","-0.54%"
"2019- 08- 22","98.17","98.25","98.39","98.08","","-0.13%"
"2019- 08- 21","98.30","98.17","98.33","97.95","","0.11%"
"2019- 08- 20","98.19","98.36","98.45","98.12","","-0.16%"
"2019- 08- 19","98.35","98.17","98.39","98.13","","0.21%"
"2019- 08- 16","98.14","98.13","98.34","98.11","","0.00%"
"2019- 08- 15","98.14","97.95","98.24","97.82","","0.15%"
"2019- 08- 14","97.99","97.80","98.05","97.67","","0.18%"
"2019- 08- 13","97.81","97.48","97.85","97.32","","0.44%"
"2019- 08- 12","97.38","97.53","97.74","97.32","","-0.11%"
"2019- 08- 09","97.49","97.57","97.64","97.03","","-0.13%"
"2019- 08- 08","97.62","97.60","97.74","97.43","","0.08%"
"2019- 08- 07","97.54","97.56","97.85","97.31","","-0.09%"
"2019- 08- 06","97.63","97.25","97.77","97.21","","0.11%"
"2019- 08- 05","97.52","98.11","98.14","97.38","","-0.56%"
"2019- 08- 02","98.07","98.41","98.45","98.05","","-0.30%"
"2019- 08- 01","98.37","98.59","98.93","98.27","","-0.15%"
"2019- 07- 31","98.52","98.03","98.68","98.00","","0.48%"
"2019- 07- 30","98.05","98.07","98.21","98.02","","0.01%"
"2019- 07- 29","98.04","97.99","98.17","97.90","","0.03%"
"2019- 07- 26","98.01","97.79","98.09","97.76","","0.19%"
"2019- 07- 25","97.82","97.69","97.92","97.50","","0.09%"
"2019- 07- 24","97.73","97.72","97.81","97.55","","0.03%"
"2019- 07- 23","97.70","97.30","97.74","97.30","","0.45%"
"2019- 07- 22","97.26","97.14","97.30","97.13","","0.11%"
"2019- 07- 19","97.15","96.82","97.29","96.76","","0.37%"
"2019- 07- 18","96.79","97.19","97.26","96.67","","-0.44%"
"2019- 07- 17","97.22","97.36","97.44","97.16","","-0.17%"
"2019- 07- 16","97.39","96.92","97.44","96.92","","0.47%"
"2019- 07- 15","96.93","96.84","96.97","96.75","","0.12%"
"2019- 07- 12","96.81","97.08","97.12","96.72","","-0.25%"
"2019- 07- 11","97.05","97.06","97.15","96.80","","-0.05%"
"2019- 07- 10","97.10","97.51","97.55","97.03","","-0.40%"
"2019- 07- 09","97.49","97.38","97.59","97.36","","0.11%"
"2019- 07- 08","97.38","97.23","97.42","97.16","","0.09%"
"2019- 07- 05","97.29","96.72","97.44","96.72","","0.54%"
"2019- 07- 04","96.77","96.71","96.81","96.66","","0.00%"
"2019- 07- 03","96.77","96.73","96.87","96.59","","0.04%"
"2019- 07- 02","96.73","96.81","96.88","96.60","","-0.11%"
"2019- 07- 01","96.84","96.25","96.87","96.25","","0.74%"
"2019- 06- 28","96.13","96.19","96.30","96.02","","-0.06%"
"2019- 06- 27","96.19","96.17","96.39","96.14","","-0.02%"
"2019- 06- 26","96.21","96.18","96.34","96.07","","0.07%"
"2019- 06- 25","96.14","96.00","96.36","95.84","","0.17%"
"2019- 06- 24","95.98","96.18","96.20","95.97","","-0.25%"
"2019- 06- 21","96.22","96.62","96.71","96.09","","-0.42%"
"2019- 06- 20","96.63","97.17","97.20","96.57","","-0.50%"
"2019- 06- 19","97.12","97.63","97.68","97.09","","-0.53%"
"2019- 06- 18","97.64","97.53","97.77","97.37","","0.08%"
"2019- 06- 17","97.56","97.52","97.60","97.34","","-0.01%"
"2019- 06- 14","97.57","97.01","97.58","96.94","","0.58%"
"2019- 06- 13","97.01","96.96","97.08","96.87","","0.01%"
"2019- 06- 12","97.00","96.71","97.02","96.58","","0.32%"
"2019- 06- 11","96.69","96.75","96.88","96.64","","-0.07%"
"2019- 06- 10","96.76","96.64","96.94","96.63","","0.23%"
"2019- 06- 07","96.54","97.01","97.18","96.46","","-0.52%"
"2019- 06- 06","97.04","97.29","97.35","96.78","","-0.29%"
"2019- 06- 05","97.32","97.12","97.37","96.75","","0.26%"
"2019- 06- 04","97.07","97.21","97.33","97.00","","-0.07%"
"2019- 06- 03","97.14","97.64","97.80","97.11","","-0.62%"
"2019- 05- 31","97.75","98.15","98.17","97.61","","-0.40%"
"2019- 05- 30","98.14","98.13","98.28","98.09","","0.00%"
"2019- 05- 29","98.14","97.92","98.21","97.86","","0.19%"
"2019- 05- 28","97.95","97.74","97.98","97.70","","0.35%"
"2019- 05- 27","97.61","97.57","97.79","97.55","","0.00%"
"2019- 05- 24","97.61","97.83","97.91","97.55","","-0.26%"
"2019- 05- 23","97.86","98.06","98.37","97.81","","-0.18%"
"2019- 05- 22","98.04","98.02","98.12","97.89","","-0.02%"
"2019- 05- 21","98.06","97.92","98.13","97.82","","0.13%"
"2019- 05- 20","97.93","97.96","98.04","97.88","","-0.07%"
"2019- 05- 17","98.00","97.83","98.03","97.77","","0.14%"
"2019- 05- 16","97.86","97.54","97.88","97.44","","0.30%"
"2019- 05- 15","97.57","97.53","97.70","97.44","","0.04%"
"2019- 05- 14","97.53","97.32","97.56","97.27","","0.22%"
"2019- 05- 13","97.32","97.30","97.38","97.03","","-0.01%"
"2019- 05- 10","97.33","97.43","97.45","97.13","","-0.04%"
"2019- 05- 09","97.37","97.58","97.70","97.24","","-0.26%"
"2019- 05- 08","97.62","97.57","97.68","97.42","","-0.01%"
"2019- 05- 07","97.63","97.52","97.74","97.38","","0.11%"
"2019- 05- 06","97.52","97.56","97.70","97.46","","0.00%"
"2019- 05- 03","97.52","97.83","98.10","97.41","","-0.32%"
"2019- 05- 02","97.83","97.63","97.85","97.51","","0.14%"
"2019- 05- 01","97.69","97.53","97.73","97.15","","0.22%"
"2019- 04- 30","97.48","97.84","97.89","97.44","","-0.39%"
"2019- 04- 29","97.86","98.03","98.10","97.83","","-0.15%"
"2019- 04- 26","98.01","98.12","98.33","97.85","","-0.19%"
"2019- 04- 25","98.20","98.10","98.32","97.99","","0.03%"
"2019- 04- 24","98.17","97.59","98.19","97.59","","0.54%"
"2019- 04- 23","97.64","97.28","97.78","97.28","","0.36%"
"2019- 04- 22","97.29","97.38","97.41","97.26","","-0.09%"
"2019- 04- 19","97.38","97.42","97.43","97.33","","-0.09%"
"2019- 04- 18","97.47","97.01","97.48","96.96","","0.47%"
"2019- 04- 17","97.01","97.07","97.12","96.82","","-0.03%"
"2019- 04- 16","97.04","96.93","97.09","96.88","","0.10%"
"2019- 04- 15","96.94","96.92","96.96","96.79","","-0.03%"
"2019- 04- 12","96.97","97.14","97.18","96.75","","-0.22%"
"2019- 04- 11","97.18","96.89","97.19","96.88","","0.24%"
"2019- 04- 10","96.95","96.99","97.22","96.85","","-0.06%"
"2019- 04- 09","97.01","97.08","97.08","96.86","","-0.04%"
"2019- 04- 08","97.05","97.39","97.40","96.98","","-0.35%"
"2019- 04- 05","97.39","97.30","97.47","97.19","","0.08%"
"2019- 04- 04","97.31","97.04","97.34","97.02","","0.23%"
"2019- 04- 03","97.09","97.30","97.32","96.96","","-0.28%"
"2019- 04- 02","97.36","97.33","97.52","97.27","","0.13%"
"2019- 04- 01","97.23","97.18","97.39","97.03","","-0.05%"
"2019- 03- 29","97.28","97.20","97.34","97.00","","0.08%"
"2019- 03- 28","97.20","96.97","97.30","96.82","","0.44%"
"2019- 03- 27","96.77","96.75","96.98","96.68","","0.03%"
"2019- 03- 26","96.74","96.50","96.84","96.45","","0.18%"
"2019- 03- 25","96.57","96.64","96.68","96.41","","-0.08%"
"2019- 03- 22","96.65","96.32","96.81","96.21","","0.16%"
"2019- 03- 21","96.50","95.91","96.62","95.84","","0.77%"
"2019- 03- 20","95.76","96.40","96.57","95.74","","-0.64%"
"2019- 03- 19","96.38","96.51","96.52","96.29","","-0.15%"
"2019- 03- 18","96.52","96.56","96.63","96.38","","-0.07%"
"2019- 03- 15","96.59","96.72","96.79","96.49","","-0.20%"
"2019- 03- 14","96.78","96.49","96.82","96.47","","0.24%"
"2019- 03- 13","96.55","97.01","97.02","96.39","","-0.40%"
"2019- 03- 12","96.94","97.05","97.28","96.86","","-0.29%"
"2019- 03- 11","97.22","97.39","97.45","96.92","","-0.09%"
"2019- 03- 08","97.31","97.61","97.64","97.25","","-0.37%"
"2019- 03- 07","97.67","96.83","97.71","96.81","","0.83%"
"2019- 03- 06","96.87","96.90","96.99","96.78","","0.00%"
"2019- 03- 05","96.87","96.67","97.01","96.66","","0.20%"
"2019- 03- 04","96.68","96.34","96.82","96.33","","0.16%"
"2019- 03- 01","96.53","96.22","96.55","96.07","","0.38%"
"2019- 02- 28","96.16","96.09","96.28","95.82","","0.01%"
"2019- 02- 27","96.15","96.06","96.19","95.88","","0.16%"
"2019- 02- 26","96.00","96.39","96.46","95.95","","-0.43%"
"2019- 02- 25","96.41","96.52","96.60","96.32","","-0.10%"
"2019- 02- 22","96.51","96.59","96.78","96.42","","-0.10%"
"2019- 02- 21","96.61","96.49","96.66","96.36","","0.17%"
"2019- 02- 20","96.45","96.53","96.65","96.29","","-0.07%"
"2019- 02- 19","96.52","96.81","97.08","96.43","","-0.39%"
"2019- 02- 18","96.90","96.81","96.90","96.65","","0.00%"
"2019- 02- 15","96.90","97.06","97.37","96.83","","-0.08%"
"2019- 02- 14","96.98","97.14","97.28","96.95","","-0.15%"
"2019- 02- 13","97.13","96.73","97.26","96.63","","0.43%"
"2019- 02- 12","96.71","97.06","97.20","96.65","","-0.36%"
"2019- 02- 11","97.06","96.66","97.12","96.62","","0.43%"
"2019- 02- 08","96.64","96.60","96.69","96.45","","0.13%"
"2019- 02- 07","96.51","96.39","96.67","96.38","","0.12%"
"2019- 02- 06","96.39","96.06","96.42","96.04","","0.33%"
"2019- 02- 05","96.07","95.83","96.12","95.81","","0.23%"
"2019- 02- 04","95.85","95.60","95.92","95.57","","0.28%"
"2019- 02- 01","95.58","95.55","95.66","95.40","","0.00%"
"2019- 01- 31","95.58","95.35","95.62","95.16","","0.25%"
"2019- 01- 30","95.34","95.79","95.98","95.25","","-0.50%"
"2019- 01- 29","95.82","95.74","95.87","95.62","","0.07%"
"2019- 01- 28","95.75","95.79","95.92","95.64","","-0.04%"
"2019- 01- 25","95.79","96.49","96.53","95.74","","-0.84%"
"2019- 01- 24","96.60","96.07","96.68","96.04","","0.50%"
"2019- 01- 23","96.12","96.31","96.37","96.05","","-0.19%"
"2019- 01- 22","96.30","96.34","96.48","96.22","","-0.04%"
"2019- 01- 21","96.34","96.35","96.43","96.20","","0.00%"
"2019- 01- 18","96.34","96.07","96.39","96.01","","0.29%"
"2019- 01- 17","96.06","96.07","96.26","95.98","","0.00%"
"2019- 01- 16","96.06","95.94","96.18","95.86","","0.02%"
"2019- 01- 15","96.04","95.57","96.26","95.47","","0.45%"
"2019- 01- 14","95.61","95.65","95.72","95.48","","-0.06%"
"2019- 01- 11","95.67","95.44","95.76","95.19","","0.14%"
"2019- 01- 10","95.54","95.16","95.62","95.03","","0.34%"
"2019- 01- 09","95.22","95.81","95.92","95.12","","-0.71%"
"2019- 01- 08","95.90","95.69","96.03","95.68","","0.24%"
"2019- 01- 07","95.67","96.16","96.16","95.64","","-0.53%"
"2019- 01- 04","96.18","96.28","96.61","96.05","","-0.13%"
"2019- 01- 03","96.31","96.72","96.75","96.21","","-0.53%"
"2019- 01- 02","96.82","96.14","96.96","95.82","","0.68%"
"2019- 01- 01","96.17","96.15","96.32","95.65","","0.00%"
"2018- 12- 31","96.17","96.40","96.51","96.00","","-0.24%"
"2018- 12- 28","96.40","96.51","96.52","96.19","","-0.08%"
"2018- 12- 27","96.48","96.92","96.94","96.41","","-0.59%"
"2018- 12- 26","97.05","96.58","97.12","96.53","","0.52%"
"2018- 12- 25","96.55","96.56","96.96","96.47","","0.00%"
"2018- 12- 24","96.55","96.94","96.94","96.38","","-0.42%"
"2018- 12- 21","96.96","96.39","97.05","96.25","","0.71%"
"2018- 12- 20","96.28","96.99","97.04","96.17","","-0.77%"
"2018- 12- 19","97.03","96.91","97.10","96.55","","-0.07%"
"2018- 12- 18","97.10","97.13","97.17","96.70","","0.00%"
"2018- 12- 17","97.10","97.43","97.46","97.05","","-0.35%"
"2018- 12- 14","97.44","97.09","97.71","97.08","","0.39%"
"2018- 12- 13","97.06","97.04","97.29","96.88","","0.02%"
"2018- 12- 12","97.04","97.38","97.49","96.89","","-0.36%"
"2018- 12- 11","97.39","97.18","97.55","96.87","","0.17%"
"2018- 12- 10","97.22","96.72","97.24","96.36","","0.74%"
"2018- 12- 07","96.51","96.80","96.92","96.51","","-0.31%"
"2018- 12- 06","96.81","97.01","97.20","96.55","","-0.27%"
"2018- 12- 05","97.07","97.01","97.20","96.83","","0.10%"
"2018- 12- 04","96.97","96.94","97.13","96.38","","-0.07%"
"2018- 12- 03","97.04","97.13","97.16","96.71","","-0.24%"
"2018- 11- 30","97.27","96.76","97.31","96.71","","0.51%"
"2018- 11- 29","96.78","96.84","97.00","96.63","","-0.01%"
"2018- 11- 28","96.79","97.37","97.54","96.69","","-0.60%"
"2018- 11- 27","97.37","97.03","97.50","96.97","","0.31%"
"2018- 11- 26","97.07","96.93","97.10","96.66","","0.15%"
"2018- 11- 23","96.92","96.51","96.98","96.40","","0.22%"
"2018- 11- 22","96.71","96.72","96.72","96.32","","0.00%"
"2018- 11- 21","96.71","96.82","96.87","96.50","","-0.13%"
"2018- 11- 20","96.84","96.20","96.89","96.04","","0.68%"
"2018- 11- 19","96.19","96.43","96.57","96.12","","-0.29%"
"2018- 11- 16","96.47","97.05","97.06","96.40","","-0.47%"
"2018- 11- 15","96.93","97.01","97.39","96.77","","0.13%"
"2018- 11- 14","96.80","97.03","97.41","96.75","","-0.51%"
"2018- 11- 13","97.30","97.60","97.66","96.94","","-0.25%"
"2018- 11- 12","97.54","97.05","97.69","96.97","","0.65%"
"2018- 11- 09","96.91","96.63","97.01","96.62","","0.20%"
"2018- 11- 08","96.72","96.19","96.74","96.07","","0.75%"
"2018- 11- 07","96.00","95.99","96.46","95.68","","-0.33%"
"2018- 11- 06","96.32","96.33","96.45","96.14","","0.04%"
"2018- 11- 05","96.28","96.44","96.68","96.25","","-0.27%"
"2018- 11- 02","96.54","96.31","96.59","95.99","","0.27%"
"2018- 11- 01","96.28","97.08","97.11","96.20","","-0.88%"
"2018- 10- 31","97.13","96.99","97.20","96.88","","0.12%"
"2018- 10- 30","97.01","96.66","97.02","96.62","","0.45%"
"2018- 10- 29","96.58","96.44","96.70","96.35","","0.23%"
"2018- 10- 26","96.36","96.59","96.86","96.29","","-0.33%"
"2018- 10- 25","96.68","96.36","96.73","96.21","","0.26%"
"2018- 10- 24","96.43","95.92","96.53","95.91","","0.49%"
"2018- 10- 23","95.96","96.03","96.16","95.81","","-0.05%"
"2018- 10- 22","96.01","95.66","96.09","95.47","","0.31%"
"2018- 10- 19","95.71","95.95","96.09","95.54","","-0.20%"
"2018- 10- 18","95.90","95.66","95.99","95.49","","0.33%"
"2018- 10- 17","95.58","95.09","95.66","95.06","","0.56%"
"2018- 10- 16","95.05","95.05","95.20","94.79","","-0.01%"
"2018- 10- 15","95.06","95.35","95.37","94.95","","-0.17%"
"2018- 10- 12","95.22","95.04","95.37","94.95","","0.21%"
"2018- 10- 11","95.02","95.43","95.43","94.99","","-0.51%"
"2018- 10- 10","95.51","95.59","95.79","95.38","","-0.17%"
"2018- 10- 09","95.67","95.75","96.16","95.64","","-0.09%"
"2018- 10- 08","95.76","95.62","96.03","95.59","","0.15%"
"2018- 10- 05","95.62","95.76","95.94","95.52","","-0.14%"
"2018- 10- 04","95.75","96.05","96.12","95.55","","-0.01%"
"2018- 10- 03","95.76","95.46","96.12","95.26","","0.26%"
"2018- 10- 02","95.51","95.30","95.74","95.26","","0.22%"
"2018- 10- 01","95.30","95.11","95.37","95.00","","0.18%"
"2018- 09- 28","95.13","95.02","95.37","94.92","","0.25%"
"2018- 09- 27","94.89","94.25","95.01","94.21","","0.74%"
"2018- 09- 26","94.19","94.17","94.40","93.95","","0.06%"
"2018- 09- 25","94.13","94.25","94.37","94.01","","-0.06%"
"2018- 09- 24","94.19","94.23","94.37","93.84","","-0.03%"
"2018- 09- 21","94.22","93.89","94.33","93.81","","0.33%"
"2018- 09- 20","93.91","94.55","94.56","93.83","","-0.67%"
"2018- 09- 19","94.54","94.54","94.73","94.32","","-0.11%"
"2018- 09- 18","94.64","94.61","94.73","94.31","","0.15%"
"2018- 09- 17","94.50","94.93","94.98","94.44","","-0.45%"
"2018- 09- 14","94.93","94.55","95.00","94.36","","0.43%"
"2018- 09- 13","94.52","94.83","94.97","94.43","","-0.30%"
"2018- 09- 12","94.80","95.10","95.28","94.73","","-0.47%"
"2018- 09- 11","95.25","95.15","95.35","94.88","","0.11%"
"2018- 09- 10","95.15","95.43","95.56","95.03","","-0.22%"
"2018- 09- 07","95.36","95.02","95.46","94.87","","0.36%"
"2018- 09- 06","95.02","95.10","95.21","94.93","","-0.17%"
"2018- 09- 05","95.18","95.40","95.66","95.08","","-0.27%"
"2018- 09- 04","95.44","95.14","95.74","95.14","","0.32%"
"2018- 09- 03","95.14","95.19","95.22","95.01","","0.00%"
"2018- 08- 31","95.14","94.70","95.22","94.55","","0.44%"
"2018- 08- 30","94.72","94.53","94.90","94.47","","0.13%"
"2018- 08- 29","94.60","94.73","94.93","94.53","","-0.13%"
"2018- 08- 28","94.72","94.77","94.91","94.43","","-0.06%"
"2018- 08- 27","94.78","95.17","95.30","94.69","","-0.39%"
"2018- 08- 24","95.15","95.64","95.69","95.03","","-0.54%"
"2018- 08- 23","95.67","95.17","95.71","95.15","","0.55%"
"2018- 08- 22","95.15","95.21","95.38","94.93","","-0.12%"
"2018- 08- 21","95.26","95.74","95.75","95.08","","-0.67%"
"2018- 08- 20","95.90","96.13","96.40","95.73","","-0.21%"
"2018- 08- 17","96.10","96.61","96.66","96.09","","-0.56%"
"2018- 08- 16","96.64","96.72","96.77","96.32","","-0.06%"
"2018- 08- 15","96.70","96.66","96.98","96.65","","-0.03%"
"2018- 08- 14","96.73","96.33","96.79","96.14","","0.35%"
"2018- 08- 13","96.39","96.32","96.52","96.16","","0.03%"
"2018- 08- 10","96.36","95.64","96.45","95.53","","0.90%"
"2018- 08- 09","95.50","95.10","95.62","95.03","","0.47%"
"2018- 08- 08","95.05","95.14","95.42","94.99","","-0.18%"
"2018- 08- 07","95.22","95.34","95.37","94.99","","-0.15%"
"2018- 08- 06","95.36","95.20","95.52","95.20","","0.23%"
"2018- 08- 03","95.14","95.18","95.37","94.98","","-0.02%"
"2018- 08- 02","95.16","94.63","95.19","94.61","","0.57%"
"2018- 08- 01","94.62","94.56","94.71","94.49","","0.14%"
"2018- 07- 31","94.49","94.33","94.57","94.16","","0.18%"
"2018- 07- 30","94.32","94.66","94.76","94.26","","-0.37%"
"2018- 07- 27","94.67","94.76","94.91","94.63","","-0.08%"
"2018- 07- 26","94.75","94.16","94.80","94.08","","0.41%"
"2018- 07- 25","94.36","94.59","94.67","94.14","","-0.26%"
"2018- 07- 24","94.61","94.67","94.86","94.40","","-0.06%"
"2018- 07- 23","94.67","94.43","94.72","94.21","","0.23%"
"2018- 07- 20","94.45","95.13","95.28","94.36","","-0.74%"
"2018- 07- 19","95.15","95.08","95.65","94.93","","0.07%"
"2018- 07- 18","95.08","95.03","95.41","94.96","","0.15%"
"2018- 07- 17","94.94","94.55","95.06","94.30","","0.45%"
"2018- 07- 16","94.51","94.69","94.77","94.41","","-0.25%"
"2018- 07- 13","94.75","94.89","95.24","94.67","","-0.06%"
"2018- 07- 12","94.81","94.70","94.94","94.64","","0.10%"
"2018- 07- 11","94.72","94.20","94.77","94.09","","0.61%"
"2018- 07- 10","94.15","94.06","94.47","94.02","","0.07%"
"2018- 07- 09","94.08","93.97","94.21","93.71","","0.04%"
"2018- 07- 06","94.04","94.36","94.49","93.92","","-0.46%"
"2018- 07- 05","94.47","94.51","94.59","94.18","","-0.21%"
"2018- 07- 04","94.67","94.52","94.71","94.40","","0.00%"
"2018- 07- 03","94.67","94.84","94.98","94.56","","-0.38%"
"2018- 07- 02","95.03","94.63","95.14","94.53","","0.41%"
"2018- 06- 29","94.64","95.30","95.32","94.47","","-0.79%"
"2018- 06- 28","95.39","95.27","95.53","95.09","","0.13%"
"2018- 06- 27","95.27","94.67","95.42","94.53","","0.64%"
"2018- 06- 26","94.66","94.29","94.77","94.17","","0.40%"
"2018- 06- 25","94.28","94.50","94.70","94.21","","-0.25%"
"2018- 06- 22","94.52","94.86","94.88","94.43","","-0.23%"
"2018- 06- 21","94.74","95.13","95.53","94.68","","-0.34%"
"2018- 06- 20","95.06","94.97","95.30","94.92","","-0.02%"
"2018- 06- 19","95.08","94.63","95.30","94.53","","0.30%"
"2018- 06- 18","94.80","94.79","95.05","94.70","","0.01%"
"2018- 06- 15","94.79","94.91","95.13","94.65","","0.02%"
"2018- 06- 14","94.77","93.50","94.93","93.19","","1.13%"
"2018- 06- 13","93.71","93.83","94.03","93.52","","-0.10%"
"2018- 06- 12","93.80","93.67","93.91","93.47","","0.24%"
"2018- 06- 11","93.58","93.54","93.68","93.37","","0.03%"
"2018- 06- 08","93.55","93.44","93.82","93.39","","0.16%"
"2018- 06- 07","93.40","93.58","93.59","93.21","","-0.28%"
"2018- 06- 06","93.66","93.88","93.89","93.42","","-0.26%"
"2018- 06- 05","93.90","94.06","94.32","93.78","","-0.13%"
"2018- 06- 04","94.02","94.16","94.19","93.66","","-0.18%"
"2018- 06- 01","94.19","93.95","94.45","93.88","","0.22%"
"2018- 05- 31","93.98","94.07","94.25","93.72","","-0.18%"
"2018- 05- 30","94.15","94.82","94.97","94.04","","-0.72%"
"2018- 05- 29","94.83","94.41","95.03","94.28","","0.68%"
"2018- 05- 28","94.19","94.25","94.50","93.86","","0.00%"
"2018- 05- 25","94.19","93.80","94.30","93.75","","0.46%"
"2018- 05- 24","93.76","93.90","93.98","93.61","","-0.26%"
"2018- 05- 23","94.00","93.55","94.19","93.51","","0.42%"
"2018- 05- 22","93.61","93.54","93.73","93.29","","-0.07%"
"2018- 05- 21","93.68","93.69","94.06","93.51","","0.04%"
"2018- 05- 18","93.64","93.50","93.83","93.34","","0.18%"
"2018- 05- 17","93.47","93.26","93.56","93.12","","0.09%"
"2018- 05- 16","93.39","93.31","93.63","93.14","","0.18%"
"2018- 05- 15","93.22","92.65","93.46","92.61","","0.68%"
"2018- 05- 14","92.59","92.55","92.69","92.24","","0.05%"
"2018- 05- 11","92.54","92.69","92.84","92.37","","-0.12%"
"2018- 05- 10","92.65","93.08","93.16","92.54","","-0.42%"
"2018- 05- 09","93.04","93.05","93.42","92.84","","-0.09%"
"2018- 05- 08","93.12","92.73","93.28","92.65","","0.40%"
"2018- 05- 07","92.75","92.57","92.97","92.45","","0.19%"
"2018- 05- 04","92.57","92.43","92.90","92.35","","0.17%"
"2018- 05- 03","92.41","92.72","92.76","92.34","","-0.11%"
"2018- 05- 02","92.51","92.47","92.83","92.22","","0.06%"
"2018- 05- 01","92.45","91.81","92.57","91.80","","0.66%"
"2018- 04- 30","91.84","91.53","91.92","91.48","","0.33%"
"2018- 04- 27","91.54","91.56","91.99","91.49","","-0.02%"
"2018- 04- 26","91.56","91.21","91.64","90.96","","0.43%"
"2018- 04- 25","91.17","90.76","91.26","90.75","","0.44%"
"2018- 04- 24","90.77","90.92","91.08","90.71","","-0.20%"
"2018- 04- 23","90.95","90.35","90.98","90.32","","0.70%"
"2018- 04- 20","90.32","89.90","90.48","89.89","","0.42%"
"2018- 04- 19","89.94","89.62","89.95","89.50","","0.36%"
"2018- 04- 18","89.62","89.50","89.78","89.45","","0.11%"
"2018- 04- 17","89.52","89.41","89.67","89.23","","0.11%"
"2018- 04- 16","89.42","89.77","89.85","89.39","","-0.42%"
"2018- 04- 13","89.80","89.76","89.88","89.66","","0.06%"
"2018- 04- 12","89.75","89.52","89.96","89.44","","0.20%"
"2018- 04- 11","89.57","89.58","89.67","89.36","","-0.02%"
"2018- 04- 10","89.59","89.83","89.97","89.54","","-0.28%"
"2018- 04- 09","89.84","90.07","90.27","89.82","","-0.30%"
"2018- 04- 06","90.11","90.38","90.60","90.07","","-0.39%"
"2018- 04- 05","90.46","90.09","90.59","90.07","","0.36%"
"2018- 04- 04","90.14","90.16","90.23","89.92","","-0.07%"
"2018- 04- 03","90.20","90.02","90.28","89.85","","0.17%"
"2018- 04- 02","90.05","89.97","90.15","89.82","","0.09%"
"2018- 03- 30","89.97","90.10","90.12","89.88","","-0.20%"
"2018- 03- 29","90.15","90.11","90.18","89.90","","0.10%"
"2018- 03- 28","90.06","89.32","90.15","89.25","","0.82%"
"2018- 03- 27","89.33","89.02","89.63","88.94","","0.34%"
"2018- 03- 26","89.03","89.47","89.52","88.98","","-0.50%"
"2018- 03- 23","89.48","89.67","89.74","89.40","","-0.42%"
"2018- 03- 22","89.86","89.65","89.96","89.40","","0.09%"
"2018- 03- 21","89.78","90.41","90.40","89.63","","-0.65%"
"2018- 03- 20","90.37","89.88","90.44","89.85","","0.67%"
"2018- 03- 19","89.77","90.20","90.34","89.76","","-0.51%"
"2018- 03- 16","90.23","90.14","90.38","89.89","","0.10%"
"2018- 03- 15","90.14","89.75","90.17","89.62","","0.49%"
"2018- 03- 14","89.70","89.70","89.89","89.56","","0.04%"
"2018- 03- 13","89.66","89.91","90.11","89.59","","-0.26%"
"2018- 03- 12","89.89","90.11","90.19","89.84","","-0.22%"
"2018- 03- 09","90.09","90.20","90.36","90.00","","-0.10%"
"2018- 03- 08","90.18","89.59","90.23","89.44","","0.60%"
"2018- 03- 07","89.64","89.51","89.78","89.41","","0.02%"
"2018- 03- 06","89.62","89.96","90.06","89.43","","-0.51%"
"2018- 03- 05","90.08","89.83","90.22","89.83","","0.16%"
"2018- 03- 02","89.94","90.25","90.29","89.88","","-0.42%"
"2018- 03- 01","90.32","90.67","90.93","90.21","","-0.32%"
"2018- 02- 28","90.61","90.41","90.70","90.31","","0.28%"
"2018- 02- 27","90.36","89.80","90.50","89.69","","0.57%"
"2018- 02- 26","89.85","89.96","90.05","89.50","","-0.03%"
"2018- 02- 23","89.88","89.78","90.06","89.76","","0.16%"
"2018- 02- 22","89.74","90.16","90.23","89.64","","-0.29%"
"2018- 02- 21","90.00","89.71","90.16","89.59","","0.31%"
"2018- 02- 20","89.72","89.24","89.80","89.22","","0.70%"
"2018- 02- 19","89.10","89.10","89.44","88.95","","0.00%"
"2018- 02- 16","89.10","88.57","89.23","88.25","","0.58%"
"2018- 02- 15","88.59","88.96","89.00","88.54","","-0.59%"
"2018- 02- 14","89.12","89.69","90.12","88.94","","-0.65%"
"2018- 02- 13","89.70","90.09","90.18","89.61","","-0.57%"
"2018- 02- 12","90.21","90.35","90.43","90.07","","-0.25%"
"2018- 02- 09","90.44","90.25","90.56","90.12","","0.23%"
"2018- 02- 08","90.23","90.27","90.57","90.01","","-0.02%"
"2018- 02- 07","90.25","89.63","90.40","89.47","","0.75%"
"2018- 02- 06","89.58","89.66","90.03","89.37","","0.03%"
"2018- 02- 05","89.55","89.35","89.70","89.02","","0.40%"
"2018- 02- 02","89.19","88.64","89.42","88.59","","0.59%"
"2018- 02- 01","88.67","89.04","89.33","88.56","","-0.52%"
"2018- 01- 31","89.13","89.10","89.30","88.78","","-0.03%"
"2018- 01- 30","89.16","89.36","89.64","88.91","","-0.17%"
"2018- 01- 29","89.31","89.11","89.62","89.01","","0.27%"
"2018- 01- 26","89.07","89.40","89.40","88.72","","-0.36%"
"2018- 01- 25","89.39","89.32","89.58","88.44","","0.20%"
"2018- 01- 24","89.21","90.00","90.11","89.16","","-1.01%"
"2018- 01- 23","90.12","90.39","90.59","90.06","","-0.31%"
"2018- 01- 22","90.40","90.44","90.70","90.35","","-0.19%"
"2018- 01- 19","90.57","90.50","90.70","90.16","","0.08%"
"2018- 01- 18","90.50","90.78","90.98","90.41","","-0.04%"
"2018- 01- 17","90.54","90.41","91.00","90.11","","0.17%"
"2018- 01- 16","90.39","90.44","90.82","90.34","","-0.64%"
"2018- 01- 15","90.97","90.94","90.94","90.28","","0.00%"
"2018- 01- 12","90.97","91.85","91.88","90.90","","-0.96%"
"2018- 01- 11","91.85","92.33","92.55","91.79","","-0.52%"
"2018- 01- 10","92.33","92.57","92.57","91.92","","-0.22%"
"2018- 01- 09","92.53","92.34","92.64","92.21","","0.18%"
"2018- 01- 08","92.36","92.06","92.40","91.88","","0.45%"
"2018- 01- 05","91.95","91.87","92.10","91.78","","0.11%"
"2018- 01- 04","91.85","92.22","92.26","91.80","","-0.34%"
"2018- 01- 03","92.16","91.82","92.26","91.81","","0.32%"
"2018- 01- 02","91.87","92.24","92.25","91.75","","-0.41%"
"2018- 01- 01","92.25","92.29","92.32","92.18","","-0.04%"
"2017- 12- 31","92.28","92.28","92.28","92.28","","0.18%"
"2017- 12- 29","92.12","92.67","92.67","92.08","","-0.52%"
"2017- 12- 28","92.60","93.00","93.02","92.57","","-0.46%"
"2017- 12- 27","93.03","93.30","93.31","92.96","","-0.25%"
"2017- 12- 26","93.26","93.25","93.40","93.20","","-0.10%"
"2017- 12- 25","93.35","93.37","93.40","93.19","","0.00%"
"2017- 12- 22","93.35","93.37","93.56","93.31","","0.08%"
"2017- 12- 21","93.28","93.31","93.50","93.23","","-0.03%"
"2017- 12- 20","93.31","93.50","93.53","93.16","","-0.14%"
"2017- 12- 19","93.44","93.71","93.76","93.43","","-0.27%"
"2017- 12- 18","93.69","93.98","94.03","93.38","","-0.26%"
"2017- 12- 15","93.93","93.65","94.00","93.41","","0.47%"
"2017- 12- 14","93.49","93.41","93.76","93.28","","0.06%"
"2017- 12- 13","93.43","94.06","94.11","93.39","","-0.71%"
"2017- 12- 12","94.10","93.91","94.22","93.76","","0.25%"
"2017- 12- 11","93.87","93.93","93.98","93.67","","-0.03%"
"2017- 12- 08","93.90","93.79","94.09","93.77","","0.11%"
"2017- 12- 07","93.80","93.54","93.80","93.51","","0.20%"
"2017- 12- 06","93.61","93.31","93.65","93.17","","0.25%"
"2017- 12- 05","93.38","93.08","93.49","93.03","","0.20%"
"2017- 12- 04","93.19","93.17","93.36","93.07","","0.32%"
"2017- 12- 01","92.89","93.03","93.25","92.60","","-0.17%"
"2017- 11- 30","93.05","93.26","93.50","92.73","","-0.12%"
"2017- 11- 29","93.16","93.22","93.44","92.99","","-0.12%"
"2017- 11- 28","93.27","92.89","93.34","92.83","","0.40%"
"2017- 11- 27","92.90","92.73","92.98","92.50","","0.13%"
"2017- 11- 24","92.78","93.12","93.25","92.67","","-0.47%"
"2017- 11- 23","93.22","93.30","93.31","93.07","","0.00%"
"2017- 11- 22","93.22","93.93","93.96","93.21","","-0.78%"
"2017- 11- 21","93.95","94.04","94.17","93.88","","-0.14%"
"2017- 11- 20","94.08","93.71","94.10","93.58","","0.45%"
"2017- 11- 17","93.66","93.87","93.93","93.51","","-0.29%"
"2017- 11- 16","93.93","93.84","94.00","93.77","","0.13%"
"2017- 11- 15","93.81","93.86","93.93","93.40","","-0.02%"
"2017- 11- 14","93.83","94.52","94.54","93.75","","-0.70%"
"2017- 11- 13","94.49","94.42","94.64","94.40","","0.11%"
"2017- 11- 10","94.39","94.50","94.65","94.26","","-0.05%"
"2017- 11- 09","94.44","94.88","94.96","94.42","","-0.45%"
"2017- 11- 08","94.87","94.80","94.97","94.78","","-0.04%"
"2017- 11- 07","94.91","94.72","95.15","94.70","","0.16%"
"2017- 11- 06","94.76","94.87","95.08","94.69","","-0.19%"
"2017- 11- 03","94.94","94.73","95.02","94.41","","0.26%"
"2017- 11- 02","94.69","94.80","94.80","94.41","","-0.13%"
"2017- 11- 01","94.81","94.55","94.85","94.51","","0.27%"
"2017- 10- 31","94.55","94.54","94.70","94.45","","-0.01%"
"2017- 10- 30","94.56","94.83","94.90","94.44","","-0.38%"
"2017- 10- 27","94.92","94.72","95.15","94.73","","0.33%"
"2017- 10- 26","94.61","93.63","94.72","93.48","","0.96%"
"2017- 10- 25","93.71","93.94","94.01","93.61","","-0.06%"
"2017- 10- 24","93.77","93.83","93.99","93.68","","-0.18%"
"2017- 10- 23","93.94","93.82","94.02","93.68","","0.26%"
"2017- 10- 20","93.70","93.16","93.78","93.12","","0.58%"
"2017- 10- 19","93.16","93.42","93.55","93.06","","-0.21%"
"2017- 10- 18","93.36","93.48","93.80","93.36","","-0.16%"
"2017- 10- 17","93.51","93.31","93.73","93.28","","0.21%"
"2017- 10- 16","93.31","93.08","93.36","93.08","","0.24%"
"2017- 10- 13","93.09","93.09","93.24","92.75","","0.03%"
"2017- 10- 12","93.06","92.95","93.23","92.80","","0.04%"
"2017- 10- 11","93.02","93.25","93.37","92.90","","-0.29%"
"2017- 10- 10","93.29","93.73","93.74","93.14","","-0.41%"
"2017- 10- 09","93.67","93.77","93.84","93.62","","-0.14%"
"2017- 10- 06","93.80","93.92","94.27","93.77","","-0.17%"
"2017- 10- 05","93.96","93.48","93.99","93.41","","0.53%"
"2017- 10- 04","93.46","93.57","93.58","93.26","","-0.12%"
"2017- 10- 03","93.57","93.60","93.92","93.43","","0.01%"
"2017- 10- 02","93.56","93.22","93.66","93.12","","0.52%"
"2017- 09- 29","93.08","93.17","93.27","92.95","","0.00%"
"2017- 09- 28","93.08","93.47","93.67","93.07","","-0.30%"
"2017- 09- 27","93.36","93.04","93.61","93.00","","0.42%"
"2017- 09- 26","92.97","92.60","93.29","92.55","","0.35%"
"2017- 09- 25","92.65","92.42","92.72","92.21","","0.52%"
"2017- 09- 22","92.17","92.18","92.22","91.78","","-0.02%"
"2017- 09- 21","92.19","92.47","92.66","92.10","","-0.35%"
"2017- 09- 20","92.51","91.83","92.70","91.53","","0.78%"
"2017- 09- 19","91.79","91.98","92.05","91.75","","-0.28%"
"2017- 09- 18","92.05","91.95","92.21","91.80","","0.20%"
"2017- 09- 15","91.87","92.00","92.17","91.58","","-0.27%"
"2017- 09- 14","92.12","92.35","92.66","91.97","","-0.43%"
"2017- 09- 13","92.52","91.88","92.53","91.71","","0.70%"
"2017- 09- 12","91.88","91.86","92.08","91.77","","-0.02%"
"2017- 09- 11","91.90","91.44","91.98","91.42","","0.60%"
"2017- 09- 08","91.35","91.49","91.51","91.01","","-0.34%"
"2017- 09- 07","91.66","92.20","92.25","91.41","","-0.68%"
"2017- 09- 06","92.29","92.24","92.38","91.99","","0.04%"
"2017- 09- 05","92.25","92.60","92.73","92.18","","-0.42%"
"2017- 09- 04","92.64","92.66","92.70","92.44","","-0.18%"
"2017- 09- 01","92.81","92.61","92.93","92.10","","0.15%"
"2017- 08- 31","92.67","92.85","93.35","92.56","","-0.23%"
"2017- 08- 30","92.88","92.30","92.95","92.25","","0.68%"
"2017- 08- 29","92.25","92.22","92.47","91.62","","0.04%"
"2017- 08- 28","92.21","92.32","92.55","92.17","","-0.57%"
"2017- 08- 25","92.74","93.27","93.44","92.42","","-0.58%"
"2017- 08- 24","93.28","93.16","93.38","93.14","","0.14%"
"2017- 08- 23","93.15","93.51","93.63","93.13","","-0.43%"
"2017- 08- 22","93.55","93.14","93.58","93.06","","0.49%"
"2017- 08- 21","93.09","93.45","93.58","93.00","","-0.36%"
"2017- 08- 18","93.43","93.68","93.76","93.33","","-0.20%"
"2017- 08- 17","93.62","93.44","94.08","93.31","","0.09%"
"2017- 08- 16","93.54","93.83","94.14","93.47","","-0.33%"
"2017- 08- 15","93.85","93.46","94.14","93.44","","0.47%"
"2017- 08- 14","93.41","93.07","93.50","93.05","","0.37%"
"2017- 08- 11","93.07","93.43","93.51","92.93","","-0.35%"
"2017- 08- 10","93.40","93.50","93.81","93.32","","-0.16%"
"2017- 08- 09","93.55","93.56","93.89","93.49","","-0.11%"
"2017- 08- 08","93.65","93.44","93.88","93.24","","0.24%"
"2017- 08- 07","93.43","93.51","93.54","93.30","","-0.12%"
"2017- 08- 04","93.54","92.76","93.77","92.70","","0.75%"
"2017- 08- 03","92.84","92.90","93.04","92.68","","0.00%"
"2017- 08- 02","92.84","93.06","93.16","92.55","","-0.21%"
"2017- 08- 01","93.04","92.89","93.12","92.78","","0.19%"
"2017- 07- 31","92.86","93.36","93.53","92.78","","-0.43%"
"2017- 07- 28","93.26","93.87","93.95","93.26","","-0.64%"
"2017- 07- 27","93.86","93.46","94.10","93.15","","0.20%"
"2017- 07- 26","93.67","94.09","94.28","93.37","","-0.40%"
"2017- 07- 25","94.05","94.03","94.12","93.64","","0.07%"
"2017- 07- 24","93.98","93.94","94.12","93.82","","0.13%"
"2017- 07- 21","93.86","94.30","94.36","93.85","","-0.48%"
"2017- 07- 20","94.31","94.77","95.17","94.09","","-0.50%"
"2017- 07- 19","94.78","94.69","94.89","94.64","","0.19%"
"2017- 07- 18","94.60","95.16","95.19","94.48","","-0.56%"
"2017- 07- 17","95.13","95.09","95.35","95.02","","-0.02%"
"2017- 07- 14","95.15","95.80","95.83","95.09","","-0.61%"
"2017- 07- 13","95.73","95.78","95.92","95.46","","-0.03%"
"2017- 07- 12","95.76","95.71","95.98","95.51","","0.09%"
"2017- 07- 11","95.67","96.07","96.20","95.65","","-0.36%"
"2017- 07- 10","96.02","96.03","96.20","95.95","","0.01%"
"2017- 07- 07","96.01","95.80","96.15","95.75","","0.22%"
"2017- 07- 06","95.80","96.19","96.34","95.78","","-0.51%"
"2017- 07- 05","96.29","96.19","96.51","96.07","","0.07%"
"2017- 07- 04","96.22","96.16","96.33","96.05","","0.00%"
"2017- 07- 03","96.22","95.65","96.24","95.63","","0.62%"
"2017- 06- 30","95.63","95.54","95.83","95.47","","0.00%"
"2017- 06- 29","95.63","96.04","96.05","95.53","","-0.40%"
"2017- 06- 28","96.01","96.43","96.62","95.97","","-0.39%"
"2017- 06- 27","96.39","97.43","97.45","96.34","","-1.07%"
"2017- 06- 26","97.43","97.24","97.47","97.11","","0.17%"
"2017- 06- 23","97.26","97.56","97.58","97.18","","-0.34%"
"2017- 06- 22","97.59","97.55","97.65","97.43","","0.03%"
"2017- 06- 21","97.56","97.73","97.80","97.52","","-0.20%"
"2017- 06- 20","97.76","97.53","97.87","97.43","","0.22%"
"2017- 06- 19","97.55","97.10","97.58","97.05","","0.40%"
"2017- 06- 16","97.16","97.48","97.56","97.10","","-0.28%"
"2017- 06- 15","97.43","96.93","97.56","96.84","","0.51%"
"2017- 06- 14","96.94","97.00","97.12","96.32","","-0.03%"
"2017- 06- 13","96.97","97.17","97.28","96.95","","-0.18%"
"2017- 06- 12","97.14","97.22","97.32","97.04","","-0.13%"
"2017- 06- 09","97.27","97.18","97.50","97.14","","0.36%"
"2017- 06- 08","96.92","96.70","97.23","96.59","","0.18%"
"2017- 06- 07","96.75","96.54","96.98","96.51","","0.11%"
"2017- 06- 06","96.64","96.79","96.80","96.52","","-0.17%"
"2017- 06- 05","96.80","96.73","96.97","96.70","","0.08%"
"2017- 06- 02","96.72","97.19","97.31","96.65","","-0.49%"
"2017- 06- 01","97.20","96.99","97.32","96.90","","0.29%"
"2017- 05- 31","96.92","97.43","97.50","96.86","","-0.37%"
"2017- 05- 30","97.28","97.63","97.78","97.22","","-0.16%"
"2017- 05- 29","97.44","97.43","97.61","97.33","","0.00%"
"2017- 05- 26","97.44","97.23","97.55","97.04","","0.20%"
"2017- 05- 25","97.25","97.07","97.28","96.88","","0.01%"
"2017- 05- 24","97.24","97.34","97.47","97.03","","-0.11%"
"2017- 05- 23","97.35","96.95","97.42","96.80","","0.38%"
"2017- 05- 22","96.98","97.22","97.44","96.80","","-0.16%"
"2017- 05- 19","97.14","97.85","97.85","97.08","","-0.76%"
"2017- 05- 18","97.88","97.44","98.07","97.37","","0.31%"
"2017- 05- 17","97.58","98.09","98.13","97.33","","-0.54%"
"2017- 05- 16","98.11","98.88","98.89","98.08","","-0.81%"
"2017- 05- 15","98.91","99.15","99.26","98.79","","-0.34%"
"2017- 05- 12","99.25","99.63","99.70","99.16","","-0.37%"
"2017- 05- 11","99.62","99.66","99.89","99.49","","-0.05%"
"2017- 05- 10","99.67","99.48","99.72","99.36","","0.01%"
"2017- 05- 09","99.66","99.14","99.69","99.08","","0.61%"
"2017- 05- 08","99.06","98.79","99.19","98.60","","0.42%"
"2017- 05- 05","98.65","98.77","98.97","98.54","","-0.15%"
"2017- 05- 04","98.80","99.35","99.46","98.71","","-0.41%"
"2017- 05- 03","99.21","98.92","99.39","98.89","","0.23%"
"2017- 05- 02","98.98","99.07","99.22","98.92","","-0.10%"
"2017- 05- 01","99.08","98.93","99.21","98.89","","0.03%"
"2017- 04- 28","99.05","99.17","99.25","98.72","","-0.03%"
"2017- 04- 27","99.08","98.95","99.33","98.81","","0.03%"
"2017- 04- 26","99.05","98.85","99.33","98.73","","0.27%"
"2017- 04- 25","98.78","99.05","99.22","98.69","","-0.31%"
"2017- 04- 24","99.09","98.97","99.33","98.91","","-0.89%"
"2017- 04- 21","99.98","99.83","100.03","99.65","","0.20%"
"2017- 04- 20","99.78","99.78","99.85","99.37","","0.04%"
"2017- 04- 19","99.74","99.51","99.89","99.51","","0.24%"
"2017- 04- 18","99.50","100.34","100.40","99.47","","-0.79%"
"2017- 04- 17","100.29","100.49","100.47","100.00","","-0.27%"
"2017- 04- 14","100.56","100.58","100.61","100.36","","0.00%"
"2017- 04- 13","100.56","100.16","100.60","100.01","","-0.22%"
"2017- 04- 12","100.78","100.73","100.82","100.09","","0.07%"
"2017- 04- 11","100.71","100.97","101.08","100.58","","-0.31%"
"2017- 04- 10","101.02","101.18","101.34","100.94","","-0.16%"
"2017- 04- 07","101.18","100.73","101.26","100.52","","0.51%"
"2017- 04- 06","100.67","100.50","100.77","100.38","","0.11%"
"2017- 04- 05","100.56","100.52","100.85","100.41","","0.02%"
"2017- 04- 04","100.54","100.49","100.73","100.42","","0.00%"
"2017- 04- 03","100.54","100.50","100.69","100.37","","0.19%"
"2017- 03- 31","100.35","100.49","100.65","100.25","","-0.06%"
"2017- 03- 30","100.41","99.96","100.60","99.92","","0.41%"
"2017- 03- 29","100.00","99.70","100.13","99.67","","0.29%"
"2017- 03- 28","99.71","99.22","99.79","99.11","","0.54%"
"2017- 03- 27","99.17","99.47","99.53","98.86","","-0.46%"
"2017- 03- 24","99.63","99.77","100.00","99.53","","-0.13%"
"2017- 03- 23","99.76","99.75","99.87","99.63","","0.08%"
"2017- 03- 22","99.68","99.69","99.93","99.55","","-0.13%"
"2017- 03- 21","99.81","100.37","100.47","99.66","","-0.60%"
"2017- 03- 20","100.41","100.36","100.45","100.02","","0.11%"
"2017- 03- 17","100.30","100.24","100.47","100.14","","-0.06%"
"2017- 03- 16","100.36","100.56","100.75","100.21","","-0.38%"
"2017- 03- 15","100.74","101.71","101.72","100.49","","-0.94%"
"2017- 03- 14","101.70","101.40","101.79","101.34","","0.38%"
"2017- 03- 13","101.31","101.31","101.39","101.01","","0.06%"
"2017- 03- 10","101.25","101.99","102.00","101.17","","-0.59%"
"2017- 03- 09","101.85","102.11","102.25","101.70","","-0.22%"
"2017- 03- 08","102.07","101.79","102.19","101.71","","0.26%"
"2017- 03- 07","101.81","101.68","101.91","101.53","","0.17%"
"2017- 03- 06","101.64","101.40","101.75","101.22","","0.10%"
"2017- 03- 03","101.54","102.13","102.17","101.34","","-0.65%"
"2017- 03- 02","102.20","101.92","102.26","101.78","","0.41%"
"2017- 03- 01","101.78","101.43","101.97","101.23","","0.65%"
"2017- 02- 28","101.12","101.21","101.40","100.78","","-0.01%"
"2017- 02- 27","101.13","101.11","101.27","100.69","","0.04%"
"2017- 02- 24","101.09","100.95","101.17","100.66","","0.04%"
"2017- 02- 23","101.05","101.38","101.44","100.87","","-0.17%"
"2017- 02- 22","101.22","101.40","101.72","101.17","","-0.15%"
"2017- 02- 21","101.37","100.93","101.60","100.91","","0.42%"
"2017- 02- 20","100.95","100.93","100.98","100.77","","0.00%"
"2017- 02- 17","100.95","100.52","100.96","100.45","","0.51%"
"2017- 02- 16","100.44","101.05","101.07","100.41","","-0.73%"
"2017- 02- 15","101.18","101.22","101.76","101.00","","-0.07%"
"2017- 02- 14","101.25","100.98","101.38","100.70","","0.29%"
"2017- 02- 13","100.96","100.84","101.11","100.58","","0.16%"
"2017- 02- 10","100.80","100.67","101.01","100.58","","0.15%"
"2017- 02- 09","100.65","100.22","100.68","100.08","","0.37%"
"2017- 02- 08","100.28","100.44","100.64","100.06","","0.02%"
"2017- 02- 07","100.26","99.93","100.72","99.91","","0.35%"
"2017- 02- 06","99.91","99.65","100.25","99.63","","0.04%"
"2017- 02- 03","99.87","99.79","100.26","99.56","","0.08%"
"2017- 02- 02","99.79","99.76","99.87","99.23","","0.15%"
"2017- 02- 01","99.64","99.56","100.04","99.50","","0.13%"
"2017- 01- 31","99.51","100.33","100.51","99.43","","-0.92%"
"2017- 01- 30","100.43","100.32","101.02","100.17","","-0.10%"
"2017- 01- 27","100.53","100.49","100.82","100.32","","0.15%"
"2017- 01- 26","100.38","99.91","100.73","99.79","","0.35%"
"2017- 01- 25","100.03","100.31","100.41","99.83","","-0.32%"
"2017- 01- 24","100.35","100.08","100.43","99.92","","0.19%"
"2017- 01- 23","100.16","100.74","100.74","99.90","","-0.58%"
"2017- 01- 20","100.74","101.17","101.50","100.70","","-0.41%"
"2017- 01- 19","101.15","101.35","101.73","100.97","","0.22%"
"2017- 01- 18","100.93","100.43","101.34","100.32","","0.60%"
"2017- 01- 17","100.33","101.54","101.62","100.26","","-0.84%"
"2017- 01- 16","101.18","101.66","101.73","101.32","","0.00%"
"2017- 01- 13","101.18","101.51","101.67","101.01","","-0.17%"
"2017- 01- 12","101.35","101.67","101.80","100.72","","-0.42%"
"2017- 01- 11","101.78","102.07","102.95","101.28","","-0.23%"
"2017- 01- 10","102.01","101.85","102.10","101.51","","0.08%"
"2017- 01- 09","101.93","102.25","102.52","101.80","","-0.28%"
"2017- 01- 06","102.22","101.40","102.29","101.37","","0.69%"
"2017- 01- 05","101.52","102.45","102.51","101.30","","-1.15%"
"2017- 01- 04","102.70","103.17","103.44","102.39","","-0.49%"
"2017- 01- 03","103.21","102.88","103.82","102.59","","0.37%"
"2017- 01- 02","102.83","102.38","102.94","102.21","","0.61%"