,날짜,종가,시가,저가,수익률,변동률
1474,2017-01-02,110790.0,110780.0,110765.0,-0.0006,0.0002
1473,2017-01-03,110855.0,110800.0,110800.0,-0.013999999999999999,0.0006
1472,2017-01-04,110830.0,110860.0,110815.0,0.0087,-0.0002
1471,2017-01-05,110910.0,110845.0,110845.0,-0.0141,0.0007000000000000001
1470,2017-01-06,110915.0,111015.0,110915.0,0.0149,0.0
1469,2017-01-09,110775.0,110815.0,110740.0,0.013999999999999999,-0.0013
1468,2017-01-10,110815.0,110810.0,110805.0,-0.012,0.0004
1467,2017-01-11,110840.0,110855.0,110815.0,0.0060999999999999995,0.0002
1466,2017-01-12,110930.0,110920.0,110905.0,-0.0169,0.0008
1465,2017-01-13,110945.0,110985.0,110945.0,0.0037,0.0001
1464,2017-01-16,110930.0,110960.0,110890.0,0.0068000000000000005,-0.0001
1463,2017-01-17,110930.0,110930.0,110930.0,-0.0037,0.0
1462,2017-01-18,110905.0,110965.0,110895.0,0.0141,-0.0002
1461,2017-01-19,110815.0,110890.0,110780.0,0.016399999999999998,-0.0008
1460,2017-01-20,110865.0,110810.0,110810.0,-0.0131,0.0005
1459,2017-01-23,110930.0,110915.0,110900.0,-0.0060999999999999995,0.0006
1458,2017-01-24,110955.0,110960.0,110955.0,-0.0091,0.0002
1457,2017-01-25,110930.0,110945.0,110925.0,0.0123,-0.0002
1456,2017-01-26,110800.0,110890.0,110765.0,0.0225,-0.0012
1455,2017-01-31,110855.0,110820.0,110790.0,-0.013000000000000001,0.0005
1454,2017-02-01,110835.0,110850.0,110820.0,0.0066,-0.0002
1453,2017-02-02,110870.0,110820.0,110800.0,-0.006500000000000001,0.0003
1452,2017-02-03,110830.0,110875.0,110830.0,0.006,-0.0004
1451,2017-02-06,110890.0,110840.0,110840.0,-0.0101,0.0005
1450,2017-02-07,111010.0,110920.0,110920.0,-0.011399999999999999,0.0011
1449,2017-02-08,110985.0,111000.0,110980.0,0.0049,-0.0002
1448,2017-02-09,111090.0,111090.0,111090.0,-0.0024,0.0009
1447,2017-02-10,110935.0,110955.0,110930.0,0.0103,-0.0014000000000000002
1446,2017-02-13,110960.0,110990.0,110960.0,0.0036,0.0002
1445,2017-02-14,110950.0,110965.0,110950.0,-0.0066,-0.0001
1444,2017-02-15,110990.0,110980.0,110950.0,0.0054,0.0004
1443,2017-02-16,110985.0,110990.0,110985.0,-0.0024,0.0
1442,2017-02-17,111025.0,111015.0,111015.0,-0.0012,0.0004
1441,2017-02-20,110990.0,111055.0,110970.0,0.0109,-0.0003
1440,2017-02-21,110950.0,110985.0,110945.0,0.0006,-0.0004
1439,2017-02-22,110890.0,110985.0,110885.0,0.012,-0.0005
1438,2017-02-23,110930.0,110920.0,110910.0,-0.0089,0.0004
1437,2017-02-24,111025.0,111040.0,111025.0,-0.0054,0.0009
1436,2017-02-27,111060.0,111080.0,111060.0,0.0006,0.0003
1435,2017-02-28,111045.0,111020.0,110995.0,0.0066,-0.0001
1434,2017-03-02,110935.0,110975.0,110895.0,0.0276,-0.001
1433,2017-03-03,110895.0,110925.0,110875.0,0.0006,-0.0004
1432,2017-03-06,110850.0,110950.0,110850.0,0.0217,-0.0004
1431,2017-03-07,110795.0,110845.0,110795.0,0.0235,-0.0005
1430,2017-03-08,110465.0,110475.0,110455.0,-0.0011,-0.003
1429,2017-03-09,110485.0,110450.0,110450.0,0.0022,0.0002
1428,2017-03-10,110485.0,110430.0,110415.0,-0.0045000000000000005,0.0
1427,2017-03-13,110595.0,110555.0,110555.0,-0.0028000000000000004,0.001
1426,2017-03-14,110640.0,110615.0,110590.0,-0.0034000000000000002,0.0004
1425,2017-03-15,110650.0,110640.0,110580.0,0.0011,0.0001
1424,2017-03-16,110825.0,110825.0,110800.0,-0.0364,0.0016
1423,2017-03-17,110945.0,110905.0,110855.0,-0.014199999999999999,0.0011
1422,2017-03-20,110980.0,110970.0,110945.0,0.003,0.0003
1421,2017-03-21,110985.0,110970.0,110925.0,-0.0012,0.0
1420,2017-03-22,110995.0,110995.0,110945.0,-0.0048,0.0001
1419,2017-03-23,111010.0,110985.0,110955.0,0.0024,0.0001
1418,2017-03-24,110950.0,110955.0,110950.0,0.0078000000000000005,-0.0005
1417,2017-03-27,111030.0,110970.0,110970.0,-0.0179,0.0007000000000000001
1416,2017-03-28,111040.0,111000.0,111000.0,0.0042,0.0001
1415,2017-03-29,111005.0,111010.0,111000.0,-0.0024,-0.0003
1414,2017-03-30,111050.0,111050.0,111050.0,0.0073,0.0004
1413,2017-03-31,111090.0,111025.0,111025.0,-0.006,0.0004
1412,2017-04-03,111010.0,111035.0,110970.0,0.0,-0.0007000000000000001
1411,2017-04-04,111120.0,111120.0,111120.0,-0.0144,0.001
1410,2017-04-05,111110.0,111150.0,111060.0,0.0060999999999999995,-0.0001
1409,2017-04-06,111095.0,111145.0,111090.0,0.0139,-0.0001
1408,2017-04-07,111020.0,111055.0,111000.0,0.0006,-0.0007000000000000001
1407,2017-04-10,110905.0,110950.0,110905.0,0.0256,-0.001
1406,2017-04-11,110930.0,110855.0,110855.0,-0.0168,0.0002
1405,2017-04-12,110970.0,110955.0,110935.0,-0.004699999999999999,0.0004
1404,2017-04-13,111075.0,111030.0,111025.0,-0.0070999999999999995,0.0009
1403,2017-04-14,111095.0,111070.0,111070.0,0.0066,0.0002
1402,2017-04-17,111135.0,111125.0,111125.0,-0.0012,0.0004
1401,2017-04-18,111115.0,111135.0,111055.0,0.0024,-0.0002
1400,2017-04-19,111185.0,111145.0,111140.0,-0.0048,0.0006
1399,2017-04-20,111145.0,111160.0,111105.0,0.0036,-0.0004
1398,2017-04-21,111140.0,111165.0,111090.0,0.0042,0.0
1397,2017-04-24,111060.0,111110.0,111060.0,0.0101,-0.0007000000000000001
1396,2017-04-25,111095.0,111070.0,111055.0,-0.013500000000000002,0.0003
1395,2017-04-26,111065.0,111070.0,111040.0,0.003,-0.0003
1394,2017-04-27,111110.0,111065.0,111065.0,-0.0059,0.0004
1393,2017-04-28,111165.0,111130.0,111115.0,0.0036,0.0005
1392,2017-05-02,111115.0,111105.0,111070.0,0.012,-0.0004
1391,2017-05-04,111150.0,111060.0,111060.0,-0.003,0.0003
1390,2017-05-08,111105.0,111125.0,111010.0,0.0172,-0.0004
1389,2017-05-10,111035.0,111060.0,110985.0,0.0171,-0.0006
1388,2017-05-11,110940.0,110930.0,110910.0,0.0012,-0.0009
1387,2017-05-12,111000.0,110945.0,110945.0,-0.0127,0.0005
1386,2017-05-15,111045.0,111015.0,111015.0,0.0006,0.0004
1385,2017-05-16,111080.0,111020.0,111020.0,0.0059,0.0003
1384,2017-05-17,111100.0,111075.0,111060.0,-0.0175,0.0002
1383,2017-05-18,111210.0,111270.0,111145.0,-0.0012,0.001
1382,2017-05-19,111260.0,111245.0,111165.0,-0.0042,0.0004
1381,2017-05-22,111240.0,111245.0,111115.0,0.012,-0.0002
1380,2017-05-23,111235.0,111155.0,111130.0,-0.0012,0.0
1379,2017-05-24,111220.0,111230.0,111145.0,0.0059,-0.0001
1378,2017-05-25,111240.0,111245.0,111145.0,-0.0034999999999999996,0.0002
1377,2017-05-26,111280.0,111195.0,111180.0,-0.0053,0.0004
1376,2017-05-29,111200.0,111205.0,111185.0,0.0,-0.0007000000000000001
1375,2017-05-30,111265.0,111225.0,111225.0,-0.0102,0.0006
1374,2017-05-31,111360.0,111360.0,111275.0,-0.0012,0.0009
1373,2017-06-01,111380.0,111340.0,111275.0,-0.006,0.0002
1372,2017-06-02,111390.0,111380.0,111320.0,-0.0091,0.0001
1371,2017-06-05,111485.0,111395.0,111395.0,-0.0012,0.0009
1370,2017-06-07,111040.0,111035.0,110965.0,0.0025,-0.004
1369,2017-06-08,110930.0,111030.0,110925.0,0.009899999999999999,-0.001
1368,2017-06-09,110945.0,110935.0,110935.0,0.0049,0.0001
1367,2017-06-12,110860.0,111005.0,110845.0,0.032799999999999996,-0.0008
1366,2017-06-13,110970.0,110860.0,110775.0,-0.022400000000000003,0.001
1365,2017-06-14,110965.0,110915.0,110815.0,0.0144,0.0
1364,2017-06-15,110965.0,110945.0,110945.0,-0.0012,0.0
1363,2017-06-16,110880.0,110895.0,110870.0,0.0070999999999999995,-0.0008
1362,2017-06-19,110910.0,110880.0,110855.0,-0.008199999999999999,0.0003
1361,2017-06-20,110990.0,110905.0,110880.0,0.003,0.0007000000000000001
1360,2017-06-21,110915.0,110940.0,110905.0,0.003,-0.0007000000000000001
1359,2017-06-22,110980.0,111000.0,110925.0,0.004699999999999999,0.0006
1358,2017-06-23,110905.0,110860.0,110845.0,-0.008199999999999999,-0.0007000000000000001
1357,2017-06-26,111005.0,111000.0,110930.0,0.0012,0.0009
1356,2017-06-27,110910.0,111005.0,110910.0,-0.003,-0.0009
1355,2017-06-28,110825.0,111010.0,110755.0,0.0172,-0.0008
1354,2017-06-29,110920.0,110845.0,110780.0,-0.006999999999999999,0.0009
1353,2017-06-30,110920.0,110875.0,110875.0,-0.0006,0.0
1352,2017-07-03,110880.0,110915.0,110820.0,0.0106,-0.0004
1351,2017-07-04,110785.0,110870.0,110780.0,0.013999999999999999,-0.0009
1350,2017-07-05,110830.0,110785.0,110780.0,0.0017000000000000001,0.0004
1349,2017-07-06,110765.0,110770.0,110765.0,0.0011,-0.0006
1348,2017-07-07,110740.0,110755.0,110740.0,0.0212,-0.0002
1347,2017-07-10,110730.0,110730.0,110730.0,-0.0101,-0.0001
1346,2017-07-11,110805.0,110765.0,110765.0,0.0028000000000000004,0.0007000000000000001
1345,2017-07-12,110835.0,110840.0,110825.0,-0.0011,0.0003
1344,2017-07-13,110910.0,112000.0,110840.0,-0.0108,0.0007000000000000001
1343,2017-07-14,110820.0,110800.0,110800.0,0.0052,-0.0008
1342,2017-07-17,110890.0,110880.0,110880.0,0.0034000000000000002,0.0006
1341,2017-07-18,110915.0,110835.0,110835.0,-0.0051,0.0002
1340,2017-07-19,110925.0,110885.0,110885.0,0.0034000000000000002,0.0001
1339,2017-07-20,110950.0,110920.0,110880.0,-0.0046,0.0002
1338,2017-07-21,110960.0,100215.0,100215.0,-0.0109,0.0001
1337,2017-07-24,110970.0,110985.0,110970.0,-0.0012,0.0001
1336,2017-07-25,111070.0,112000.0,111000.0,-0.006999999999999999,0.0009
1335,2017-07-26,110950.0,111070.0,110950.0,0.013500000000000002,-0.0011
1334,2017-07-27,111095.0,111010.0,111010.0,-0.0104,0.0013
1333,2017-07-28,111100.0,111110.0,111100.0,0.006999999999999999,0.0
1332,2017-07-31,111095.0,111095.0,111000.0,0.0058,0.0
1331,2017-08-01,111035.0,111055.0,110975.0,0.0052,-0.0005
1330,2017-08-02,111060.0,111055.0,110975.0,-0.0023,0.0002
1329,2017-08-03,111000.0,111065.0,110995.0,0.004,-0.0005
1328,2017-08-04,111000.0,111095.0,111000.0,0.0023,0.0
1327,2017-08-07,111000.0,111010.0,110930.0,0.0161,0.0
1326,2017-08-08,110915.0,110990.0,110850.0,0.024300000000000002,-0.0008
1325,2017-08-09,110800.0,110845.0,110745.0,0.0121,-0.001
1324,2017-08-10,110825.0,110790.0,110765.0,-0.0049,0.0002
1323,2017-08-11,110800.0,110825.0,110770.0,-0.014199999999999999,-0.0002
1322,2017-08-14,110830.0,110860.0,110830.0,0.0,0.0003
1321,2017-08-16,110835.0,110855.0,110750.0,0.009399999999999999,0.0
1320,2017-08-17,110895.0,110885.0,110830.0,-0.0121,0.0005
1319,2017-08-18,110955.0,110955.0,110945.0,-0.0144,0.0005
1318,2017-08-21,110955.0,110930.0,110930.0,0.0006,0.0
1317,2017-08-22,110915.0,110950.0,110915.0,0.010700000000000001,-0.0004
1316,2017-08-23,110910.0,110895.0,110820.0,0.0,0.0
1315,2017-08-24,110945.0,110970.0,110945.0,0.0,0.0003
1314,2017-08-25,111055.0,118500.0,110945.0,-0.0277,0.001
1313,2017-08-28,111055.0,111065.0,111000.0,0.0051,0.0
1312,2017-08-29,111055.0,111045.0,111025.0,0.0051,0.0
1311,2017-08-30,111100.0,111060.0,111060.0,-0.0113,0.0004
1310,2017-08-31,111130.0,111115.0,111080.0,-0.0023,0.0003
1309,2017-09-01,111135.0,111130.0,111070.0,0.0,0.0
1308,2017-09-04,111035.0,112000.0,110970.0,0.0218,-0.0009
1307,2017-09-05,111045.0,111055.0,110970.0,-0.0011,0.0001
1306,2017-09-06,111090.0,111075.0,111075.0,-0.0034000000000000002,0.0004
1305,2017-09-07,110750.0,110725.0,110725.0,0.0039000000000000003,-0.0031
1304,2017-09-08,110860.0,110765.0,110765.0,-0.0146,0.001
1303,2017-09-11,110855.0,110875.0,110855.0,0.0023,0.0
1302,2017-09-12,110785.0,110800.0,110785.0,-0.0011,-0.0006
1301,2017-09-13,110900.0,110870.0,110835.0,-0.0074,0.001
1300,2017-09-14,110915.0,110845.0,110845.0,0.0011,0.0001
1299,2017-09-15,110930.0,110920.0,110920.0,-0.0023,0.0001
1298,2017-09-18,110920.0,110930.0,110890.0,0.0029,-0.0001
1297,2017-09-19,110840.0,110910.0,110840.0,0.023,-0.0007000000000000001
1296,2017-09-20,110780.0,110795.0,110745.0,-0.0011,-0.0005
1295,2017-09-21,110765.0,110825.0,110720.0,0.0011,-0.0001
1294,2017-09-22,110845.0,110840.0,110825.0,-0.0034000000000000002,0.0007000000000000001
1293,2017-09-25,110845.0,110530.0,110530.0,0.0068000000000000005,0.0
1292,2017-09-26,110725.0,110795.0,110695.0,0.025699999999999997,-0.0011
1291,2017-09-27,110575.0,110710.0,110575.0,0.028399999999999998,-0.0014000000000000002
1290,2017-09-28,110465.0,110560.0,110390.0,0.0011,-0.001
1289,2017-09-29,110555.0,110560.0,110490.0,0.0011,0.0008
1288,2017-10-10,110415.0,110580.0,110350.0,0.0281,-0.0013
1287,2017-10-11,110460.0,110445.0,110395.0,-0.0040999999999999995,0.0004
1286,2017-10-12,110540.0,110510.0,110505.0,-0.0171,0.0007000000000000001
1285,2017-10-13,110550.0,110570.0,110550.0,0.0095,0.0001
1284,2017-10-16,110510.0,110545.0,110480.0,0.0068000000000000005,-0.0004
1283,2017-10-17,110460.0,110495.0,110440.0,0.011899999999999999,-0.0005
1282,2017-10-18,110500.0,110480.0,110480.0,-0.0067,0.0004
1281,2017-10-19,110255.0,110430.0,110255.0,0.0362,-0.0022
1280,2017-10-20,110025.0,110225.0,109965.0,0.039900000000000005,-0.0021
1279,2017-10-23,110085.0,110020.0,109990.0,-0.0264,0.0005
1278,2017-10-24,110035.0,110135.0,110010.0,0.0123,-0.0005
1277,2017-10-25,109985.0,117000.0,109960.0,0.018500000000000003,-0.0005
1276,2017-10-26,109800.0,109910.0,109800.0,0.041100000000000005,-0.0017000000000000001
1275,2017-10-27,109670.0,109675.0,109470.0,-0.006,-0.0012
1274,2017-10-30,109855.0,109805.0,109805.0,-0.0111,0.0017000000000000001
1273,2017-10-31,109835.0,109855.0,109755.0,0.011699999999999999,-0.0002
1272,2017-11-01,109795.0,109765.0,109690.0,-0.0083,-0.0004
1271,2017-11-02,109875.0,109850.0,109850.0,-0.0075,0.0007000000000000001
1270,2017-11-03,109950.0,109980.0,109895.0,0.0005,0.0007000000000000001
1269,2017-11-06,109870.0,109920.0,109870.0,0.0037,-0.0007000000000000001
1268,2017-11-07,109950.0,109905.0,109860.0,-0.009300000000000001,0.0007000000000000001
1267,2017-11-08,109905.0,109960.0,109890.0,0.0103,-0.0004
1266,2017-11-09,109960.0,109950.0,109890.0,-0.0042,0.0005
1265,2017-11-10,109965.0,109965.0,109905.0,0.0042,0.0
1264,2017-11-13,109840.0,109890.0,109810.0,0.0111,-0.0011
1263,2017-11-14,109810.0,109860.0,109750.0,0.014199999999999999,-0.0003
1262,2017-11-15,109835.0,109820.0,109720.0,-0.0154,0.0002
1261,2017-11-16,109925.0,109855.0,109850.0,-0.0046,0.0008
1260,2017-11-17,109855.0,109870.0,109835.0,0.0037,-0.0006
1259,2017-11-20,109960.0,109935.0,109935.0,-0.0064,0.001
1258,2017-11-21,109975.0,109985.0,109935.0,-0.0009,0.0001
1257,2017-11-22,109950.0,109985.0,109890.0,0.006999999999999999,-0.0002
1256,2017-11-23,110090.0,109960.0,109960.0,-0.017,0.0013
1255,2017-11-24,109965.0,110060.0,109965.0,0.0169,-0.0011
1254,2017-11-27,110035.0,109710.0,109710.0,-0.0051,0.0006
1253,2017-11-28,110155.0,110075.0,110075.0,-0.019,0.0011
1252,2017-11-29,110180.0,110155.0,110140.0,-0.0005,0.0002
1251,2017-11-30,110330.0,110220.0,110205.0,-0.0184,0.0014000000000000002
1250,2017-12-01,110320.0,110320.0,110310.0,0.0053,-0.0001
1249,2017-12-04,110275.0,110300.0,110245.0,0.0034000000000000002,-0.0004
1248,2017-12-05,110265.0,110340.0,110265.0,0.0134,-0.0001
1247,2017-12-06,110325.0,110250.0,110225.0,-0.0147,0.0005
1246,2017-12-07,109775.0,109835.0,109775.0,0.008199999999999999,-0.005
1245,2017-12-08,109820.0,109770.0,109770.0,-0.0086,0.0004
1244,2017-12-11,109840.0,109835.0,109825.0,0.0034000000000000002,0.0002
1243,2017-12-12,109885.0,109835.0,109835.0,-0.0048,0.0004
1242,2017-12-13,109885.0,109870.0,109835.0,0.001,0.0
1241,2017-12-14,109920.0,109980.0,109920.0,0.0,0.0003
1240,2017-12-15,109925.0,109900.0,109895.0,-0.0005,0.0
1239,2017-12-18,109905.0,109945.0,109905.0,0.0092,-0.0002
1238,2017-12-19,109845.0,109870.0,109825.0,0.0033,-0.0005
1237,2017-12-20,109880.0,109800.0,109785.0,-0.0048,0.0003
1236,2017-12-21,109855.0,109890.0,109810.0,0.0034000000000000002,-0.0002
1235,2017-12-22,109770.0,109880.0,109770.0,0.0177,-0.0008
1234,2017-12-26,109780.0,109720.0,109710.0,0.0028000000000000004,0.0001
1233,2017-12-27,109725.0,109795.0,109690.0,0.009399999999999999,-0.0005
1232,2017-12-28,109790.0,109745.0,109745.0,-0.006,0.0006
1231,2018-01-02,109825.0,109790.0,109775.0,-0.0075,0.0003
1230,2018-01-03,109840.0,109820.0,109820.0,0.0038,0.0001
1229,2018-01-04,109780.0,109820.0,109780.0,0.0075,-0.0005
1228,2018-01-05,109790.0,109795.0,109790.0,-0.020499999999999997,0.0001
1227,2018-01-08,109815.0,109830.0,109815.0,0.0225,0.0002
1226,2018-01-09,109770.0,109820.0,109770.0,0.0033,-0.0004
1225,2018-01-10,109605.0,109660.0,109580.0,0.011200000000000002,-0.0015
1224,2018-01-11,109730.0,109650.0,109635.0,-0.0092,0.0011
1223,2018-01-12,109685.0,109710.0,109645.0,0.0116,-0.0004
1222,2018-01-15,109560.0,109680.0,109560.0,0.0258,-0.0011
1221,2018-01-16,109580.0,109545.0,109505.0,0.0009,0.0002
1220,2018-01-17,109590.0,109555.0,109550.0,0.0009,0.0001
1219,2018-01-18,109675.0,109590.0,109590.0,-0.0242,0.0008
1218,2018-01-19,109735.0,109875.0,109625.0,-0.0014000000000000002,0.0005
1217,2018-01-22,109705.0,109675.0,109660.0,0.0138,-0.0003
1216,2018-01-23,109700.0,109660.0,109635.0,-0.0040999999999999995,0.0
1215,2018-01-24,109705.0,109750.0,109685.0,0.0018,0.0
1214,2018-01-25,109680.0,109710.0,109650.0,0.008199999999999999,-0.0002
1213,2018-01-26,109655.0,109705.0,109645.0,0.0032,-0.0002
1212,2018-01-29,109475.0,109650.0,109470.0,0.026600000000000002,-0.0016
1211,2018-01-30,109385.0,109415.0,109305.0,0.0096,-0.0008
1210,2018-01-31,109435.0,109365.0,109355.0,-0.0126,0.0005
1209,2018-02-01,109515.0,109480.0,109420.0,-0.011000000000000001,0.0007000000000000001
1208,2018-02-02,109530.0,109500.0,109395.0,0.0004,0.0001
1207,2018-02-05,109540.0,109535.0,109455.0,0.0183,0.0001
1206,2018-02-06,109605.0,109560.0,109550.0,-0.0144,0.0006
1205,2018-02-07,109605.0,109570.0,109570.0,-0.0013,0.0
1204,2018-02-08,109585.0,109670.0,109585.0,0.0089,-0.0002
1203,2018-02-09,109580.0,109665.0,109565.0,0.0031,0.0
1202,2018-02-12,109555.0,109595.0,109545.0,0.005699999999999999,-0.0002
1201,2018-02-13,109640.0,109605.0,109570.0,-0.0096,0.0008
1200,2018-02-14,109710.0,109670.0,109670.0,-0.005699999999999999,0.0006
1199,2018-02-19,109625.0,109670.0,109560.0,0.0168,-0.0008
1198,2018-02-20,109555.0,109645.0,109555.0,0.006500000000000001,-0.0006
1197,2018-02-21,109640.0,109625.0,109615.0,-0.0043,0.0008
1196,2018-02-22,109595.0,109595.0,109595.0,-0.0009,-0.0004
1195,2018-02-23,109705.0,109685.0,109685.0,-0.008199999999999999,0.001
1194,2018-02-26,109775.0,109795.0,109770.0,-0.0075,0.0006
1193,2018-02-27,109840.0,109835.0,109785.0,-0.0022,0.0006
1192,2018-02-28,109825.0,109980.0,109780.0,0.0034999999999999996,-0.0001
1191,2018-03-02,109760.0,109990.0,109760.0,0.0084,-0.0006
1190,2018-03-05,109715.0,109675.0,109655.0,0.0034999999999999996,-0.0004
1189,2018-03-06,109720.0,109720.0,109690.0,-0.0004,0.0
1188,2018-03-07,109445.0,109465.0,109385.0,-0.006500000000000001,-0.0025
1187,2018-03-08,109500.0,109485.0,109460.0,-0.0048,0.0005
1186,2018-03-09,109500.0,109525.0,109490.0,0.0031,0.0
1185,2018-03-12,109460.0,109460.0,109455.0,0.0044,-0.0004
1184,2018-03-13,109490.0,109495.0,109405.0,-0.0013,0.0003
1183,2018-03-14,109560.0,109515.0,109515.0,-0.012199999999999999,0.0006
1182,2018-03-15,109600.0,109640.0,109600.0,-0.0026,0.0004
1181,2018-03-16,109630.0,109635.0,109585.0,0.0049,0.0003
1180,2018-03-19,109640.0,109655.0,109590.0,0.0026,0.0001
1179,2018-03-20,109585.0,109620.0,109585.0,0.0044,-0.0005
1178,2018-03-21,109600.0,109570.0,109570.0,0.0026,0.0001
1177,2018-03-22,109700.0,109680.0,109620.0,-0.015700000000000002,0.0009
1176,2018-03-23,109830.0,109840.0,109795.0,-0.0146,0.0012
1175,2018-03-26,109795.0,109840.0,109795.0,0.009899999999999999,-0.0003
1174,2018-03-27,109795.0,109770.0,109750.0,-0.0049,0.0
1173,2018-03-28,109885.0,109905.0,109880.0,-0.0049,0.0008
1172,2018-03-29,109880.0,109895.0,109880.0,0.0027,0.0
1171,2018-03-30,109930.0,109950.0,109880.0,-0.0054,0.0005
1170,2018-04-02,109900.0,109915.0,109830.0,0.0040999999999999995,-0.0003
1169,2018-04-03,109945.0,109990.0,109930.0,-0.0148,0.0004
1168,2018-04-04,110045.0,110010.0,110000.0,-0.0105,0.0009
1167,2018-04-05,110115.0,110100.0,110095.0,0.0023,0.0006
1166,2018-04-06,110175.0,110135.0,110130.0,-0.0087,0.0005
1165,2018-04-09,110155.0,110220.0,110115.0,0.0019,-0.0002
1164,2018-04-10,110105.0,110160.0,110085.0,0.0102,-0.0005
1163,2018-04-11,110175.0,110155.0,110100.0,-0.0096,0.0006
1162,2018-04-12,110215.0,110230.0,110155.0,-0.0037,0.0004
1161,2018-04-13,110240.0,110205.0,110185.0,-0.0019,0.0002
1160,2018-04-16,110200.0,110200.0,110155.0,0.006500000000000001,-0.0004
1159,2018-04-17,110145.0,110200.0,110145.0,0.0046,-0.0005
1158,2018-04-18,110115.0,110170.0,110060.0,0.0092,-0.0003
1157,2018-04-19,110090.0,110110.0,110030.0,0.0,-0.0002
1156,2018-04-20,110110.0,110105.0,110070.0,0.0009,0.0002
1155,2018-04-23,110020.0,110095.0,109950.0,0.0196,-0.0008
1154,2018-04-24,110025.0,109965.0,109965.0,-0.0027,0.0
1153,2018-04-25,109970.0,110020.0,109960.0,0.0072,-0.0005
1152,2018-04-26,109950.0,109920.0,109920.0,-0.004,-0.0002
1151,2018-04-27,110125.0,110050.0,110050.0,-0.015700000000000002,0.0016
1150,2018-04-30,110125.0,110175.0,110120.0,0.0073,0.0
1149,2018-05-02,110035.0,109905.0,109905.0,0.009000000000000001,-0.0008
1148,2018-05-03,110055.0,110035.0,110020.0,0.0036,0.0002
1147,2018-05-04,109950.0,110030.0,109945.0,0.016,-0.001
1146,2018-05-08,109860.0,109850.0,109750.0,0.013999999999999999,-0.0008
1145,2018-05-09,109870.0,109680.0,109680.0,-0.0009,0.0001
1144,2018-05-10,109930.0,109900.0,109900.0,-0.0147,0.0005
1143,2018-05-11,109905.0,109985.0,109905.0,0.0044,-0.0002
1142,2018-05-14,109905.0,109905.0,109865.0,0.0127,0.0
1141,2018-05-15,109895.0,109905.0,109840.0,0.0009,-0.0001
1140,2018-05-16,109905.0,109850.0,109835.0,-0.0091,0.0001
1139,2018-05-17,110075.0,109990.0,109990.0,-0.0131,0.0015
1138,2018-05-18,110180.0,110035.0,110035.0,-0.0102,0.001
1137,2018-05-21,110160.0,110195.0,110160.0,0.0144,-0.0002
1136,2018-05-23,110170.0,110170.0,110170.0,-0.0022,0.0001
1135,2018-05-24,110340.0,110310.0,110260.0,-0.0236,0.0015
1134,2018-05-25,110340.0,110380.0,110325.0,0.0027,0.0
1133,2018-05-28,110285.0,110375.0,110285.0,0.0032,-0.0005
1132,2018-05-29,110340.0,110380.0,110340.0,-0.008100000000000001,0.0005
1131,2018-05-30,110370.0,110550.0,110370.0,-0.0005,0.0003
1130,2018-05-31,110390.0,110405.0,110390.0,0.0027,0.0002
1129,2018-06-01,110405.0,110410.0,110390.0,-0.0014000000000000002,0.0001
1128,2018-06-04,110345.0,110300.0,110300.0,0.011899999999999999,-0.0005
1127,2018-06-05,110280.0,110345.0,110255.0,-0.0054,-0.0006
1126,2018-06-07,109760.0,109755.0,109750.0,0.0073,-0.004699999999999999
1125,2018-06-08,109760.0,109770.0,109715.0,-0.0108,0.0
1124,2018-06-11,109835.0,109855.0,109785.0,0.0086,0.0007000000000000001
1123,2018-06-12,109835.0,109885.0,109825.0,0.0013,0.0
1122,2018-06-14,109860.0,109880.0,109810.0,0.0054,0.0002
1121,2018-06-15,109900.0,109870.0,109870.0,-0.0189,0.0004
1120,2018-06-18,110025.0,109910.0,109910.0,-0.0064,0.0011
1119,2018-06-19,110075.0,110070.0,109965.0,-0.0055000000000000005,0.0005
1118,2018-06-20,110080.0,110070.0,110070.0,0.0,0.0
1117,2018-06-21,110150.0,110080.0,110080.0,-0.006,0.0006
1116,2018-06-22,110175.0,110185.0,110175.0,-0.0037,0.0002
1115,2018-06-25,110110.0,110210.0,110100.0,-0.0009,-0.0006
1114,2018-06-26,110175.0,110210.0,110130.0,0.0019,0.0006
1113,2018-06-27,110215.0,110215.0,110200.0,-0.0121,0.0004
1112,2018-06-28,110290.0,110330.0,110290.0,-0.004699999999999999,0.0007000000000000001
1111,2018-06-29,110315.0,110355.0,110260.0,0.0052,0.0002
1110,2018-07-02,110330.0,110315.0,110275.0,0.0019,0.0001
1109,2018-07-03,110285.0,110325.0,110285.0,0.0060999999999999995,-0.0004
1108,2018-07-04,110340.0,110285.0,110285.0,-0.0098,0.0005
1107,2018-07-05,110410.0,110390.0,110390.0,-0.0109,0.0006
1106,2018-07-06,110385.0,110425.0,110385.0,0.0053,-0.0002
1105,2018-07-09,110390.0,110415.0,110330.0,0.0048,0.0
1104,2018-07-10,110385.0,110390.0,110385.0,-0.004699999999999999,0.0
1103,2018-07-11,110545.0,110490.0,110490.0,-0.0181,0.0014000000000000002
1102,2018-07-12,110510.0,110635.0,110475.0,0.0141,-0.0003
1101,2018-07-13,110485.0,110490.0,110435.0,0.0086,-0.0002
1100,2018-07-16,110515.0,110495.0,110455.0,-0.0062,0.0003
1099,2018-07-17,110445.0,110510.0,110440.0,0.0029,-0.0006
1098,2018-07-18,110510.0,110510.0,110500.0,-0.0029,0.0006
1097,2018-07-19,110530.0,110540.0,110530.0,-0.0005,0.0002
1096,2018-07-20,110580.0,110570.0,110555.0,-0.0048,0.0005
1095,2018-07-23,110595.0,110550.0,110550.0,0.0005,0.0001
1094,2018-07-24,110460.0,110525.0,110455.0,0.008199999999999999,-0.0012
1093,2018-07-25,110560.0,110560.0,110485.0,-0.0067,0.0009
1092,2018-07-26,110615.0,110585.0,110570.0,-0.0034000000000000002,0.0005
1091,2018-07-27,110470.0,110650.0,110470.0,0.0203,-0.0013
1090,2018-07-30,110470.0,110485.0,110410.0,0.009000000000000001,0.0
1089,2018-07-31,110525.0,110495.0,110440.0,-0.0052,0.0005
1088,2018-08-01,110475.0,110620.0,110475.0,0.0038,-0.0005
1087,2018-08-02,110545.0,110475.0,110475.0,-0.0052,0.0006
1086,2018-08-03,110510.0,110570.0,110480.0,-0.0014000000000000002,-0.0003
1085,2018-08-06,110555.0,110580.0,110555.0,-0.0019,0.0004
1084,2018-08-07,110660.0,110630.0,110600.0,-0.0076,0.0009
1083,2018-08-08,110665.0,110660.0,110655.0,-0.0043,0.0
1082,2018-08-09,110765.0,110735.0,110735.0,-0.0106,0.0009
1081,2018-08-10,110795.0,110795.0,110740.0,-0.0059,0.0003
1080,2018-08-13,110830.0,110860.0,110775.0,0.0054,0.0003
1079,2018-08-14,110805.0,110825.0,110805.0,0.0073,-0.0002
1078,2018-08-16,110855.0,110830.0,110775.0,-0.0024,0.0005
1077,2018-08-17,110930.0,110895.0,110845.0,-0.0263,0.0007000000000000001
1076,2018-08-20,111055.0,111040.0,110985.0,0.0,0.0011
1075,2018-08-21,111285.0,111110.0,110995.0,-0.036699999999999997,0.0021
1074,2018-08-22,111205.0,111255.0,111135.0,0.023,-0.0007000000000000001
1073,2018-08-23,111170.0,111220.0,111155.0,0.001,-0.0003
1072,2018-08-24,111170.0,111215.0,111130.0,0.001,0.0
1071,2018-08-27,111150.0,111195.0,111145.0,0.0040999999999999995,-0.0002
1070,2018-08-28,111215.0,111195.0,111150.0,0.0,0.0006
1069,2018-08-29,111255.0,111190.0,111130.0,-0.005600000000000001,0.0004
1068,2018-08-30,111210.0,111245.0,111210.0,0.013300000000000001,-0.0004
1067,2018-08-31,111380.0,111205.0,111200.0,-0.030299999999999997,0.0015
1066,2018-09-03,111415.0,111415.0,111375.0,0.0052,0.0003
1065,2018-09-04,111420.0,111425.0,111340.0,-0.004699999999999999,0.0
1064,2018-09-05,111455.0,111395.0,111395.0,-0.0052,0.0003
1063,2018-09-06,111120.0,111100.0,111080.0,0.0042,-0.003
1062,2018-09-07,111070.0,111090.0,111050.0,0.0068000000000000005,-0.0004
1061,2018-09-10,111080.0,111075.0,111075.0,0.0037,0.0001
1060,2018-09-11,111060.0,111075.0,111005.0,0.0021,-0.0002
1059,2018-09-12,111140.0,111105.0,111050.0,-0.015600000000000001,0.0007000000000000001
1058,2018-09-13,111095.0,111160.0,111025.0,0.0148,-0.0004
1057,2018-09-14,110985.0,111065.0,110985.0,0.0208,-0.001
1056,2018-09-17,110970.0,110940.0,110940.0,0.0040999999999999995,-0.0001
1055,2018-09-18,110890.0,110940.0,110890.0,0.0102,-0.0007000000000000001
1054,2018-09-19,110805.0,110860.0,110805.0,0.002,-0.0008
1053,2018-09-20,110720.0,110870.0,110720.0,0.022099999999999998,-0.0008
1052,2018-09-21,110730.0,110735.0,110685.0,-0.003,0.0001
1051,2018-09-27,110815.0,110925.0,110700.0,-0.0045000000000000005,0.0008
1050,2018-09-28,110880.0,110815.0,110745.0,0.0005,0.0006
1049,2018-10-01,110845.0,110870.0,110790.0,0.01,-0.0003
1048,2018-10-02,110875.0,110820.0,110820.0,-0.0045000000000000005,0.0003
1047,2018-10-04,110710.0,110810.0,110660.0,0.0258,-0.0015
1046,2018-10-05,110670.0,110645.0,110615.0,0.0087,-0.0004
1045,2018-10-08,110570.0,110590.0,110570.0,0.0067,-0.0009
1044,2018-10-10,110730.0,110660.0,110660.0,-0.0125,0.0014000000000000002
1043,2018-10-11,110875.0,110770.0,110770.0,-0.024300000000000002,0.0013
1042,2018-10-12,110800.0,110870.0,110780.0,0.021400000000000002,-0.0007000000000000001
1041,2018-10-15,110820.0,110800.0,110800.0,0.0015,0.0002
1040,2018-10-16,110850.0,110830.0,110795.0,-0.0019,0.0003
1039,2018-10-17,110925.0,110950.0,110850.0,-0.012199999999999999,0.0007000000000000001
1038,2018-10-18,111075.0,110975.0,110975.0,-0.0212,0.0014000000000000002
1037,2018-10-19,111085.0,111145.0,111085.0,0.005600000000000001,0.0001
1036,2018-10-22,111035.0,110905.0,110905.0,0.013600000000000001,-0.0005
1035,2018-10-23,111105.0,111035.0,110995.0,-0.0105,0.0006
1034,2018-10-24,111020.0,111080.0,111020.0,0.0101,-0.0008
1033,2018-10-25,111195.0,111110.0,111110.0,-0.0134,0.0016
1032,2018-10-26,111255.0,111120.0,111105.0,-0.0086,0.0005
1031,2018-10-29,111430.0,111250.0,111165.0,-0.036000000000000004,0.0016
1030,2018-10-30,111350.0,111515.0,111350.0,0.0169,-0.0007000000000000001
1029,2018-10-31,111330.0,111415.0,111295.0,0.0040999999999999995,-0.0002
1028,2018-11-01,111315.0,111320.0,111225.0,0.0021,-0.0001
1027,2018-11-02,111210.0,111290.0,111210.0,0.0206,-0.0009
1026,2018-11-05,111210.0,111170.0,111120.0,0.0045000000000000005,0.0
1025,2018-11-06,111235.0,111305.0,111195.0,-0.005,0.0002
1024,2018-11-07,111285.0,111235.0,111180.0,-0.0060999999999999995,0.0004
1023,2018-11-08,111260.0,111275.0,111260.0,-0.0005,-0.0002
1022,2018-11-09,111350.0,111310.0,111310.0,-0.002,0.0008
1021,2018-11-12,111390.0,111375.0,111375.0,-0.0046,0.0004
1020,2018-11-13,111380.0,111445.0,111375.0,0.0015,-0.0001
1019,2018-11-14,111460.0,111430.0,111385.0,-0.0144,0.0007000000000000001
1018,2018-11-15,111395.0,111465.0,111395.0,0.0125,-0.0006
1017,2018-11-16,111395.0,111430.0,111380.0,0.0021,0.0
1016,2018-11-19,111440.0,111435.0,111435.0,-0.0015,0.0004
1015,2018-11-20,111460.0,111475.0,111440.0,-0.001,0.0002
1014,2018-11-21,111445.0,111450.0,111435.0,0.0031,-0.0001
1013,2018-11-22,111465.0,111465.0,111460.0,0.0,0.0002
1012,2018-11-23,111555.0,111525.0,111500.0,-0.016399999999999998,0.0008
1011,2018-11-26,111550.0,111570.0,111510.0,0.001,0.0
1010,2018-11-27,111605.0,111590.0,111575.0,-0.0031,0.0005
1009,2018-11-28,111575.0,111610.0,111570.0,0.0089,-0.0003
1008,2018-11-29,111685.0,111655.0,111635.0,-0.0192,0.001
1007,2018-11-30,111695.0,111685.0,111610.0,0.0058,0.0001
1006,2018-12-03,111615.0,111455.0,111455.0,0.0158,-0.0007000000000000001
1005,2018-12-04,111630.0,111630.0,111610.0,-0.005699999999999999,0.0001
1004,2018-12-05,111710.0,111695.0,111660.0,-0.005699999999999999,0.0007000000000000001
1003,2018-12-06,111250.0,111110.0,111110.0,-0.0331,-0.0040999999999999995
1002,2018-12-07,111290.0,111290.0,111255.0,-0.0158,0.0004
1001,2018-12-10,111260.0,111315.0,111245.0,-0.0044,-0.0003
1000,2018-12-11,111340.0,111310.0,111300.0,-0.0067,0.0007000000000000001
999,2018-12-12,111305.0,111320.0,111300.0,0.0067,-0.0003
998,2018-12-13,111290.0,111295.0,111285.0,-0.0044,-0.0001
997,2018-12-14,111315.0,111305.0,111255.0,-0.0078000000000000005,0.0002
996,2018-12-17,111340.0,111350.0,111340.0,0.0101,0.0002
995,2018-12-18,111365.0,111360.0,111305.0,0.0,0.0002
994,2018-12-19,111450.0,111415.0,111415.0,-0.005,0.0008
993,2018-12-20,111440.0,111485.0,111405.0,0.0078000000000000005,-0.0001
992,2018-12-21,111300.0,111400.0,111300.0,0.021099999999999997,-0.0013
991,2018-12-24,111285.0,111295.0,111220.0,0.0022,-0.0001
990,2018-12-26,111355.0,111335.0,111330.0,-0.0217,0.0006
989,2018-12-27,111400.0,111355.0,111345.0,0.0017000000000000001,0.0004
988,2018-12-28,111385.0,111400.0,111345.0,0.0028000000000000004,-0.0001
987,2019-01-02,111450.0,111425.0,111395.0,-0.011000000000000001,0.0006
986,2019-01-03,111530.0,111525.0,111455.0,-0.0060999999999999995,0.0007000000000000001
985,2019-01-04,111495.0,111545.0,111465.0,0.0060999999999999995,-0.0003
984,2019-01-07,111495.0,111450.0,111400.0,0.0060999999999999995,0.0
983,2019-01-08,111480.0,111480.0,111450.0,0.0022,-0.0001
982,2019-01-09,111445.0,111425.0,111410.0,0.0,-0.0003
981,2019-01-10,111505.0,111470.0,111470.0,-0.0060999999999999995,0.0005
980,2019-01-11,111520.0,111555.0,111490.0,0.0022,0.0001
979,2019-01-14,111530.0,111530.0,111475.0,-0.0017000000000000001,0.0001
978,2019-01-15,111570.0,111560.0,111535.0,-0.0011,0.0004
977,2019-01-16,111540.0,111565.0,111525.0,0.0045000000000000005,-0.0003
976,2019-01-17,111560.0,111560.0,111550.0,-0.0060999999999999995,0.0002
975,2019-01-18,111460.0,111520.0,111460.0,0.01,-0.0009
974,2019-01-21,111495.0,111485.0,111425.0,0.0022,0.0003
973,2019-01-22,111555.0,111490.0,111445.0,-0.0070999999999999995,0.0005
972,2019-01-23,111580.0,111580.0,111555.0,-0.0017000000000000001,0.0002
971,2019-01-24,111575.0,111620.0,111530.0,0.0039000000000000003,0.0
970,2019-01-25,111555.0,111605.0,111535.0,0.0017000000000000001,-0.0002
969,2019-01-28,111550.0,111565.0,111500.0,0.0060999999999999995,0.0
968,2019-01-29,111530.0,111555.0,111520.0,0.0005,-0.0002
967,2019-01-30,111490.0,111565.0,111490.0,0.0022,-0.0004
966,2019-01-31,111595.0,111560.0,111530.0,-0.0088,0.0009
965,2019-02-01,111625.0,111630.0,111520.0,-0.0033,0.0003
964,2019-02-07,111635.0,111625.0,111580.0,0.0,0.0001
963,2019-02-08,111705.0,111675.0,111650.0,-0.0078000000000000005,0.0006
962,2019-02-11,111715.0,111715.0,111675.0,-0.0011,0.0001
961,2019-02-12,111700.0,111745.0,111650.0,0.009000000000000001,-0.0001
960,2019-02-13,111680.0,111700.0,111625.0,0.0028000000000000004,-0.0002
959,2019-02-14,111680.0,111700.0,111680.0,-0.0039000000000000003,0.0
958,2019-02-15,111760.0,111755.0,111725.0,-0.0089,0.0007000000000000001
957,2019-02-18,111700.0,111755.0,111670.0,0.013500000000000002,-0.0005
956,2019-02-19,111650.0,111715.0,111650.0,-0.0022,-0.0004
955,2019-02-20,111695.0,111740.0,111645.0,0.0011,0.0004
954,2019-02-21,111680.0,111705.0,111620.0,0.005,-0.0001
953,2019-02-22,111675.0,111690.0,111670.0,0.0022,0.0
952,2019-02-25,111675.0,111700.0,111650.0,0.005,0.0
951,2019-02-26,111680.0,111685.0,111680.0,-0.0011,0.0
950,2019-02-27,111700.0,111720.0,111680.0,-0.005,0.0002
949,2019-02-28,111735.0,111720.0,111660.0,0.0028000000000000004,0.0003
948,2019-03-04,111635.0,111710.0,111565.0,0.0121,-0.0009
947,2019-03-05,111665.0,111680.0,111645.0,0.0011,0.0003
946,2019-03-06,111675.0,111670.0,111630.0,-0.0044,0.0001
945,2019-03-07,111330.0,111410.0,111330.0,-0.006,-0.0031
944,2019-03-08,111405.0,111445.0,111395.0,-0.0083,0.0007000000000000001
943,2019-03-11,111435.0,111425.0,111365.0,0.0017000000000000001,0.0003
942,2019-03-12,111415.0,111430.0,111405.0,0.0006,-0.0002
941,2019-03-13,111475.0,111485.0,111425.0,-0.0088,0.0005
940,2019-03-14,111465.0,111485.0,111465.0,-0.0011,-0.0001
939,2019-03-15,111450.0,111485.0,111450.0,0.0060999999999999995,-0.0001
938,2019-03-18,111435.0,111485.0,111390.0,0.0067,-0.0001
937,2019-03-19,111440.0,111420.0,111380.0,-0.0011,0.0
936,2019-03-20,111440.0,111440.0,111390.0,0.0011,0.0
935,2019-03-21,111525.0,111450.0,111450.0,-0.0105,0.0008
934,2019-03-22,111465.0,111535.0,111465.0,0.0039000000000000003,-0.0005
933,2019-03-25,111660.0,111545.0,111545.0,-0.0161,0.0017000000000000001
932,2019-03-26,111670.0,111675.0,111605.0,-0.0023,0.0001
931,2019-03-27,111800.0,111695.0,111675.0,-0.0215,0.0012
930,2019-03-28,111945.0,111845.0,111845.0,-0.027200000000000002,0.0013
929,2019-03-29,111965.0,111950.0,111920.0,0.0066,0.0002
928,2019-04-01,111840.0,111810.0,111810.0,0.0213,-0.0011
927,2019-04-02,111890.0,111815.0,111745.0,-0.011000000000000001,0.0004
926,2019-04-03,111850.0,111900.0,111825.0,0.0076,-0.0004
925,2019-04-04,111845.0,111860.0,111795.0,0.0,0.0
924,2019-04-05,111810.0,111855.0,111775.0,0.0087,-0.0003
923,2019-04-08,111870.0,111860.0,111815.0,-0.0069,0.0005
922,2019-04-09,111850.0,111855.0,111785.0,0.0012,-0.0002
921,2019-04-10,111855.0,111870.0,111810.0,0.0034999999999999996,0.0
920,2019-04-11,111880.0,111880.0,111815.0,0.0,0.0002
919,2019-04-12,111850.0,111850.0,111835.0,0.0012,-0.0003
918,2019-04-15,111760.0,111765.0,111760.0,0.0179,-0.0008
917,2019-04-16,111695.0,111760.0,111695.0,0.0023,-0.0006
916,2019-04-17,111720.0,111760.0,111660.0,0.0079,0.0002
915,2019-04-18,111860.0,111745.0,111745.0,-0.0219,0.0013
914,2019-04-19,111825.0,111880.0,111805.0,0.0086,-0.0003
913,2019-04-22,111720.0,111810.0,111720.0,0.0051,-0.0009
912,2019-04-23,111775.0,111765.0,111740.0,0.0,0.0005
911,2019-04-24,111805.0,111805.0,111770.0,-0.0113,0.0003
910,2019-04-25,111945.0,111875.0,111875.0,-0.0143,0.0013
909,2019-04-26,111950.0,111865.0,111865.0,-0.0023,0.0
908,2019-04-29,112010.0,111945.0,111945.0,-0.004699999999999999,0.0005
907,2019-04-30,112080.0,112005.0,111995.0,-0.006999999999999999,0.0006
906,2019-05-02,111995.0,112055.0,111940.0,0.0212,-0.0008
905,2019-05-03,111930.0,111890.0,111850.0,0.0046,-0.0006
904,2019-05-07,112005.0,112045.0,112005.0,-0.0069,0.0007000000000000001
903,2019-05-08,112020.0,112060.0,111975.0,-0.0046,0.0001
902,2019-05-09,112000.0,112050.0,111985.0,-0.0034999999999999996,-0.0002
901,2019-05-10,112040.0,112000.0,111990.0,0.0059,0.0004
900,2019-05-13,112055.0,112065.0,111980.0,0.0006,0.0001
899,2019-05-14,112060.0,112055.0,112010.0,-0.0058,0.0
898,2019-05-15,112090.0,112085.0,112005.0,-0.0006,0.0003
897,2019-05-16,112160.0,112140.0,112110.0,-0.020499999999999997,0.0006
896,2019-05-17,112240.0,112195.0,112160.0,-0.003,0.0007000000000000001
895,2019-05-20,112200.0,112195.0,112130.0,0.0084,-0.0004
894,2019-05-21,112260.0,112190.0,112190.0,-0.011899999999999999,0.0005
893,2019-05-22,112240.0,112240.0,112240.0,0.0036,-0.0002
892,2019-05-23,112325.0,112310.0,112265.0,-0.012,0.0008
891,2019-05-24,112370.0,112320.0,112320.0,-0.003,0.0004
890,2019-05-27,112325.0,112360.0,112325.0,0.0067,-0.0004
889,2019-05-28,112325.0,112360.0,112275.0,0.0024,0.0
888,2019-05-29,112395.0,112385.0,112380.0,-0.0223,0.0006
887,2019-05-30,112460.0,112425.0,112395.0,0.0037,0.0006
886,2019-05-31,112585.0,112505.0,112505.0,-0.024,0.0011
885,2019-06-03,112620.0,112655.0,112615.0,0.0032,0.0003
884,2019-06-04,112655.0,112660.0,112590.0,-0.0032,0.0003
883,2019-06-05,112040.0,111940.0,111940.0,-0.0178,-0.0055000000000000005
882,2019-06-07,112045.0,112015.0,112000.0,-0.0019,0.0
881,2019-06-10,112055.0,112045.0,112030.0,0.009899999999999999,0.0001
880,2019-06-11,112040.0,112080.0,112005.0,0.0078000000000000005,-0.0001
879,2019-06-12,112240.0,112115.0,112080.0,-0.0493,0.0018
878,2019-06-13,112255.0,112270.0,112225.0,0.0095,0.0001
877,2019-06-14,112300.0,112225.0,112225.0,-0.0054,0.0004
876,2019-06-17,112250.0,112275.0,112195.0,0.015700000000000002,-0.0004
875,2019-06-18,112250.0,112280.0,112185.0,0.002,0.0
874,2019-06-19,112255.0,112285.0,112215.0,-0.004699999999999999,0.0
873,2019-06-20,112480.0,112405.0,112405.0,-0.0444,0.002
872,2019-06-21,112410.0,112465.0,112410.0,0.0141,-0.0006
871,2019-06-24,112440.0,112385.0,112350.0,-0.0028000000000000004,0.0003
870,2019-06-25,112355.0,112390.0,112355.0,0.025699999999999997,-0.0008
869,2019-06-26,112220.0,112270.0,112215.0,0.014199999999999999,-0.0012
868,2019-06-27,112245.0,112225.0,112210.0,-0.004,0.0002
867,2019-06-28,112320.0,112340.0,112235.0,-0.0134,0.0007000000000000001
866,2019-07-01,112300.0,112250.0,112240.0,0.008199999999999999,-0.0002
865,2019-07-02,112345.0,112330.0,112325.0,-0.0088,0.0004
864,2019-07-03,112450.0,112450.0,112375.0,-0.0239,0.0009
863,2019-07-04,112530.0,112495.0,112480.0,-0.0077,0.0007000000000000001
862,2019-07-05,112560.0,112565.0,112535.0,0.0034999999999999996,0.0003
861,2019-07-08,112530.0,112450.0,112430.0,0.0021,-0.0003
860,2019-07-09,112565.0,112535.0,112495.0,-0.0007000000000000001,0.0003
859,2019-07-10,112510.0,112530.0,112500.0,0.0098,-0.0005
858,2019-07-11,112555.0,112600.0,112525.0,-0.0125,0.0004
857,2019-07-12,112520.0,112480.0,112435.0,0.0042,-0.0003
856,2019-07-15,112520.0,112545.0,112485.0,0.0092,0.0
855,2019-07-16,112510.0,112480.0,112480.0,-0.0014000000000000002,-0.0001
854,2019-07-17,112580.0,112455.0,112455.0,-0.022400000000000003,0.0006
853,2019-07-18,112805.0,112670.0,112670.0,-0.0407,0.002
852,2019-07-19,112890.0,112845.0,112845.0,-0.0127,0.0008
851,2019-07-22,112860.0,112900.0,112860.0,0.0045000000000000005,-0.0003
850,2019-07-23,112860.0,112885.0,112830.0,0.0045000000000000005,0.0
849,2019-07-24,112915.0,112850.0,112850.0,-0.0134,0.0005
848,2019-07-25,112970.0,112970.0,112890.0,-0.0121,0.0005
847,2019-07-26,112925.0,112980.0,112920.0,0.0015,-0.0004
846,2019-07-29,112995.0,113015.0,112930.0,0.0023,0.0006
845,2019-07-30,113035.0,112990.0,112950.0,-0.0054,0.0004
844,2019-07-31,113040.0,113000.0,112990.0,-0.0031,0.0
843,2019-08-01,112980.0,113025.0,112970.0,0.0116,-0.0005
842,2019-08-02,113125.0,113070.0,113070.0,-0.036699999999999997,0.0013
841,2019-08-05,113420.0,113250.0,113235.0,-0.0594,0.0026
840,2019-08-06,113460.0,113515.0,113395.0,-0.0077,0.0004
839,2019-08-07,113495.0,113535.0,113480.0,-0.0086,0.0003
838,2019-08-08,113535.0,113505.0,113480.0,0.0104,0.0004
837,2019-08-09,113420.0,113505.0,113420.0,0.0206,-0.001
836,2019-08-12,113450.0,113450.0,113450.0,0.0068000000000000005,0.0003
835,2019-08-13,113525.0,113430.0,113430.0,-0.0262,0.0007000000000000001
834,2019-08-14,113525.0,113535.0,113520.0,-0.0026,0.0
833,2019-08-16,113725.0,113750.0,113670.0,-0.0412,0.0018
832,2019-08-19,113680.0,113735.0,113680.0,0.0009,-0.0004
831,2019-08-20,113665.0,113710.0,113655.0,0.0073,-0.0001
830,2019-08-21,113590.0,113695.0,113590.0,0.0481,-0.0007000000000000001
829,2019-08-22,113575.0,113475.0,113475.0,-0.0208,-0.0001
828,2019-08-23,113490.0,113585.0,113490.0,0.037200000000000004,-0.0007000000000000001
827,2019-08-26,113670.0,113550.0,113550.0,-0.030299999999999997,0.0016
826,2019-08-27,113540.0,113640.0,113425.0,0.0446,-0.0011
825,2019-08-28,113395.0,113535.0,113375.0,0.009399999999999999,-0.0013
824,2019-08-29,113535.0,113460.0,113435.0,-0.011899999999999999,0.0012
823,2019-08-30,113495.0,113540.0,113420.0,-0.0017000000000000001,-0.0004
822,2019-09-02,113290.0,113455.0,113275.0,0.0326,-0.0018
821,2019-09-03,113325.0,113305.0,113270.0,-0.0049,0.0003
820,2019-09-04,113270.0,113425.0,113270.0,0.0187,-0.0005
819,2019-09-05,113160.0,113330.0,113160.0,0.0104,-0.001
818,2019-09-06,112900.0,112885.0,112815.0,-0.0016,-0.0023
817,2019-09-09,112975.0,112940.0,112940.0,-0.028300000000000002,0.0007000000000000001
816,2019-09-10,112990.0,112970.0,112910.0,0.0105,0.0001
815,2019-09-11,112960.0,112950.0,112925.0,0.0088,-0.0003
814,2019-09-16,112655.0,112830.0,112655.0,0.0664,-0.0027
813,2019-09-17,112645.0,112645.0,112640.0,-0.0252,-0.0001
812,2019-09-18,112735.0,112740.0,112615.0,-0.0038,0.0008
811,2019-09-19,112775.0,112775.0,112715.0,0.014499999999999999,0.0004
810,2019-09-20,112695.0,112715.0,112690.0,0.003,-0.0007000000000000001
809,2019-09-23,112700.0,112750.0,112685.0,0.0038,0.0
808,2019-09-24,112715.0,112720.0,112660.0,-0.003,0.0001
807,2019-09-25,112805.0,112795.0,112775.0,-0.0158,0.0008
806,2019-09-26,112790.0,112780.0,112780.0,-0.0031,-0.0001
805,2019-09-27,112815.0,112820.0,112815.0,0.0,0.0002
804,2019-09-30,112865.0,112855.0,112815.0,-0.0038,0.0004
803,2019-10-01,112770.0,112900.0,112770.0,0.02,-0.0008
802,2019-10-02,112845.0,112885.0,112820.0,-0.0144,0.0007000000000000001
801,2019-10-04,113155.0,112955.0,112955.0,-0.06709999999999999,0.0027
800,2019-10-07,113180.0,113160.0,113110.0,0.0199,0.0002
799,2019-10-08,113035.0,113090.0,112965.0,0.0292,-0.0013
798,2019-10-10,113005.0,113065.0,113000.0,0.0127,-0.0003
797,2019-10-11,112915.0,112930.0,112860.0,0.0063,-0.0008
796,2019-10-14,112940.0,112930.0,112845.0,0.004699999999999999,0.0002
795,2019-10-15,112970.0,112955.0,112955.0,-0.0031,0.0003
794,2019-10-16,112870.0,112910.0,112810.0,0.0329,-0.0009
793,2019-10-17,112675.0,112850.0,112675.0,0.04019999999999999,-0.0017000000000000001
792,2019-10-18,112645.0,112670.0,112555.0,0.0015,-0.0003
791,2019-10-21,112495.0,112655.0,112495.0,0.0233,-0.0013
790,2019-10-22,112590.0,112495.0,112495.0,-0.0171,0.0008
789,2019-10-23,112585.0,112590.0,112585.0,0.0036,0.0
788,2019-10-24,112560.0,112600.0,112525.0,0.0058,-0.0002
787,2019-10-25,112500.0,112555.0,112495.0,0.0265,-0.0005
786,2019-10-28,112200.0,112490.0,112200.0,0.054000000000000006,-0.0027
785,2019-10-29,112155.0,112100.0,112100.0,-0.0144,-0.0004
784,2019-10-30,112210.0,112250.0,112210.0,-0.008,0.0005
783,2019-10-31,112365.0,112295.0,112295.0,-0.0148,0.0014000000000000002
782,2019-11-01,112365.0,112445.0,112365.0,-0.0007000000000000001,0.0
781,2019-11-04,112125.0,112335.0,112035.0,0.0481,-0.0021
780,2019-11-05,112090.0,112070.0,111950.0,-0.0155,-0.0003
779,2019-11-06,112120.0,112090.0,112030.0,0.0066,0.0003
778,2019-11-07,112160.0,112245.0,112160.0,0.002,0.0004
777,2019-11-08,112150.0,111955.0,111955.0,-0.011699999999999999,-0.0001
776,2019-11-11,112270.0,112200.0,112130.0,-0.0125,0.0011
775,2019-11-12,112270.0,112275.0,112265.0,0.0481,0.0
774,2019-11-13,112280.0,112185.0,112150.0,-0.037000000000000005,0.0001
773,2019-11-14,112325.0,112355.0,112250.0,0.0046,0.0004
772,2019-11-15,112325.0,112345.0,112235.0,-0.0033,0.0
771,2019-11-18,112305.0,112335.0,112275.0,0.002,-0.0002
770,2019-11-19,112445.0,112350.0,112350.0,-0.019799999999999998,0.0012
769,2019-11-20,112575.0,112525.0,112425.0,-0.024900000000000002,0.0012
768,2019-11-21,112570.0,112595.0,112540.0,0.0055000000000000005,0.0
767,2019-11-22,112560.0,112495.0,112410.0,-0.0021,-0.0001
766,2019-11-25,112445.0,112525.0,112395.0,0.0137,-0.001
765,2019-11-26,112475.0,112475.0,112440.0,0.0014000000000000002,0.0003
764,2019-11-27,112595.0,112535.0,112480.0,-0.013500000000000002,0.0011
763,2019-11-28,112680.0,112620.0,112565.0,-0.0172,0.0008
762,2019-11-29,112815.0,112585.0,112585.0,-0.0335,0.0012
761,2019-12-02,112735.0,112785.0,112665.0,0.0252,-0.0007000000000000001
760,2019-12-03,112625.0,112710.0,112625.0,0.0281,-0.001
759,2019-12-04,112770.0,112610.0,112610.0,-0.037599999999999995,0.0013
758,2019-12-05,112710.0,112755.0,112690.0,0.011399999999999999,-0.0005
757,2019-12-06,112115.0,112115.0,112050.0,0.0049,-0.0053
756,2019-12-09,112130.0,112080.0,112075.0,-0.011200000000000002,0.0001
755,2019-12-10,112200.0,112190.0,112120.0,-0.0191,0.0006
754,2019-12-11,112205.0,112165.0,112155.0,-0.0036,0.0
753,2019-12-12,112220.0,112220.0,112190.0,0.0007000000000000001,0.0001
752,2019-12-13,112160.0,112030.0,112030.0,0.013000000000000001,-0.0005
751,2019-12-16,112210.0,112185.0,112155.0,-0.0229,0.0004
750,2019-12-17,112265.0,112260.0,112210.0,-0.0029,0.0005
749,2019-12-18,112265.0,112265.0,112260.0,-0.0066,0.0
748,2019-12-19,112190.0,112235.0,112165.0,0.0207,-0.0007000000000000001
747,2019-12-20,112190.0,112220.0,112170.0,0.008,0.0
746,2019-12-23,112235.0,112215.0,112195.0,-0.0036,0.0004
745,2019-12-24,112280.0,112250.0,112190.0,-0.0072,0.0004
744,2019-12-26,112295.0,112300.0,112200.0,-0.0007000000000000001,0.0001
743,2019-12-27,112275.0,112225.0,112220.0,0.0015,-0.0002
742,2019-12-30,112320.0,112275.0,112270.0,-0.0044,0.0004
741,2020-01-02,112420.0,112320.0,112215.0,-0.0207,0.0009
740,2020-01-03,112630.0,112405.0,112405.0,-0.0437,0.0019
739,2020-01-06,112675.0,112630.0,112625.0,0.0039000000000000003,0.0004
738,2020-01-07,112510.0,112620.0,112435.0,0.0415,-0.0015
737,2020-01-08,112375.0,112545.0,112375.0,0.0248,-0.0012
736,2020-01-09,112255.0,112330.0,112255.0,0.041100000000000005,-0.0011
735,2020-01-10,112095.0,112230.0,112075.0,0.0042,-0.0014000000000000002
734,2020-01-13,112110.0,112120.0,112075.0,0.0014000000000000002,0.0001
733,2020-01-14,112265.0,112155.0,112100.0,-0.0254,0.0014000000000000002
732,2020-01-15,112320.0,112330.0,112250.0,0.0051,0.0005
731,2020-01-16,112250.0,112340.0,112245.0,0.0252,-0.0006
730,2020-01-17,112185.0,112235.0,112140.0,0.0077,-0.0006
729,2020-01-20,112120.0,112225.0,112095.0,0.0253,-0.0006
728,2020-01-21,112295.0,112055.0,112055.0,-0.0453,0.0016
727,2020-01-22,112215.0,112320.0,112210.0,0.0345,-0.0007000000000000001
726,2020-01-23,112265.0,112275.0,112220.0,-0.0125,0.0004
725,2020-01-28,112525.0,112320.0,112320.0,-0.0499,0.0023
724,2020-01-29,112530.0,112485.0,112385.0,-0.0148,0.0
723,2020-01-30,112685.0,112675.0,112675.0,-0.0248,0.0014000000000000002
722,2020-01-31,112740.0,112705.0,112660.0,-0.0008,0.0005
721,2020-02-03,112795.0,112860.0,112745.0,-0.016,0.0005
720,2020-02-04,112670.0,112790.0,112610.0,0.0294,-0.0011
719,2020-02-05,112660.0,112570.0,112520.0,-0.0173,-0.0001
718,2020-02-06,112665.0,112670.0,112600.0,0.0069,0.0
717,2020-02-07,112725.0,112740.0,112725.0,-0.026600000000000002,0.0005
716,2020-02-10,112740.0,112860.0,112735.0,0.0149,0.0001
715,2020-02-11,112745.0,112780.0,112695.0,0.0039000000000000003,0.0
714,2020-02-12,112745.0,112750.0,112740.0,-0.0015,0.0
713,2020-02-13,112770.0,112805.0,112765.0,-0.0177,0.0002
712,2020-02-14,112650.0,112845.0,112650.0,0.0415,-0.0011
711,2020-02-17,112695.0,112615.0,112595.0,-0.0053,0.0004
710,2020-02-18,112800.0,112710.0,112710.0,-0.0385,0.0009
709,2020-02-19,112800.0,112825.0,112800.0,0.009399999999999999,0.0
708,2020-02-20,112995.0,112910.0,112910.0,-0.042800000000000005,0.0017000000000000001
707,2020-02-21,113225.0,113105.0,113060.0,-0.0391,0.002
706,2020-02-24,113275.0,113205.0,113205.0,-0.0421,0.0004
705,2020-02-25,113235.0,113375.0,113225.0,0.0255,-0.0004
704,2020-02-26,113290.0,113235.0,113235.0,-0.0274,0.0005
703,2020-02-27,113200.0,113390.0,113155.0,0.0529,-0.0008
702,2020-02-28,113435.0,113260.0,113230.0,-0.0754,0.0021
701,2020-03-02,113475.0,113680.0,113460.0,0.0264,0.0004
700,2020-03-03,113505.0,113355.0,113345.0,-0.0204,0.0003
699,2020-03-04,113715.0,113785.0,113680.0,-0.0705,0.0019
698,2020-03-05,113700.0,113690.0,113630.0,0.022400000000000003,-0.0001
697,2020-03-06,113380.0,113515.0,113380.0,0.0276,-0.0028000000000000004
696,2020-03-09,113410.0,113495.0,113380.0,-0.0168,0.0003
695,2020-03-10,113340.0,113405.0,113325.0,0.022799999999999997,-0.0006
694,2020-03-11,113270.0,113360.0,113270.0,0.0139,-0.0006
693,2020-03-12,113400.0,113280.0,113230.0,-0.0265,0.0011
692,2020-03-13,113210.0,113325.0,112910.0,0.0799,-0.0017000000000000001
691,2020-03-16,113260.0,113900.0,113240.0,-0.0339,0.0004
690,2020-03-17,113475.0,113190.0,113190.0,-0.0728,0.0019
689,2020-03-18,113275.0,113400.0,113275.0,0.0126,-0.0018
688,2020-03-19,112540.0,113185.0,112225.0,0.1435,-0.006500000000000001
687,2020-03-20,113055.0,112575.0,112575.0,-0.0753,0.0046
686,2020-03-23,112785.0,113055.0,112610.0,0.0213,-0.0024
685,2020-03-24,112910.0,112825.0,112780.0,-0.0218,0.0011
684,2020-03-25,112790.0,112675.0,112675.0,0.0196,-0.0011
683,2020-03-26,113230.0,112985.0,112915.0,-0.0707,0.0039000000000000003
682,2020-03-27,113275.0,113225.0,113210.0,-0.004699999999999999,0.0004
681,2020-03-30,113200.0,113230.0,113175.0,0.0281,-0.0007000000000000001
680,2020-03-31,113165.0,112945.0,112945.0,-0.0246,-0.0003
679,2020-04-01,113200.0,113300.0,113165.0,0.022400000000000003,0.0003
678,2020-04-02,113300.0,113230.0,113165.0,-0.032,0.0009
677,2020-04-03,113250.0,113330.0,113215.0,0.0066,-0.0004
676,2020-04-06,113360.0,113240.0,113195.0,-0.0141,0.001
675,2020-04-07,113370.0,113320.0,113315.0,-0.001,0.0001
674,2020-04-08,113390.0,113430.0,113345.0,-0.02,0.0002
673,2020-04-09,113585.0,113510.0,113420.0,-0.045700000000000005,0.0017000000000000001
672,2020-04-10,113695.0,113635.0,113605.0,-0.012199999999999999,0.001
671,2020-04-13,113645.0,113685.0,113585.0,0.0258,-0.0004
670,2020-04-14,113610.0,113620.0,113500.0,0.0,-0.0003
669,2020-04-16,113730.0,113635.0,113595.0,-0.021,0.0011
668,2020-04-17,113635.0,113695.0,113590.0,0.0245,-0.0008
667,2020-04-20,113645.0,113640.0,113610.0,0.002,0.0001
666,2020-04-21,113540.0,113670.0,113420.0,0.023700000000000002,-0.0009
665,2020-04-22,113505.0,113600.0,113470.0,0.0106,-0.0003
664,2020-04-23,113500.0,113535.0,113500.0,-0.0086,0.0
663,2020-04-24,113555.0,113555.0,113475.0,-0.0154,0.0005
662,2020-04-27,113575.0,113580.0,113495.0,0.0179,0.0002
661,2020-04-28,113575.0,113530.0,113525.0,0.0088,0.0
660,2020-04-29,113685.0,113605.0,113605.0,-0.027999999999999997,0.001
659,2020-05-04,113780.0,113705.0,113690.0,-0.0327,0.0008
658,2020-05-06,113780.0,113810.0,113740.0,-0.0134,0.0
657,2020-05-07,113855.0,113780.0,113780.0,-0.0083,0.0007000000000000001
656,2020-05-08,113940.0,113860.0,113845.0,-0.0368,0.0007000000000000001
655,2020-05-11,113900.0,113965.0,113900.0,0.0143,-0.0004
654,2020-05-12,114035.0,113950.0,113945.0,-0.039,0.0012
653,2020-05-13,114125.0,114140.0,114105.0,-0.0361,0.0008
652,2020-05-14,114140.0,114130.0,114090.0,0.0187,0.0001
651,2020-05-15,114145.0,114130.0,114130.0,0.005699999999999999,0.0
650,2020-05-18,114100.0,114165.0,114100.0,0.0195,-0.0004
649,2020-05-19,114110.0,114075.0,114050.0,-0.0124,0.0001
648,2020-05-20,114185.0,114170.0,114155.0,-0.0103,0.0007000000000000001
647,2020-05-21,114220.0,114225.0,114165.0,-0.0127,0.0003
646,2020-05-22,114245.0,114215.0,114165.0,-0.0175,0.0002
645,2020-05-25,114360.0,114270.0,114250.0,-0.0204,0.001
644,2020-05-26,114280.0,114280.0,114280.0,0.027000000000000003,-0.0007000000000000001
643,2020-05-27,114205.0,114305.0,114205.0,0.037000000000000005,-0.0007000000000000001
642,2020-05-28,114300.0,114190.0,114190.0,-0.0588,0.0008
641,2020-05-29,114285.0,114320.0,114285.0,0.013500000000000002,-0.0001
640,2020-06-01,114310.0,114280.0,114260.0,0.0222,0.0002
639,2020-06-02,114185.0,114295.0,114175.0,0.039900000000000005,-0.0011
638,2020-06-03,114205.0,114255.0,114160.0,0.0058,0.0002
637,2020-06-04,114130.0,114180.0,114050.0,0.024300000000000002,-0.0007000000000000001
636,2020-06-05,114110.0,114100.0,114090.0,0.0079,-0.0002
635,2020-06-08,113605.0,113505.0,113505.0,0.0078000000000000005,-0.0044
634,2020-06-09,113725.0,113610.0,113610.0,-0.0708,0.0011
633,2020-06-10,113790.0,113815.0,113745.0,0.0,0.0006
632,2020-06-11,113835.0,113910.0,113835.0,-0.0036,0.0004
631,2020-06-12,113825.0,113835.0,113815.0,0.0048,-0.0001
630,2020-06-15,113700.0,113765.0,113680.0,0.0226,-0.0011
629,2020-06-16,113780.0,113700.0,113645.0,0.0,0.0007000000000000001
628,2020-06-17,113720.0,113745.0,113685.0,0.0163,-0.0005
627,2020-06-18,113855.0,113750.0,113750.0,-0.0366,0.0012
626,2020-06-19,113815.0,113895.0,113815.0,0.0012,-0.0004
625,2020-06-22,113755.0,113780.0,113735.0,0.0,-0.0005
624,2020-06-23,113905.0,113765.0,113765.0,-0.022400000000000003,0.0013
623,2020-06-24,113950.0,113905.0,113895.0,-0.0121,0.0004
622,2020-06-25,113900.0,113965.0,113890.0,-0.0012,-0.0004
621,2020-06-26,113995.0,113990.0,113920.0,-0.0073,0.0008
620,2020-06-29,113900.0,113945.0,113895.0,0.0382,-0.0008
619,2020-06-30,113895.0,113955.0,113825.0,-0.0036,0.0
618,2020-07-01,113850.0,113930.0,113825.0,0.010700000000000001,-0.0004
617,2020-07-02,113910.0,113905.0,113845.0,-0.015300000000000001,0.0005
616,2020-07-03,113915.0,113955.0,113900.0,0.0036,0.0
615,2020-07-06,113815.0,113900.0,113810.0,0.0216,-0.0009
614,2020-07-07,113910.0,113820.0,113820.0,-0.011699999999999999,0.0008
613,2020-07-08,113915.0,113910.0,113855.0,-0.004699999999999999,0.0
612,2020-07-09,113920.0,113915.0,113875.0,0.0012,0.0
611,2020-07-10,113905.0,113950.0,113900.0,0.0131,-0.0001
610,2020-07-13,113810.0,113875.0,113800.0,0.0177,-0.0008
609,2020-07-14,113865.0,113905.0,113865.0,-0.0058,0.0005
608,2020-07-15,113865.0,113910.0,113835.0,-0.0105,0.0
607,2020-07-16,113980.0,113890.0,113890.0,-0.0177,0.001
606,2020-07-17,114040.0,114010.0,113980.0,-0.024,0.0005
605,2020-07-20,114030.0,114060.0,114000.0,-0.0123,-0.0001
604,2020-07-21,114055.0,114120.0,114020.0,0.02,0.0002
603,2020-07-22,114035.0,114050.0,114005.0,-0.0098,-0.0002
602,2020-07-23,114120.0,114090.0,114075.0,-0.016,0.0007000000000000001
601,2020-07-24,114145.0,114160.0,114115.0,0.0025,0.0002
600,2020-07-27,114140.0,114085.0,114070.0,0.005,0.0
599,2020-07-28,114110.0,114125.0,114075.0,0.011200000000000002,-0.0003
598,2020-07-29,114120.0,114110.0,114070.0,-0.0025,0.0001
597,2020-07-30,114195.0,114155.0,114115.0,-0.0148,0.0007000000000000001
596,2020-07-31,114220.0,114260.0,114220.0,-0.0038,0.0002
595,2020-08-03,114175.0,114220.0,114160.0,0.0101,-0.0004
594,2020-08-04,114195.0,114200.0,114175.0,0.005,0.0002
593,2020-08-05,114240.0,114240.0,114195.0,-0.011200000000000002,0.0004
592,2020-08-06,114195.0,114220.0,114165.0,0.016399999999999998,-0.0004
591,2020-08-07,114200.0,114230.0,114200.0,0.0025,0.0
590,2020-08-10,114070.0,114185.0,114070.0,0.0259,-0.0011
589,2020-08-11,114140.0,114155.0,114025.0,-0.0144,0.0006
588,2020-08-12,114145.0,114080.0,114070.0,0.0098,0.0
587,2020-08-13,114150.0,114155.0,114105.0,-0.014499999999999999,0.0
586,2020-08-14,114075.0,114150.0,114075.0,0.016,-0.0007000000000000001
585,2020-08-18,114130.0,114075.0,114075.0,-0.0206,0.0005
584,2020-08-19,114220.0,114155.0,114130.0,-0.0074,0.0008
583,2020-08-20,114180.0,114190.0,114100.0,0.01,-0.0004
582,2020-08-21,114050.0,114130.0,114050.0,0.051699999999999996,-0.0011
581,2020-08-24,114140.0,114045.0,114040.0,-0.0363,0.0008
580,2020-08-25,114140.0,114140.0,114080.0,0.0012,0.0
579,2020-08-26,114095.0,114120.0,114010.0,0.0121,-0.0004
578,2020-08-27,114030.0,114095.0,113980.0,0.0204,-0.0006
577,2020-08-28,113870.0,113925.0,113865.0,0.050499999999999996,-0.0014000000000000002
576,2020-08-31,113825.0,113890.0,113750.0,0.0538,-0.0004
575,2020-09-01,113620.0,113785.0,113600.0,0.0415,-0.0018
574,2020-09-02,113810.0,113705.0,113650.0,-0.0552,0.0017000000000000001
573,2020-09-03,113855.0,113810.0,113725.0,-0.006500000000000001,0.0004
572,2020-09-04,113830.0,113855.0,113750.0,0.0109,-0.0002
571,2020-09-07,113720.0,113660.0,113660.0,0.034,-0.001
570,2020-09-08,113535.0,113500.0,113475.0,-0.0226,-0.0016
569,2020-09-09,113645.0,113670.0,113585.0,-0.0347,0.001
568,2020-09-10,113670.0,113670.0,113670.0,-0.0011,0.0002
567,2020-09-11,113595.0,113615.0,113580.0,0.0087,-0.0007000000000000001
566,2020-09-14,113695.0,113575.0,113575.0,-0.0097,0.0009
565,2020-09-15,113695.0,113730.0,113690.0,-0.0152,0.0
564,2020-09-16,113730.0,113650.0,113650.0,0.0033,0.0003
563,2020-09-17,113710.0,113720.0,113690.0,0.0077,-0.0002
562,2020-09-18,113700.0,113665.0,113665.0,-0.0098,-0.0001
561,2020-09-21,113745.0,113755.0,113695.0,-0.0011,0.0004
560,2020-09-22,113800.0,113770.0,113755.0,-0.0077,0.0005
559,2020-09-23,113880.0,113850.0,113805.0,-0.015600000000000001,0.0007000000000000001
558,2020-09-24,113965.0,113865.0,113865.0,-0.028300000000000002,0.0007000000000000001
557,2020-09-25,113930.0,113965.0,113930.0,-0.0034999999999999996,-0.0003
556,2020-09-28,114045.0,113940.0,113940.0,-0.008199999999999999,0.001
555,2020-09-29,114040.0,114060.0,114005.0,0.0036,0.0
554,2020-10-05,113935.0,114035.0,113925.0,0.0487,-0.0009
553,2020-10-06,113810.0,113900.0,113810.0,0.024900000000000002,-0.0011
552,2020-10-07,113800.0,113810.0,113770.0,0.0088,-0.0001
551,2020-10-08,113790.0,113805.0,113745.0,-0.0066,-0.0001
550,2020-10-12,113690.0,113735.0,113680.0,0.0255,-0.0009
549,2020-10-13,113750.0,113750.0,113665.0,0.0,0.0005
548,2020-10-14,113805.0,113790.0,113720.0,-0.0259,0.0005
547,2020-10-15,113900.0,113795.0,113795.0,-0.0222,0.0008
546,2020-10-16,113860.0,113875.0,113835.0,0.0023,-0.0004
545,2020-10-19,113920.0,113825.0,113760.0,0.0022,0.0005
544,2020-10-20,113840.0,113945.0,113815.0,0.022400000000000003,-0.0007000000000000001
543,2020-10-21,113760.0,113860.0,113760.0,0.0263,-0.0007000000000000001
542,2020-10-22,113790.0,113745.0,113745.0,-0.0085,0.0003
541,2020-10-23,113815.0,113715.0,113715.0,-0.020499999999999997,0.0002
540,2020-10-26,113855.0,113890.0,113820.0,-0.0022,0.0004
539,2020-10-27,113790.0,113800.0,113775.0,0.009899999999999999,-0.0006
538,2020-10-28,113840.0,113810.0,113810.0,-0.0011,0.0004
537,2020-10-29,113820.0,113850.0,113750.0,0.014199999999999999,-0.0002
536,2020-10-30,113755.0,113725.0,113710.0,0.0075,-0.0006
535,2020-11-02,113585.0,113735.0,113585.0,0.039599999999999996,-0.0015
534,2020-11-03,113585.0,113635.0,113565.0,0.0103,0.0
533,2020-11-04,113655.0,113565.0,113490.0,-0.0265,0.0006
532,2020-11-05,113760.0,113755.0,113730.0,-0.029300000000000003,0.0009
531,2020-11-06,113700.0,113730.0,113700.0,0.016200000000000003,-0.0005
530,2020-11-09,113670.0,113685.0,113645.0,0.0148,-0.0003
529,2020-11-10,113595.0,113615.0,113520.0,0.0125,-0.0007000000000000001
528,2020-11-11,113555.0,113610.0,113545.0,0.016399999999999998,-0.0004
527,2020-11-12,113610.0,113630.0,113560.0,-0.0192,0.0005
526,2020-11-13,113575.0,113610.0,113560.0,-0.0021,-0.0003
525,2020-11-16,113630.0,113635.0,113555.0,0.0115,0.0005
524,2020-11-17,113650.0,113630.0,113630.0,-0.0113,0.0002
523,2020-11-18,113715.0,113710.0,113650.0,-0.009399999999999999,0.0006
522,2020-11-19,113715.0,113740.0,113705.0,0.0032,0.0
521,2020-11-20,113645.0,113665.0,113635.0,0.009399999999999999,-0.0006
520,2020-11-23,113675.0,113730.0,113660.0,-0.0134,0.0003
519,2020-11-24,113695.0,113645.0,113640.0,0.0115,0.0002
518,2020-11-25,113670.0,113645.0,113585.0,0.0052,-0.0002
517,2020-11-26,113625.0,113660.0,113590.0,0.0113,-0.0004
516,2020-11-27,113570.0,113585.0,113565.0,-0.001,-0.0005
515,2020-11-30,113610.0,113585.0,113545.0,0.0072,0.0004
514,2020-12-01,113620.0,113620.0,113555.0,-0.001,0.0001
513,2020-12-02,113585.0,113555.0,113530.0,-0.001,-0.0003
512,2020-12-03,113565.0,113595.0,113565.0,-0.0051,-0.0002
511,2020-12-04,113700.0,113650.0,113650.0,-0.013300000000000001,0.0012
510,2020-12-07,113720.0,113600.0,113600.0,-0.0072,0.0002
509,2020-12-08,113360.0,113335.0,113275.0,-0.0042,-0.0032
508,2020-12-09,113345.0,113350.0,113285.0,0.0167,-0.0001
507,2020-12-10,113385.0,113395.0,113330.0,-0.001,0.0004
506,2020-12-11,113385.0,113405.0,113305.0,0.0062,0.0
505,2020-12-14,113360.0,113410.0,113325.0,0.0092,-0.0002
504,2020-12-15,113345.0,113385.0,113315.0,-0.001,-0.0001
503,2020-12-16,113290.0,113345.0,113290.0,0.003,-0.0005
502,2020-12-17,113240.0,113290.0,113220.0,0.0132,-0.0004
501,2020-12-18,113275.0,113275.0,113240.0,-0.04,0.0003
500,2020-12-21,113375.0,113325.0,113275.0,-0.0052,0.0009
499,2020-12-22,113440.0,113370.0,113335.0,-0.015600000000000001,0.0006
498,2020-12-23,113495.0,113480.0,113470.0,-0.0138,0.0005
497,2020-12-24,113420.0,113480.0,113410.0,0.019299999999999998,-0.0007000000000000001
496,2020-12-28,113380.0,113415.0,113315.0,0.0074,-0.0004
495,2020-12-29,113375.0,113405.0,113335.0,0.013600000000000001,0.0
494,2020-12-30,113380.0,113325.0,113325.0,0.0072,0.0
