날짜,종가,시가,고가,저가,거래량,변동률,수익률
2022- 12- 30,81.17,81.2,81.27,81.16,6.05M,-0.0012,0.0145
2022- 12- 29,81.27,81.25,81.28,81.23,4.15M,0.0007,-0.0034
2022- 12- 28,81.21,81.23,81.25,81.21,4.31M,0.0,0.0028
2022- 12- 27,81.21,81.25,81.26,81.16,3.46M,-0.0014,0.0194
2022- 12- 23,81.32,81.31,81.34,81.3,2.74M,-0.0005,0.0126
2022- 12- 22,81.36,81.39,81.45,81.36,6.61M,-0.0006,0.0106
2022- 12- 21,81.41,81.42,81.43,81.38,5.22M,0.001,-0.007
2022- 12- 20,81.33,81.29,81.35,81.27,3.74M,0.0,0.0063
2022- 12- 19,81.33,81.39,81.4,81.33,4.85M,-0.0012,0.0243
2022- 12- 16,81.43,81.3,81.48,81.29,3.99M,0.001,-0.01
2022- 12- 15,81.35,81.39,81.4,81.31,6.16M,-0.0021,0.0085
2022- 12- 14,81.52,81.58,81.62,81.43,5.65M,0.0001,-0.0071
2022- 12- 13,81.51,81.59,81.62,81.49,5.79M,0.003,-0.0468
2022- 12- 12,81.27,81.36,81.37,81.24,4.58M,-0.0006,0.0089
2022- 12- 09,81.32,81.35,81.4,81.32,4.62M,-0.0005,0.0109
2022- 12- 08,81.36,81.39,81.42,81.35,4.12M,-0.001,0.0147
2022- 12- 07,81.44,81.37,81.45,81.35,5.16M,0.0021,-0.0263
2022- 12- 06,81.27,81.22,81.29,81.21,4.23M,0.0011,-0.0056
2022- 12- 05,81.18,81.32,81.33,81.18,6.59M,-0.0028,0.0324
2022- 12- 02,81.41,81.29,81.42,81.24,5.16M,-0.0002,0.0074
2022- 12- 01,81.43,81.29,81.43,81.27,23.60M,0.0001,-0.0243
2022- 11- 30,81.42,81.14,81.42,81.11,10.37M,0.003,-0.0425
2022- 11- 29,81.18,81.21,81.23,81.18,4.71M,-0.0004,0.01
2022- 11- 28,81.21,81.21,81.25,81.19,4.33M,0.0002,-0.0028
2022- 11- 25,81.19,81.16,81.2,81.15,1.54M,0.0001,0.0085
2022- 11- 23,81.18,81.1,81.19,81.08,4.07M,0.0009,-0.0159
2022- 11- 22,81.11,81.1,81.12,81.06,3.42M,0.0007,-0.0078
2022- 11- 21,81.05,81.13,81.14,81.04,3.44M,-0.0002,0.0058
2022- 11- 18,81.07,81.14,81.18,81.07,4.37M,-0.0011,0.0177
2022- 11- 17,81.16,81.19,81.19,81.12,5.45M,-0.0012,0.0188
2022- 11- 16,81.26,81.29,81.3,81.24,8.25M,0.0001,0.0006
2022- 11- 15,81.25,81.25,81.26,81.18,21.23M,0.001,-0.0218
2022- 11- 14,81.17,81.15,81.17,81.11,7.19M,-0.0009,0.0133
2022- 11- 11,81.24,81.18,81.28,81.17,4.25M,-0.0002,
2022- 11- 10,81.26,81.17,81.29,81.16,6.63M,0.0054,-0.0692
2022- 11- 09,80.82,80.72,80.84,80.7,4.59M,0.0016,-0.0168
2022- 11- 08,80.69,80.65,80.71,80.64,7.09M,0.001,-0.0186
2022- 11- 07,80.61,80.64,80.64,80.6,4.39M,-0.0009,0.0133
2022- 11- 04,80.68,80.63,80.71,80.57,4.35M,0.0011,-0.0122
2022- 11- 03,80.59,80.56,80.64,80.56,4.83M,-0.0019,0.0197
2022- 11- 02,80.74,80.82,80.96,80.69,5.71M,-0.0005,0.0122
2022- 11- 01,80.78,80.98,80.99,80.78,5.35M,-0.0027,0.0142
2022- 10- 31,81.0,81.01,81.03,80.96,6.85M,-0.0015,0.017
2022- 10- 28,81.12,81.14,81.18,81.09,4.46M,-0.0015,0.0274
2022- 10- 27,81.24,81.16,81.25,81.12,4.01M,0.0021,-0.0311
2022- 10- 26,81.07,81.02,81.11,81.01,6.04M,0.0009,-0.0159
2022- 10- 25,81.0,81.04,81.09,80.98,5.11M,0.001,-0.0163
2022- 10- 24,80.92,80.9,80.97,80.87,3.68M,-0.0002,0.0026
2022- 10- 21,80.94,80.83,80.99,80.8,5.18M,0.0026,-0.0287
2022- 10- 20,80.73,80.77,80.82,80.73,5.80M,-0.0011,0.0181
2022- 10- 19,80.82,80.85,80.88,80.81,4.35M,-0.0019,0.0314
2022- 10- 18,80.97,81.01,81.02,80.92,7.01M,0.0005,-0.0025
2022- 10- 17,80.93,80.98,80.99,80.92,4.01M,0.0011,-0.0132
2022- 10- 14,80.84,80.97,80.99,80.82,5.51M,-0.0005,0.0114
2022- 10- 13,80.88,80.8,80.98,80.79,5.75M,-0.003,0.0314
2022- 10- 12,81.12,81.06,81.13,81.05,8.79M,0.001,-0.008
2022- 10- 11,81.04,81.07,81.12,81.04,3.84M,0.0005,-0.0005
2022- 10- 10,81.0,81.04,81.05,80.96,2.93M,-0.0004,0.0007
2022- 10- 07,81.03,81.06,81.08,81.03,4.62M,-0.0012,0.0176
2022- 10- 06,81.13,81.23,81.24,81.13,5.10M,-0.0012,0.0258
2022- 10- 05,81.23,81.22,81.26,81.16,7.18M,-0.001,0.0156
2022- 10- 04,81.31,81.33,81.41,81.29,6.22M,0.0004,-0.0027
2022- 10- 03,81.28,81.27,81.41,81.23,8.91M,0.0009,-0.0401
2022- 09- 30,81.21,81.29,81.35,81.18,8.45M,-0.0009,0.0168
2022- 09- 29,81.28,81.25,81.31,81.19,4.74M,-0.0014,0.0139
2022- 09- 28,81.39,81.3,81.39,81.23,7.79M,0.0043,-0.0497
2022- 09- 27,81.04,81.11,81.12,81.01,15.09M,0.0,-0.0103
2022- 09- 26,81.04,81.18,81.2,81.0,6.15M,-0.0022,0.0464
2022- 09- 23,81.22,81.32,81.34,81.2,10.19M,-0.0012,0.0218
2022- 09- 22,81.32,81.38,81.39,81.28,6.61M,-0.0018,0.0305
2022- 09- 21,81.47,81.54,81.55,81.32,4.48M,-0.0009,0.0173
2022- 09- 20,81.54,81.54,81.67,81.51,15.98M,-0.0005,0.0102
2022- 09- 19,81.58,81.55,81.6,81.53,4.38M,-0.0011,0.0184
2022- 09- 16,81.67,81.6,81.7,81.59,4.37M,0.0005,-0.0042
2022- 09- 15,81.63,81.67,81.69,81.63,3.59M,-0.0011,0.0156
2022- 09- 14,81.72,81.71,81.79,81.71,4.74M,-0.0009,0.0097
2022- 09- 13,81.79,81.82,81.85,81.74,6.54M,-0.0034,0.0387
2022- 09- 12,82.07,82.13,82.14,82.05,3.14M,-0.0001,0.0033
2022- 09- 09,82.08,82.14,82.18,82.05,4.07M,-0.0009,0.0091
2022- 09- 08,82.15,82.2,82.22,82.14,4.98M,-0.0012,0.0229
2022- 09- 07,82.25,82.18,82.25,82.16,4.43M,0.0015,-0.0238
2022- 09- 06,82.13,82.18,82.2,82.13,4.99M,-0.0022,0.0279
2022- 09- 02,82.31,82.29,82.34,82.24,4.11M,0.0022,-0.0316
2022- 09- 01,82.13,82.14,82.19,82.07,6.73M,-0.0019,0.0089
2022- 08- 31,82.29,82.31,82.35,82.27,5.42M,-0.0001,0.0139
2022- 08- 30,82.3,82.32,82.36,82.25,4.63M,-0.0005,0.0058
2022- 08- 29,82.34,82.38,82.39,82.33,3.66M,-0.0007,0.02
2022- 08- 26,82.4,82.41,82.45,82.34,4.30M,-0.0002,0.0035
2022- 08- 25,82.42,82.44,82.46,82.4,3.03M,0.0006,-0.0098
2022- 08- 24,82.37,82.43,82.45,82.37,4.55M,-0.0011,0.0168
2022- 08- 23,82.46,82.44,82.57,82.4,4.23M,0.0005,-0.0024
2022- 08- 22,82.42,82.46,82.49,82.4,3.74M,-0.0013,0.0264
2022- 08- 19,82.53,82.51,82.54,82.48,4.52M,-0.0007,0.0112
2022- 08- 18,82.59,82.56,82.61,82.52,3.65M,0.0015,-0.0143
2022- 08- 17,82.47,82.42,82.49,82.39,4.16M,-0.0008,0.0216
2022- 08- 16,82.54,82.59,82.59,82.53,3.25M,-0.0008,0.0282
2022- 08- 15,82.61,82.62,82.65,82.59,17.02M,0.0008,-0.0207
2022- 08- 12,82.54,82.61,82.62,82.51,4.78M,0.0002,0.0043
2022- 08- 11,82.52,82.66,82.69,82.52,4.07M,-0.0004,0.007
2022- 08- 10,82.55,82.67,82.72,82.54,6.82M,0.001,-0.0164
2022- 08- 09,82.47,82.48,82.49,82.44,3.74M,-0.001,0.0216
2022- 08- 08,82.55,82.53,82.56,82.51,6.87M,0.001,-0.0106
2022- 08- 05,82.47,82.5,82.54,82.45,5.05M,-0.0041,0.0631
2022- 08- 04,82.81,82.71,82.83,82.69,5.41M,0.0013,-0.0093
2022- 08- 03,82.7,82.64,82.7,82.51,6.49M,0.0004,-0.0009
2022- 08- 02,82.67,82.95,82.97,82.67,14.27M,-0.0035,0.0722
2022- 08- 01,82.96,82.96,82.98,82.9,6.46M,-0.0011,0.0
2022- 07- 29,83.05,83.0,83.09,82.98,5.55M,-0.0001,0.0008
2022- 07- 28,83.06,83.07,83.1,83.01,5.57M,0.0022,-0.0451
2022- 07- 27,82.88,82.77,82.91,82.73,7.05M,0.0016,-0.0221
2022- 07- 26,82.75,82.87,82.88,82.75,2.85M,-0.0005,0.013
2022- 07- 25,82.79,82.79,82.83,82.77,20.45M,-0.0008,0.0161
2022- 07- 22,82.86,82.82,82.95,82.81,6.04M,0.0025,-0.0469
2022- 07- 21,82.65,82.54,82.67,82.51,5.85M,0.0028,-0.0514
2022- 07- 20,82.42,82.51,82.51,82.41,5.45M,-0.0001,-0.0025
2022- 07- 19,82.43,82.53,82.54,82.42,9.12M,-0.0011,0.0201
2022- 07- 18,82.52,82.52,82.54,82.47,2.61M,-0.0006,0.0142
2022- 07- 15,82.57,82.5,82.63,82.49,5.96M,0.0007,-0.0069
2022- 07- 14,82.51,82.38,82.57,82.34,6.66M,-0.0004,0.0009
2022- 07- 13,82.54,82.44,82.64,82.43,11.77M,-0.0011,0.0214
2022- 07- 12,82.63,82.69,82.73,82.62,6.37M,0.0005,-0.0056
2022- 07- 11,82.59,82.64,82.69,82.58,16.66M,0.0004,-0.0116
2022- 07- 08,82.56,82.58,82.59,82.52,3.25M,-0.0012,0.0307
2022- 07- 07,82.66,82.71,82.72,82.61,4.91M,-0.0007,0.0112
2022- 07- 06,82.72,82.97,82.97,82.71,4.88M,-0.0028,0.0652
2022- 07- 05,82.95,82.97,83.01,82.93,9.89M,-0.0001,-0.0297
2022- 07- 01,82.96,82.92,83.07,82.89,9.56M,0.0021,-0.049
2022- 06- 30,82.79,82.76,82.85,82.74,16.74M,0.0019,-0.0314
2022- 06- 29,82.63,82.53,82.64,82.52,4.17M,0.0012,-0.0288
2022- 06- 28,82.53,82.51,82.54,82.49,4.40M,-0.0002,-0.0034
2022- 06- 27,82.55,82.55,82.62,82.48,7.38M,-0.0011,0.0196
2022- 06- 24,82.64,82.61,82.73,82.59,6.10M,-0.0002,0.01
2022- 06- 23,82.66,82.74,82.86,82.65,6.23M,0.0008,-0.0252
2022- 06- 22,82.59,82.53,82.59,82.5,4.11M,0.0029,-0.0441
2022- 06- 21,82.35,82.33,82.36,82.31,5.44M,-0.0004,-0.018
2022- 06- 17,82.38,82.43,82.44,82.29,8.19M,-0.0002,0.0191
2022- 06- 16,82.4,82.19,82.43,82.16,8.08M,0.0013,-0.0223
2022- 06- 15,82.29,82.13,82.34,82.0,9.02M,0.0039,-0.0651
2022- 06- 14,81.97,82.15,82.18,81.94,8.11M,-0.0019,0.028
2022- 06- 13,82.13,82.31,82.34,82.01,8.79M,-0.0051,0.079
2022- 06- 10,82.55,82.72,82.74,82.55,6.12M,-0.0042,0.079
2022- 06- 09,82.9,82.93,82.96,82.88,5.33M,-0.0007,0.0139
2022- 06- 08,82.96,82.99,83.01,82.96,4.13M,-0.0007,0.0175
2022- 06- 07,83.02,83.05,83.08,83.01,3.94M,0.0001,-0.0085
2022- 06- 06,83.01,83.07,83.08,83.01,3.58M,-0.0013,0.0305
2022- 06- 03,83.12,83.1,83.14,83.1,3.22M,-0.0004,0.0109
2022- 06- 02,83.15,83.16,83.18,83.11,5.24M,0.0002,-0.0019
2022- 06- 01,83.13,83.24,83.27,83.1,10.98M,-0.0026,0.0356
2022- 05- 31,83.35,83.39,83.39,83.32,8.20M,-0.0016,-0.003
2022- 05- 27,83.48,83.49,83.5,83.44,6.06M,0.0002,0.0082
2022- 05- 26,83.46,83.51,83.53,83.43,5.49M,0.0002,-0.0053
2022- 05- 25,83.44,83.47,83.48,83.39,3.38M,0.0007,-0.0062
2022- 05- 24,83.38,83.26,83.42,83.25,4.83M,0.0023,-0.0512
2022- 05- 23,83.19,83.22,83.24,83.16,3.65M,-0.0005,0.0211
2022- 05- 20,83.23,83.18,83.29,83.16,4.87M,0.0007,-0.0129
2022- 05- 19,83.17,83.22,83.22,83.14,4.52M,0.0014,-0.0232
2022- 05- 18,83.05,82.98,83.11,82.97,3.61M,0.0005,-0.0218
2022- 05- 17,83.01,83.03,83.11,82.99,3.57M,-0.0022,0.0559
2022- 05- 16,83.19,83.17,83.23,83.16,4.52M,0.0006,-0.0128
2022- 05- 13,83.14,83.11,83.14,83.07,5.00M,-0.0004,0.0039
2022- 05- 12,83.17,83.14,83.24,83.11,5.23M,0.0014,-0.0222
2022- 05- 11,83.05,82.98,83.09,82.92,7.80M,0.0001,0.0121
2022- 05- 10,83.04,83.11,83.13,83.03,10.07M,-0.0006,-0.003
2022- 05- 09,83.09,83.0,83.11,82.99,6.96M,0.0025,-0.0484
2022- 05- 06,82.88,82.89,83.0,82.86,6.38M,-0.0001,0.0138
2022- 05- 05,82.89,82.93,82.95,82.84,6.42M,-0.0017,0.0267
2022- 05- 04,83.03,82.72,83.04,82.67,11.39M,0.0027,-0.0451
2022- 05- 03,82.81,82.88,82.9,82.78,7.56M,-0.0005,0.0144
2022- 05- 02,82.85,82.87,82.89,82.83,10.91M,-0.0006,0.0117
2022- 04- 29,82.9,82.89,82.98,82.89,8.05M,-0.0019,0.0392
2022- 04- 28,83.06,83.05,83.07,82.98,4.68M,-0.0007,0.0131
2022- 04- 27,83.12,83.21,83.22,83.08,8.77M,-0.0005,0.0343
2022- 04- 26,83.16,83.14,83.18,83.1,6.67M,0.0018,-0.0531
2022- 04- 25,83.01,83.05,83.16,82.99,5.77M,0.0016,-0.0202
2022- 04- 22,82.88,82.76,82.92,82.76,5.43M,-0.0002,-0.0046
2022- 04- 21,82.9,82.95,82.95,82.82,7.12M,-0.0017,0.0348
2022- 04- 20,83.04,83.0,83.05,82.98,6.12M,0.0006,-0.0146
2022- 04- 19,82.99,83.08,83.11,82.97,5.81M,-0.0023,0.0577
2022- 04- 18,83.18,83.2,83.21,83.16,4.10M,0.0,-0.0051
2022- 04- 14,83.18,83.26,83.28,83.16,4.34M,-0.0018,0.0392
2022- 04- 13,83.33,83.36,83.46,83.31,4.81M,0.0005,-0.0166
2022- 04- 12,83.29,83.21,83.31,83.19,5.66M,0.0025,-0.0371
2022- 04- 11,83.08,83.03,83.11,83.02,6.71M,0.0002,-0.0018
2022- 04- 08,83.06,83.05,83.12,83.04,4.54M,-0.0012,0.0243
2022- 04- 07,83.16,83.16,83.21,83.12,6.18M,0.0007,0.0014
2022- 04- 06,83.1,83.0,83.18,82.99,7.48M,0.0007,-0.0174
2022- 04- 05,83.04,83.14,83.14,83.02,4.69M,-0.0018,0.0449
2022- 04- 04,83.19,83.17,83.2,83.12,5.02M,0.0006,-0.0168
2022- 04- 01,83.14,83.13,83.19,83.11,10.29M,-0.0025,0.0489
2022- 03- 31,83.35,83.38,83.42,83.34,5.33M,0.0,0.0115
2022- 03- 30,83.35,83.28,83.37,83.27,5.83M,0.0007,-0.026
2022- 03- 29,83.29,83.28,83.34,83.23,4.64M,0.0005,-0.0073
2022- 03- 28,83.25,83.28,83.32,83.25,2.99M,-0.001,0.0202
2022- 03- 25,83.33,83.44,83.44,83.27,4.60M,-0.0027,0.0641
2022- 03- 24,83.56,83.55,83.57,83.5,3.31M,-0.0003,0.0266
2022- 03- 23,83.58,83.56,83.61,83.52,4.18M,0.0008,-0.0322
2022- 03- 22,83.51,83.48,83.54,83.46,2.93M,-0.0007,0.0276
2022- 03- 21,83.57,83.74,83.76,83.56,5.34M,-0.0033,0.0821
2022- 03- 18,83.85,83.83,83.87,83.82,4.95M,-0.0002,0.0134
2022- 03- 17,83.87,83.86,83.9,83.84,4.45M,-0.0004,-0.0163
2022- 03- 16,83.9,83.96,83.98,83.76,5.37M,-0.001,0.0506
2022- 03- 15,83.98,84.08,84.09,83.97,5.00M,0.0004,-0.0025
2022- 03- 14,83.95,84.03,84.05,83.95,3.87M,-0.0026,0.0676
2022- 03- 11,84.17,84.17,84.18,84.12,2.62M,-0.0004,0.0215
2022- 03- 10,84.2,84.2,84.21,84.16,4.78M,-0.0008,0.0175
2022- 03- 09,84.27,84.26,84.29,84.23,4.99M,-0.0006,0.0607
2022- 03- 08,84.32,84.38,84.41,84.3,5.59M,-0.0013,0.036
2022- 03- 07,84.43,84.46,84.51,84.43,6.30M,-0.0013,0.039
2022- 03- 04,84.54,84.53,84.6,84.52,2.88M,0.0011,-0.034
2022- 03- 03,84.45,84.44,84.49,84.4,6.88M,0.0,0.0
2022- 03- 02,84.45,84.6,84.61,84.43,5.25M,-0.0033,0.128
2022- 03- 01,84.73,84.71,84.86,84.69,7.38M,0.002,-0.0836
2022- 02- 28,84.56,84.56,84.63,84.54,5.27M,0.0018,-0.0788
2022- 02- 25,84.41,84.37,84.41,84.32,4.28M,0.0,0.0019
2022- 02- 24,84.41,84.51,84.54,84.39,4.57M,0.0008,-0.0166
2022- 02- 23,84.34,84.36,84.39,84.32,4.26M,-0.0006,0.0171
2022- 02- 22,84.39,84.42,84.43,84.36,3.49M,-0.0009,0.0694
2022- 02- 18,84.47,84.49,84.52,84.44,2.46M,0.0001,-0.0139
2022- 02- 17,84.46,84.41,84.46,84.4,4.44M,0.0006,-0.0336
2022- 02- 16,84.41,84.33,84.42,84.31,3.34M,0.0013,-0.0238
2022- 02- 15,84.3,84.27,84.32,84.25,2.13M,0.0004,0.0047
2022- 02- 14,84.27,84.28,84.33,84.22,4.38M,-0.0021,0.0472
2022- 02- 11,84.45,84.33,84.45,84.25,5.43M,0.0031,-0.0689
2022- 02- 10,84.19,84.45,84.46,84.19,5.89M,-0.0051,0.1307
2022- 02- 09,84.62,84.66,84.67,84.61,2.98M,-0.0001,0.0329
2022- 02- 08,84.63,84.68,84.69,84.63,14.36M,-0.0011,0.0309
2022- 02- 07,84.72,84.72,84.73,84.68,3.56M,0.0002,-0.0069
2022- 02- 04,84.7,84.75,84.75,84.66,9.40M,-0.002,0.0774
2022- 02- 03,84.87,84.9,84.9,84.85,3.62M,-0.0008,0.0482
2022- 02- 02,84.94,84.94,84.97,84.93,5.49M,0.0002,-0.0136
2022- 02- 01,84.92,84.94,84.95,84.87,13.14M,-0.0004,-0.0018
2022- 01- 31,84.95,84.93,84.97,84.9,7.22M,0.0,0.0021
2022- 01- 28,84.95,84.92,84.97,84.91,4.61M,0.0004,-0.0263
2022- 01- 27,84.92,84.92,84.96,84.9,7.52M,-0.0008,0.0099
2022- 01- 26,84.99,85.15,85.18,84.97,10.88M,-0.0018,0.1042
2022- 01- 25,85.14,85.19,85.21,85.14,4.66M,-0.0005,0.0086
2022- 01- 24,85.18,85.17,85.24,85.15,7.84M,0.0006,-0.0309
2022- 01- 21,85.13,85.15,85.17,85.12,5.32M,0.0008,-0.0099
2022- 01- 20,85.06,85.07,85.08,85.05,2.76M,-0.0002,-0.0277
2022- 01- 19,85.08,85.07,85.12,85.07,3.75M,0.0005,-0.0058
2022- 01- 18,85.04,85.09,85.1,85.03,3.26M,-0.0015,0.0434
2022- 01- 14,85.17,85.25,85.25,85.17,2.06M,-0.0013,0.0605
2022- 01- 13,85.28,85.26,85.29,85.25,3.74M,0.0005,-0.0325
2022- 01- 12,85.24,85.28,85.28,85.24,7.29M,-0.0004,0.0486
2022- 01- 11,85.27,85.19,85.27,85.18,15.87M,0.0004,-0.0067
2022- 01- 10,85.24,85.26,85.28,85.24,4.35M,-0.0006,0.0213
2022- 01- 07,85.29,85.28,85.32,85.26,2.66M,-0.0002,0.0195
2022- 01- 06,85.31,85.33,85.34,85.29,3.53M,-0.0008,0.0502
2022- 01- 05,85.38,85.46,85.46,85.37,2.85M,-0.0013,0.0695
2022- 01- 04,85.49,85.44,85.49,85.44,2.76M,0.0006,-0.0079
2022- 01- 03,85.44,85.45,85.46,85.42,5.30M,-0.0012,0.0647
2021- 12- 31,85.54,85.56,85.57,85.51,2.65M,-0.0001,0.0026
2021- 12- 30,85.55,85.51,85.55,85.5,1.62M,0.0006,-0.0299
2021- 12- 29,85.5,85.5,85.52,85.49,3.11M,-0.0001,0.0082
2021- 12- 28,85.51,85.51,85.53,85.5,3.46M,0.0,-0.0028
2021- 12- 27,85.51,85.49,85.51,85.48,2.27M,-0.0004,0.0109
2021- 12- 23,85.54,85.55,85.55,85.52,1.92M,-0.0001,0.0254
2021- 12- 22,85.55,85.56,85.57,85.53,3.73M,-0.0001,0.0
2021- 12- 21,85.56,85.57,85.58,85.53,2.03M,-0.0006,0.0348
2021- 12- 20,85.61,85.64,85.67,85.61,5.13M,0.0002,-0.0087
2021- 12- 17,85.59,85.62,85.65,85.57,2.46M,-0.0005,0.0233
2021- 12- 16,85.63,85.58,85.63,85.58,2.52M,0.0006,-0.076
2021- 12- 15,85.58,85.54,85.58,85.47,5.86M,0.0004,0.0
2021- 12- 14,85.55,85.55,85.58,85.55,3.93M,-0.0006,0.0308
2021- 12- 13,85.6,85.55,85.62,85.54,2.59M,0.0006,-0.0352
2021- 12- 10,85.55,85.54,85.61,85.52,1.85M,0.0005,-0.0314
2021- 12- 09,85.51,85.53,85.56,85.51,1.83M,-0.0004,0.0054
2021- 12- 08,85.54,85.49,85.54,85.48,2.40M,0.0004,0.0429
2021- 12- 07,85.51,85.55,85.56,85.51,4.19M,-0.0013,0.0693
2021- 12- 06,85.62,85.66,85.67,85.6,4.12M,-0.0008,0.0536
2021- 12- 03,85.69,85.6,85.71,85.58,2.93M,0.0006,-0.036
2021- 12- 02,85.64,85.68,85.69,85.61,4.12M,-0.0013,0.0891
2021- 12- 01,85.75,85.67,85.75,85.61,10.05M,-0.0005,-0.0318
2021- 11- 30,85.79,85.91,85.96,85.76,6.36M,-0.0008,0.0643
2021- 11- 29,85.86,85.81,85.86,85.79,3.77M,0.0005,-0.023
2021- 11- 26,85.82,85.83,85.89,85.82,2.84M,0.002,-0.1291
2021- 11- 24,85.65,85.64,85.66,85.62,1.61M,-0.0002,0.0203
2021- 11- 23,85.67,85.68,85.7,85.66,2.89M,0.0,-0.0026
2021- 11- 22,85.67,85.68,85.71,85.65,3.13M,-0.0012,0.1025
2021- 11- 19,85.77,85.86,85.88,85.77,2.79M,-0.0002,0.0224
2021- 11- 18,85.79,85.78,85.81,85.77,1.62M,-0.0001,-0.0031
2021- 11- 17,85.8,85.76,85.8,85.75,1.45M,0.0003,-0.0304
2021- 11- 16,85.77,85.75,85.78,85.67,1.72M,0.0,0.0032
2021- 11- 15,85.77,85.79,85.79,85.74,2.43M,-0.0001,0.022
2021- 11- 12,85.78,85.78,85.8,85.75,3.13M,0.0008,-0.0302
2021- 11- 11,85.71,85.75,85.76,85.71,1.84M,-0.0007,0.0312
2021- 11- 10,85.77,85.82,85.84,85.77,5.38M,-0.002,0.1667
2021- 11- 09,85.94,85.94,85.96,85.93,1.94M,0.0006,0.0094
2021- 11- 08,85.89,85.95,85.96,85.88,2.29M,-0.0012,0.0986
2021- 11- 05,85.99,85.93,86.0,85.92,2.95M,0.0005,-0.0467
2021- 11- 04,85.95,85.92,85.99,85.92,3.55M,0.0009,-0.0888
2021- 11- 03,85.87,85.87,85.89,85.79,3.24M,-0.0002,0.0605
2021- 11- 02,85.89,85.86,85.9,85.84,2.19M,0.001,-0.0667
2021- 11- 01,85.8,85.79,85.82,85.77,5.05M,-0.0006,0.0108
2021- 10- 29,85.85,85.78,85.88,85.76,3.96M,0.0001,-0.0101
2021- 10- 28,85.84,85.8,85.88,85.79,2.97M,0.0001,-0.0102
2021- 10- 27,85.83,85.86,85.87,85.77,4.37M,-0.0002,0.0143
2021- 10- 26,85.85,85.85,85.86,85.83,2.87M,-0.0002,0.0179
2021- 10- 25,85.87,85.84,85.88,85.84,1.99M,0.0005,-0.0344
2021- 10- 22,85.83,85.82,85.83,85.77,3.41M,-0.0002,-0.023
2021- 10- 21,85.85,85.88,85.89,85.84,2.12M,-0.0012,0.1039
2021- 10- 20,85.95,85.94,85.95,85.94,2.36M,0.0003,-0.0035
2021- 10- 19,85.92,85.92,85.94,85.92,1.84M,0.0003,-0.0145
2021- 10- 18,85.89,85.89,85.92,85.87,2.97M,-0.0007,0.0536
2021- 10- 15,85.95,85.97,85.99,85.93,2.84M,-0.0006,0.0826
2021- 10- 14,86.0,86.01,86.02,85.94,3.50M,0.0,-0.0202
2021- 10- 13,86.0,85.98,86.01,85.98,2.76M,-0.0003,0.0817
2021- 10- 12,86.03,86.03,86.04,86.0,1.95M,0.0005,-0.03
2021- 10- 11,85.99,86.02,86.04,85.99,2.01M,-0.0008,0.0747
2021- 10- 08,86.06,86.1,86.1,86.05,1.97M,-0.0003,0.0302
2021- 10- 07,86.09,86.1,86.1,86.08,2.45M,-0.0003,0.0506
2021- 10- 06,86.12,86.12,86.12,86.1,3.85M,-0.0001,0.0366
2021- 10- 05,86.13,86.13,86.14,86.12,3.59M,-0.0001,0.0323
2021- 10- 04,86.14,86.15,86.16,86.14,12.15M,-0.0005,0.0334
2021- 10- 01,86.18,86.16,86.18,86.15,3.99M,0.0003,-0.0565
2021- 09- 30,86.15,86.11,86.15,86.11,4.50M,0.0002,-0.0252
2021- 09- 29,86.13,86.11,86.13,86.11,3.55M,0.0003,-0.0525
2021- 09- 28,86.1,86.1,86.11,86.09,2.49M,0.0001,0.0
2021- 09- 27,86.09,86.1,86.11,86.09,1.84M,-0.0001,0.0247
2021- 09- 24,86.1,86.13,86.14,86.1,1.46M,-0.0003,0.0108
2021- 09- 23,86.13,86.15,86.16,86.13,2.86M,-0.0006,0.098
2021- 09- 22,86.18,86.21,86.22,86.16,1.61M,-0.0006,0.0698
2021- 09- 21,86.23,86.22,86.24,86.22,1.93M,0.0002,0.0
2021- 09- 20,86.21,86.21,86.22,86.2,2.41M,0.0002,-0.0279
2021- 09- 17,86.19,86.2,86.2,86.19,2.90M,-0.0002,0.0233
2021- 09- 16,86.21,86.21,86.22,86.2,1.10M,-0.0003,0.0484
2021- 09- 15,86.24,86.23,86.24,86.22,1.79M,0.0,0.0122
2021- 09- 14,86.24,86.24,86.25,86.23,1.42M,0.0001,-0.0179
2021- 09- 13,86.23,86.22,86.23,86.21,1.10M,0.0002,-0.0117
2021- 09- 10,86.21,86.21,86.23,86.21,1.38M,-0.0003,0.0178
2021- 09- 09,86.24,86.21,86.24,86.21,1.60M,0.0002,-0.0117
2021- 09- 08,86.22,86.22,86.23,86.21,1.61M,0.0002,0.0341
2021- 09- 07,86.2,86.22,86.22,86.2,1.47M,-0.0003,0.0598
2021- 09- 03,86.23,86.23,86.24,86.23,1.14M,0.0,0.0069
2021- 09- 02,86.23,86.23,86.24,86.22,1.64M,0.0,-0.0066
2021- 09- 01,86.23,86.24,86.24,86.22,1.32M,-0.0002,0.0
2021- 08- 31,86.25,86.25,86.26,86.25,2.05M,-0.0001,0.0267
2021- 08- 30,86.26,86.24,86.27,86.23,1.44M,0.0002,-0.0569
2021- 08- 27,86.24,86.19,86.24,86.17,2.77M,0.0007,-0.0863
2021- 08- 26,86.18,86.18,86.2,86.17,2.08M,0.0,0.0119
2021- 08- 25,86.18,86.2,86.2,86.17,1.32M,0.0,0.0179
2021- 08- 24,86.18,86.2,86.2,86.18,1.25M,-0.0002,0.0246
2021- 08- 23,86.2,86.19,86.2,86.18,1.53M,0.0,-0.0237
2021- 08- 20,86.2,86.2,86.21,86.19,1.69M,0.0,0.0248
2021- 08- 19,86.2,86.22,86.22,86.19,1.78M,0.0,0.0187
2021- 08- 18,86.2,86.2,86.22,86.18,2.31M,0.0,0.0
2021- 08- 17,86.2,86.21,86.23,86.2,1.58M,-0.0002,0.0064
2021- 08- 16,86.22,86.22,86.24,86.21,1.80M,0.0002,-0.0123
2021- 08- 13,86.2,86.18,86.21,86.18,1.33M,0.0002,-0.0629
2021- 08- 12,86.18,86.18,86.19,86.17,1.79M,-0.0001,0.0236
2021- 08- 11,86.19,86.17,86.2,86.17,1.84M,0.0005,-0.0099
2021- 08- 10,86.15,86.18,86.19,86.15,1.20M,-0.0003,0.0634
2021- 08- 09,86.18,86.22,86.23,86.18,1.86M,-0.0003,0.0325
2021- 08- 06,86.21,86.21,86.22,86.21,2.31M,-0.0003,0.0849
2021- 08- 05,86.24,86.24,86.25,86.22,1.40M,-0.0005,0.1091
2021- 08- 04,86.28,86.32,86.34,86.26,1.88M,-0.0003,0.0931
2021- 08- 03,86.31,86.31,86.32,86.3,1.22M,0.0,-0.0249
2021- 08- 02,86.31,86.29,86.32,86.29,3.40M,0.0003,-0.0621
2021- 07- 30,86.29,86.28,86.29,86.27,2.02M,0.0002,-0.0787
2021- 07- 29,86.27,86.25,86.27,86.25,1.20M,0.0,0.0144
2021- 07- 28,86.27,86.26,86.28,86.22,2.44M,0.0001,0.0071
2021- 07- 27,86.26,86.26,86.27,86.26,1.39M,0.0002,-0.035
2021- 07- 26,86.24,86.26,86.26,86.24,2.26M,-0.0002,0.0069
2021- 07- 23,86.26,86.24,86.26,86.24,1.39M,0.0001,0.0
2021- 07- 22,86.25,86.24,86.26,86.23,2.30M,0.0001,-0.0404
2021- 07- 21,86.24,86.25,86.26,86.23,2.79M,-0.0003,0.0724
2021- 07- 20,86.27,86.28,86.29,86.25,2.41M,0.0005,-0.0613
2021- 07- 19,86.23,86.24,86.28,86.23,9.35M,0.0005,-0.1033
2021- 07- 16,86.19,86.17,86.21,86.16,1.85M,-0.0001,-0.0057
2021- 07- 15,86.2,86.2,86.2,86.18,1.40M,0.0001,0.0062
2021- 07- 14,86.19,86.17,86.19,86.17,1.70M,0.0007,-0.0732
2021- 07- 13,86.13,86.16,86.16,86.13,2.68M,-0.0008,0.1497
2021- 07- 12,86.2,86.21,86.22,86.18,1.27M,-0.0002,0.0276
2021- 07- 09,86.22,86.23,86.24,86.21,1.26M,-0.0003,0.0902
2021- 07- 08,86.25,86.23,86.26,86.23,1.44M,0.0005,-0.0937
2021- 07- 07,86.21,86.18,86.21,86.18,1.72M,0.0001,-0.0062
2021- 07- 06,86.2,86.17,86.21,86.16,3.16M,0.0003,-0.0796
2021- 07- 02,86.17,86.16,86.17,86.14,1.86M,0.0005,-0.0502
2021- 07- 01,86.13,86.14,86.14,86.12,2.23M,-0.0003,0.0063
2021- 06- 30,86.16,86.16,86.16,86.14,2.59M,0.0002,0.0063
2021- 06- 29,86.14,86.13,86.15,86.13,1.69M,-0.0001,-0.0054
2021- 06- 28,86.15,86.14,86.15,86.13,1.48M,0.0003,-0.0277
2021- 06- 25,86.12,86.14,86.14,86.12,1.34M,-0.0001,0.0015
2021- 06- 24,86.13,86.14,86.14,86.12,1.27M,0.0001,0.0292
2021- 06- 23,86.12,86.17,86.17,86.12,2.76M,-0.0007,0.0486
2021- 06- 22,86.18,86.15,86.18,86.14,2.68M,0.0006,-0.067
2021- 06- 21,86.13,86.09,86.13,86.08,5.55M,0.0002,0.006
2021- 06- 18,86.11,86.12,86.13,86.06,4.32M,-0.0008,0.0804
2021- 06- 17,86.18,86.2,86.2,86.17,2.53M,0.0,0.0448
2021- 06- 16,86.18,86.27,86.28,86.17,2.09M,-0.0009,0.2351
2021- 06- 15,86.26,86.28,86.28,86.26,12.07M,-0.0001,0.0081
2021- 06- 14,86.27,86.29,86.3,86.27,3.53M,-0.0003,0.0761
2021- 06- 11,86.3,86.32,86.32,86.3,1.66M,-0.0002,0.0627
2021- 06- 10,86.32,86.29,86.32,86.28,1.74M,0.0003,-0.0748
2021- 06- 09,86.29,86.32,86.32,86.29,2.28M,-0.0002,0.0395
2021- 06- 08,86.31,86.3,86.31,86.3,1.50M,0.0002,-0.0175
2021- 06- 07,86.29,86.29,86.29,86.28,1.24M,-0.0001,0.0181
2021- 06- 04,86.3,86.29,86.3,86.29,2.06M,0.0003,-0.0656
2021- 06- 03,86.27,86.28,86.29,86.27,1.61M,-0.0003,0.0706
2021- 06- 02,86.3,86.31,86.31,86.29,1.24M,0.0001,0.0
2021- 06- 01,86.29,86.29,86.31,86.29,2.27M,-0.0003,0.009
2021- 05- 28,86.32,86.32,86.33,86.31,2.05M,0.0,-0.0429
2021- 05- 27,86.32,86.31,86.32,86.3,1.26M,0.0,0.0
2021- 05- 26,86.32,86.32,86.32,86.31,1.81M,0.0002,0.0089
2021- 05- 25,86.3,86.29,86.31,86.29,2.40M,0.0,-0.0573
2021- 05- 24,86.3,86.29,86.3,86.28,2.57M,0.0002,-0.024
2021- 05- 21,86.28,86.29,86.3,86.28,1.82M,-0.0002,0.017
2021- 05- 20,86.3,86.28,86.3,86.27,4.01M,0.0005,-0.0751
2021- 05- 19,86.26,86.29,86.3,86.26,5.21M,-0.0003,0.073
2021- 05- 18,86.29,86.29,86.29,86.28,3.42M,0.0001,-0.0312
2021- 05- 17,86.28,86.27,86.29,86.27,3.86M,0.0,0.0243
2021- 05- 14,86.28,86.28,86.29,86.28,3.84M,0.0,-0.0235
2021- 05- 13,86.28,86.27,86.28,86.26,5.50M,0.0002,-0.0518
2021- 05- 12,86.26,86.24,86.26,86.24,4.11M,-0.0001,0.1736
2021- 05- 11,86.27,86.28,86.29,86.27,2.63M,-0.0001,0.0178
2021- 05- 10,86.28,86.29,86.3,86.28,2.48M,-0.0003,0.0178
2021- 05- 07,86.31,86.31,86.32,86.3,1.95M,0.0003,-0.0608
2021- 05- 06,86.28,86.29,86.29,86.27,1.98M,0.0,0.0084
2021- 05- 05,86.28,86.26,86.28,86.26,1.30M,0.0002,-0.0335
2021- 05- 04,86.26,86.26,86.28,86.26,1.97M,0.0,-0.0084
2021- 05- 03,86.26,86.25,86.27,86.25,2.91M,-0.0002,-0.0322
2021- 04- 30,86.28,86.26,86.28,86.26,2.37M,0.0001,-0.016
2021- 04- 29,86.27,86.25,86.27,86.24,1.55M,0.0002,0.0078
2021- 04- 28,86.25,86.24,86.26,86.23,2.03M,0.0002,-0.0666
2021- 04- 27,86.23,86.25,86.25,86.23,1.47M,-0.0001,0.0463
2021- 04- 26,86.24,86.25,86.26,86.24,1.27M,-0.0002,0.0236
2021- 04- 23,86.26,86.29,86.29,86.26,1.54M,-0.0002,0.0668
2021- 04- 22,86.28,86.27,86.28,86.26,4.37M,-0.0001,-0.0166
2021- 04- 21,86.29,86.29,86.29,86.27,2.06M,0.0002,-0.0084
2021- 04- 20,86.27,86.26,86.28,86.25,2.01M,0.0002,-0.0543
2021- 04- 19,86.25,86.24,86.26,86.24,2.06M,-0.0001,-0.0153
2021- 04- 16,86.26,86.24,86.26,86.24,1.67M,-0.0001,0.0153
2021- 04- 15,86.27,86.25,86.27,86.25,1.84M,0.0002,-0.0443
2021- 04- 14,86.25,86.24,86.25,86.24,1.41M,0.0,0.0151
2021- 04- 13,86.25,86.23,86.25,86.22,1.24M,0.0003,-0.0023
2021- 04- 12,86.22,86.23,86.24,86.21,1.69M,-0.0002,0.0482
2021- 04- 09,86.24,86.23,86.26,86.23,2.50M,-0.0003,0.0513
2021- 04- 08,86.27,86.26,86.27,86.25,2.11M,0.0003,-0.0402
2021- 04- 07,86.24,86.25,86.26,86.24,3.51M,0.0001,-0.0077
2021- 04- 06,86.23,86.22,86.24,86.22,2.50M,0.0002,-0.0667
2021- 04- 05,86.21,86.19,86.22,86.18,3.12M,-0.0002,0.0639
2021- 04- 01,86.23,86.23,86.25,86.23,3.61M,-0.0002,-0.0298
2021- 03- 31,86.25,86.27,86.27,86.25,4.48M,-0.0003,0.0654
2021- 03- 30,86.28,86.26,86.28,86.26,2.21M,0.0,0.0254
2021- 03- 29,86.28,86.29,86.3,86.27,2.18M,-0.0002,0.0347
2021- 03- 26,86.3,86.29,86.31,86.29,3.07M,0.0,0.0454
2021- 03- 25,86.3,86.3,86.31,86.28,2.77M,0.0001,-0.0347
2021- 03- 24,86.29,86.29,86.3,86.28,2.32M,0.0002,0.0
2021- 03- 23,86.27,86.28,86.28,86.27,3.24M,0.0001,-0.0492
2021- 03- 22,86.26,86.27,86.27,86.26,2.12M,-0.0001,-0.0395
2021- 03- 19,86.27,86.26,86.29,86.24,3.28M,0.0,0.0251
2021- 03- 18,86.27,86.25,86.27,86.23,4.69M,-0.0001,0.0692
2021- 03- 17,86.28,86.25,86.31,86.24,3.41M,0.0002,-0.1005
2021- 03- 16,86.26,86.25,86.26,86.24,1.85M,0.0,0.008
2021- 03- 15,86.26,86.24,86.26,86.24,2.27M,0.0001,-0.0077
2021- 03- 12,86.25,86.24,86.25,86.23,1.82M,-0.0001,0.066
2021- 03- 11,86.26,86.27,86.27,86.25,3.58M,0.0,-0.0242
2021- 03- 10,86.26,86.22,86.26,86.22,2.86M,0.0003,0.0264
2021- 03- 09,86.23,86.23,86.23,86.21,3.26M,0.0,-0.0773
2021- 03- 08,86.23,86.25,86.25,86.22,2.73M,-0.0003,0.1036
2021- 03- 05,86.26,86.24,86.26,86.23,4.41M,0.0,0.0193
2021- 03- 04,86.26,86.27,86.28,86.25,2.57M,0.0,0.0555
2021- 03- 03,86.26,86.29,86.29,86.25,2.41M,-0.0006,0.1605
2021- 03- 02,86.31,86.29,86.31,86.29,5.52M,0.0002,-0.0099
2021- 03- 01,86.29,86.29,86.3,86.27,3.37M,-0.0003,-0.1034
2021- 02- 26,86.32,86.27,86.32,86.23,5.19M,0.0013,-0.208
2021- 02- 25,86.21,86.28,86.28,86.17,4.96M,-0.0014,0.4897
2021- 02- 24,86.33,86.33,86.34,86.32,2.53M,-0.0003,0.1114
2021- 02- 23,86.36,86.34,86.36,86.34,9.03M,0.0001,-0.0575
2021- 02- 22,86.35,86.36,86.36,86.35,3.80M,-0.0002,0.062
2021- 02- 19,86.37,86.35,86.37,86.35,2.11M,0.0001,0.0393
2021- 02- 18,86.36,86.36,86.37,86.34,2.36M,0.0,-0.0124
2021- 02- 17,86.36,86.34,86.36,86.34,2.31M,0.0002,-0.0909
2021- 02- 16,86.34,86.35,86.36,86.33,3.36M,-0.0003,0.1011
2021- 02- 12,86.37,86.36,86.38,86.36,3.36M,0.0001,0.0415
2021- 02- 11,86.36,86.36,86.37,86.36,2.35M,0.0,0.0146
2021- 02- 10,86.36,86.37,86.37,86.35,3.02M,0.0001,-0.008
2021- 02- 09,86.35,86.36,86.37,86.35,1.93M,-0.0002,-0.0137
2021- 02- 08,86.37,86.36,86.37,86.36,2.19M,-0.0001,0.0447
2021- 02- 05,86.38,86.37,86.38,86.36,1.50M,0.0002,-0.0279
2021- 02- 04,86.36,86.35,86.36,86.35,1.85M,0.0,-0.0138
2021- 02- 03,86.36,86.35,86.36,86.35,2.22M,0.0001,0.06
2021- 02- 02,86.35,86.37,86.37,86.35,2.25M,-0.0003,0.0313
2021- 02- 01,86.38,86.38,86.38,86.36,3.27M,-0.0002,-0.0148
2021- 01- 29,86.4,86.39,86.4,86.38,3.24M,0.0003,-0.0565
2021- 01- 28,86.37,86.39,86.39,86.37,2.43M,-0.0001,0.045
2021- 01- 27,86.38,86.39,86.41,86.38,3.79M,0.0,0.0
2021- 01- 26,86.38,86.39,86.4,86.38,2.02M,-0.0001,0.0
2021- 01- 25,86.39,86.38,86.39,86.38,2.04M,0.0001,-0.0558
2021- 01- 22,86.38,86.38,86.39,86.38,4.10M,0.0,-0.0126
2021- 01- 21,86.38,86.38,86.39,86.36,1.57M,0.0001,-0.0135
2021- 01- 20,86.37,86.37,86.38,86.36,2.39M,-0.0001,-0.0388
2021- 01- 19,86.38,86.34,86.38,86.34,3.02M,0.0003,-0.0496
2021- 01- 15,86.35,86.34,86.36,86.34,3.15M,0.0001,-0.0807
2021- 01- 14,86.34,86.34,86.35,86.33,3.34M,0.0001,0.0
2021- 01- 13,86.33,86.33,86.34,86.33,2.02M,-0.0001,-0.0336
2021- 01- 12,86.34,86.32,86.34,86.32,4.05M,0.0,0.0352
2021- 01- 11,86.34,86.34,86.35,86.33,2.55M,-0.0001,0.0
2021- 01- 08,86.35,86.33,86.35,86.33,2.76M,-0.0001,0.0516
2021- 01- 07,86.36,86.35,86.36,86.33,4.21M,0.0002,0.0534
2021- 01- 06,86.34,86.36,86.37,86.32,2.08M,-0.0006,0.1699
2021- 01- 05,86.39,86.39,86.4,86.37,2.53M,0.0,0.0659
2021- 01- 04,86.39,86.37,86.4,86.37,2.99M,0.0001,-0.0316
2020- 12- 31,86.38,86.38,86.39,86.36,1.95M,-0.0001,0.0
2020- 12- 30,86.39,86.37,86.39,86.37,1.33M,0.0001,-0.0307
2020- 12- 29,86.38,86.38,86.38,86.37,2.01M,0.0,0.0323
2020- 12- 28,86.38,86.36,86.38,86.36,1.84M,0.0001,0.0
2020- 12- 24,86.37,86.37,86.39,86.37,1.04M,-0.0002,-0.0296
2020- 12- 23,86.39,86.37,86.39,86.37,2.82M,0.0002,0.0159
2020- 12- 22,86.37,86.37,86.39,86.37,1.93M,0.0,-0.0583
2020- 12- 21,86.37,86.37,86.38,86.36,2.25M,0.0,0.0
2020- 12- 18,86.37,86.37,86.38,86.37,2.92M,-0.0001,-0.0275
2020- 12- 17,86.38,86.39,86.39,86.36,2.54M,-0.0003,0.0451
2020- 12- 16,86.41,86.4,86.41,86.39,1.44M,0.0,0.0149
2020- 12- 15,86.41,86.41,86.42,86.4,1.97M,0.0,0.0
2020- 12- 14,86.41,86.4,86.42,86.4,2.81M,-0.0001,-0.0147
2020- 12- 11,86.42,86.41,86.42,86.4,1.80M,0.0006,-0.0936
2020- 12- 10,86.37,86.38,86.39,86.36,2.98M,0.0002,-0.097
2020- 12- 09,86.35,86.36,86.36,86.35,2.83M,-0.0001,0.0582
2020- 12- 08,86.36,86.37,86.38,86.36,2.56M,-0.0002,0.0266
2020- 12- 07,86.38,86.36,86.38,86.36,3.21M,0.0002,-0.0743
2020- 12- 04,86.36,86.35,86.36,86.34,2.83M,-0.0001,0.0653
2020- 12- 03,86.37,86.36,86.37,86.35,2.75M,0.0002,-0.0617
2020- 12- 02,86.35,86.33,86.35,86.32,2.30M,0.0002,-0.0245
2020- 12- 01,86.33,86.34,86.35,86.32,6.17M,-0.0009,0.1683
2020- 11- 30,86.41,86.41,86.41,86.39,3.38M,0.0002,-0.0406
2020- 11- 27,86.39,86.39,86.4,86.39,1.38M,0.0,-0.0395
2020- 11- 25,86.39,86.38,86.39,86.38,2.45M,0.0001,-0.0486
2020- 11- 24,86.38,86.37,86.38,86.37,2.65M,0.0001,0.0
2020- 11- 23,86.37,86.37,86.38,86.37,1.64M,0.0,0.0505
2020- 11- 20,86.37,86.38,86.38,86.37,1.78M,0.0001,-0.0597
2020- 11- 19,86.36,86.35,86.37,86.35,1.90M,0.0002,-0.0345
2020- 11- 18,86.34,86.35,86.36,86.34,2.33M,0.0,0.0232
2020- 11- 17,86.34,86.34,86.36,86.34,3.46M,-0.0001,-0.0448
2020- 11- 16,86.35,86.34,86.36,86.33,3.75M,0.0002,-0.011
2020- 11- 13,86.33,86.35,86.36,86.33,3.16M,0.0,0.0224
2020- 11- 12,86.33,86.35,86.36,86.33,3.92M,0.0001,-0.1012
2020- 11- 11,86.32,86.32,86.33,86.31,2.64M,-0.0002,0.0206
2020- 11- 10,86.34,86.32,86.34,86.32,3.16M,-0.0001,0.0758
2020- 11- 09,86.35,86.34,86.35,86.32,5.42M,-0.0003,0.1589
2020- 11- 06,86.38,86.39,86.39,86.37,2.48M,0.0001,0.072
2020- 11- 05,86.37,86.39,86.4,86.37,4.65M,-0.0002,0.0145
2020- 11- 04,86.39,86.39,86.41,86.38,4.43M,0.0002,-0.1249
2020- 11- 03,86.37,86.37,86.38,86.35,1.74M,-0.0002,0.0677
2020- 11- 02,86.39,86.38,86.39,86.37,3.64M,-0.0005,0.0
2020- 10- 30,86.43,86.44,86.44,86.41,3.56M,-0.0001,0.0284
2020- 10- 29,86.44,86.43,86.44,86.42,3.69M,0.0002,0.0584
2020- 10- 28,86.42,86.43,86.44,86.42,4.93M,0.0,-0.014
2020- 10- 27,86.42,86.43,86.44,86.42,1.98M,0.0,-0.0408
2020- 10- 26,86.42,86.42,86.43,86.41,2.32M,0.0001,-0.0514
2020- 10- 23,86.41,86.42,86.43,86.41,2.01M,0.0001,-0.0116
2020- 10- 22,86.4,86.42,86.43,86.4,3.06M,-0.0003,0.0541
2020- 10- 21,86.43,86.42,86.43,86.41,1.79M,0.0,0.0278
2020- 10- 20,86.43,86.43,86.44,86.42,1.99M,-0.0001,0.0
2020- 10- 19,86.44,86.42,86.44,86.41,2.50M,0.0,0.0286
2020- 10- 16,86.44,86.44,86.45,86.43,1.56M,-0.0001,0.03
2020- 10- 15,86.45,86.44,86.46,86.43,6.85M,0.0002,0.0152
2020- 10- 14,86.43,86.43,86.45,86.43,8.13M,0.0,0.0
2020- 10- 13,86.43,86.43,86.45,86.42,5.33M,-0.0001,-0.0936
2020- 10- 12,86.44,86.42,86.44,86.41,2.40M,0.0002,-0.0264
2020- 10- 09,86.42,86.43,86.43,86.41,1.98M,0.0,0.0271
2020- 10- 08,86.42,86.42,86.43,86.41,2.00M,0.0,-0.0136
2020- 10- 07,86.42,86.4,86.42,86.4,3.61M,-0.0001,0.095
2020- 10- 06,86.43,86.43,86.44,86.42,2.62M,0.0,-0.0418
2020- 10- 05,86.43,86.45,86.45,86.42,3.14M,-0.0003,0.1271
2020- 10- 02,86.46,86.46,86.47,86.44,3.08M,0.0001,0.0508
2020- 10- 01,86.45,86.45,86.47,86.45,3.89M,-0.0007,0.0
2020- 09- 30,86.51,86.51,86.51,86.49,3.11M,0.0001,0.0719
2020- 09- 29,86.5,86.51,86.51,86.5,2.57M,-0.0001,0.0
2020- 09- 28,86.51,86.51,86.51,86.49,2.78M,0.0001,-0.0172
2020- 09- 25,86.5,86.5,86.51,86.5,1.79M,0.0001,-0.0496
2020- 09- 24,86.49,86.49,86.5,86.48,2.96M,-0.0001,-0.0161
2020- 09- 23,86.5,86.49,86.5,86.48,3.30M,0.0,0.052
2020- 09- 22,86.5,86.49,86.5,86.48,2.11M,0.0002,-0.0333
2020- 09- 21,86.48,86.5,86.5,86.48,3.97M,-0.0001,-0.0467
2020- 09- 18,86.49,86.5,86.51,86.48,2.33M,0.0001,0.0497
2020- 09- 17,86.48,86.5,86.51,86.48,2.49M,-0.0002,-0.0467
2020- 09- 16,86.5,86.49,86.5,86.47,2.55M,0.0002,0.0164
2020- 09- 15,86.49,86.48,86.49,86.48,2.01M,0.0,0.0161
2020- 09- 14,86.48,86.5,86.5,86.48,1.99M,-0.0001,0.0695
2020- 09- 11,86.49,86.48,86.51,86.48,2.11M,0.0002,-0.065
2020- 09- 10,86.47,86.46,86.49,86.46,2.91M,-0.0001,-0.0605
2020- 09- 09,86.48,86.47,86.48,86.46,3.01M,0.0001,0.025
2020- 09- 08,86.47,86.48,86.49,86.47,2.01M,0.0001,-0.0301
2020- 09- 04,86.46,86.49,86.5,86.45,2.90M,-0.0003,0.2194
2020- 09- 03,86.49,86.5,86.52,86.49,2.55M,-0.0001,-0.0175
2020- 09- 02,86.5,86.48,86.5,86.48,3.68M,0.0001,0.0185
2020- 09- 01,86.49,86.49,86.5,86.48,3.09M,-0.0008,-0.0181
2020- 08- 31,86.56,86.53,86.56,86.53,2.36M,0.0003,-0.0172
2020- 08- 28,86.53,86.52,86.55,86.52,3.45M,0.0003,-0.2072
2020- 08- 27,86.5,86.53,86.54,86.49,2.61M,-0.0001,0.0748
2020- 08- 26,86.51,86.51,86.51,86.49,2.98M,0.0,-0.0289
2020- 08- 25,86.51,86.49,86.51,86.48,1.99M,0.0001,0.0304
2020- 08- 24,86.5,86.51,86.53,86.5,2.83M,-0.0001,0.0802
2020- 08- 21,86.51,86.53,86.54,86.51,3.34M,-0.0001,-0.015
2020- 08- 20,86.52,86.53,86.54,86.52,2.12M,0.0,-0.0302
2020- 08- 19,86.52,86.53,86.53,86.51,2.07M,0.0,0.0153
2020- 08- 18,86.52,86.51,86.53,86.51,2.11M,0.0001,-0.0712
2020- 08- 17,86.51,86.52,86.52,86.5,2.66M,0.0001,0.0
2020- 08- 14,86.5,86.5,86.52,86.49,2.55M,0.0001,-0.0911
2020- 08- 13,86.49,86.49,86.5,86.48,2.07M,-0.0001,0.0551
2020- 08- 12,86.5,86.5,86.51,86.49,4.25M,-0.0002,0.0993
2020- 08- 11,86.52,86.52,86.53,86.49,3.35M,-0.0002,0.1831
2020- 08- 10,86.54,86.56,86.56,86.53,2.09M,-0.0002,0.0383
2020- 08- 07,86.56,86.56,86.57,86.55,3.94M,-0.0001,0.0821
2020- 08- 06,86.57,86.57,86.59,86.56,1.79M,0.0,0.0204
2020- 08- 05,86.57,86.57,86.58,86.56,3.04M,-0.0002,0.1172
2020- 08- 04,86.59,86.58,86.59,86.57,2.87M,0.0001,-0.0654
2020- 08- 03,86.58,86.56,86.58,86.54,2.98M,-0.0006,0.0453
2020- 07- 31,86.63,86.63,86.63,86.61,3.23M,0.0001,-0.1196
2020- 07- 30,86.62,86.6,86.62,86.6,2.02M,0.0003,-0.1228
2020- 07- 29,86.59,86.58,86.6,86.57,2.55M,0.0002,-0.0801
2020- 07- 28,86.57,86.56,86.58,86.56,3.80M,0.0002,-0.0875
2020- 07- 27,86.55,86.58,86.58,86.54,2.25M,-0.0003,0.0624
2020- 07- 24,86.58,86.57,86.58,86.56,3.06M,0.0001,-0.0291
2020- 07- 23,86.57,86.57,86.58,86.56,2.26M,0.0,0.0
2020- 07- 22,86.57,86.58,86.58,86.56,3.78M,-0.0001,0.0473
2020- 07- 21,86.58,86.55,86.58,86.55,4.02M,0.0002,-0.0586
2020- 07- 20,86.56,86.58,86.58,86.55,3.53M,-0.0002,0.0308
2020- 07- 17,86.58,86.57,86.58,86.55,2.02M,0.0002,-0.0143
2020- 07- 16,86.56,86.57,86.58,86.56,1.75M,0.0,-0.0289
2020- 07- 15,86.56,86.54,86.56,86.53,4.55M,0.0001,-0.0416
2020- 07- 14,86.55,86.56,86.57,86.54,2.11M,0.0001,0.0285
2020- 07- 13,86.54,86.54,86.55,86.53,2.33M,0.0,-0.041
2020- 07- 10,86.54,86.58,86.58,86.54,2.45M,-0.0003,0.0578
2020- 07- 09,86.57,86.55,86.57,86.54,2.51M,0.0002,-0.0547
2020- 07- 08,86.55,86.55,86.56,86.54,3.45M,0.0,0.0537
2020- 07- 07,86.55,86.54,86.55,86.53,2.94M,0.0002,-0.029
2020- 07- 06,86.53,86.54,86.55,86.53,3.41M,-0.0003,0.0288
2020- 07- 02,86.56,86.54,86.56,86.52,2.66M,0.0005,-0.0434
2020- 07- 01,86.52,86.56,86.56,86.52,4.79M,-0.001,0.0751
2020- 06- 30,86.61,86.63,86.63,86.6,4.44M,-0.0001,0.0311
2020- 06- 29,86.62,86.6,86.62,86.59,2.77M,0.0002,-0.0858
2020- 06- 26,86.6,86.57,86.61,86.57,4.11M,0.0003,-0.1025
2020- 06- 25,86.57,86.57,86.58,86.56,1.72M,0.0,-0.0124
2020- 06- 24,86.57,86.55,86.57,86.54,2.11M,0.0001,-0.0246
2020- 06- 23,86.56,86.55,86.56,86.54,2.79M,0.0002,-0.0468
2020- 06- 22,86.54,86.56,86.57,86.54,2.60M,-0.0002,0.0362
2020- 06- 19,86.56,86.55,86.58,86.54,3.48M,0.0002,-0.0353
2020- 06- 18,86.54,86.56,86.56,86.54,2.03M,-0.0001,0.0
2020- 06- 17,86.55,86.53,86.55,86.53,3.37M,0.0003,-0.0114
2020- 06- 16,86.52,86.53,86.56,86.52,5.31M,-0.0001,0.0
2020- 06- 15,86.53,86.55,86.57,86.53,3.25M,-0.0002,0.0115
2020- 06- 12,86.55,86.54,86.56,86.53,3.36M,0.0003,-0.0113
2020- 06- 11,86.52,86.57,86.58,86.52,3.24M,-0.0005,0.1143
2020- 06- 10,86.56,86.54,86.58,86.53,3.15M,0.0006,-0.2104
2020- 06- 09,86.51,86.49,86.52,86.49,7.84M,0.0003,-0.0971
2020- 06- 08,86.48,86.48,86.51,86.46,4.20M,-0.0002,0.0102
2020- 06- 05,86.5,86.49,86.5,86.47,4.39M,-0.0003,0.117
2020- 06- 04,86.53,86.52,86.54,86.5,4.35M,0.0002,0.0672
2020- 06- 03,86.51,86.56,86.56,86.51,4.48M,-0.0008,0.1548
2020- 06- 02,86.58,86.58,86.59,86.56,3.87M,0.0,0.0401
2020- 06- 01,86.58,86.58,86.6,86.56,7.00M,-0.0009,0.0142
2020- 05- 29,86.66,86.64,86.68,86.64,6.91M,0.0,-0.0969
2020- 05- 28,86.66,86.63,86.66,86.62,3.43M,0.0005,-0.0346
2020- 05- 27,86.62,86.63,86.67,86.62,3.51M,-0.0002,0.0498
2020- 05- 26,86.64,86.63,86.65,86.62,4.36M,0.0,0.0253
2020- 05- 22,86.64,86.66,86.67,86.64,2.59M,0.0,-0.0354
2020- 05- 21,86.64,86.65,86.66,86.64,3.25M,-0.0002,-0.012
2020- 05- 20,86.66,86.63,86.67,86.63,3.50M,0.0,0.0255
2020- 05- 19,86.66,86.62,86.66,86.62,2.97M,0.0006,-0.0903
2020- 05- 18,86.61,86.67,86.67,86.61,2.76M,-0.0008,0.221
2020- 05- 15,86.68,86.69,86.7,86.67,1.94M,0.0006,0.0
2020- 05- 14,86.63,86.66,86.69,86.63,2.28M,-0.0002,-0.0762
2020- 05- 13,86.65,86.66,86.68,86.64,3.83M,0.0,-0.0125
2020- 05- 12,86.65,86.62,86.65,86.6,2.67M,0.0002,-0.0654
2020- 05- 11,86.63,86.67,86.67,86.6,4.07M,-0.0003,0.0372
2020- 05- 08,86.66,86.69,86.73,86.65,2.69M,-0.0002,0.1099
2020- 05- 07,86.68,86.62,86.7,86.61,2.46M,0.0007,-0.2076
2020- 05- 06,86.62,86.6,86.62,86.59,2.01M,0.0003,-0.0317
2020- 05- 05,86.59,86.61,86.62,86.59,4.33M,-0.0001,0.0442
2020- 05- 04,86.6,86.58,86.64,86.58,5.81M,0.0,-0.032
2020- 05- 01,86.6,86.62,86.62,86.57,5.14M,-0.0023,-0.0103
2020- 04- 30,86.8,86.66,86.8,86.66,9.56M,0.0017,-0.0106
2020- 04- 29,86.65,86.68,86.69,86.65,4.29M,-0.0001,-0.0495
2020- 04- 28,86.66,86.67,86.68,86.65,3.71M,0.0003,-0.0728
2020- 04- 27,86.63,86.63,86.64,86.6,4.93M,0.0,0.0682
2020- 04- 24,86.63,86.64,86.66,86.63,3.12M,0.0,0.0101
2020- 04- 23,86.63,86.64,86.66,86.62,3.01M,-0.0001,0.0201
2020- 04- 22,86.64,86.66,86.66,86.64,4.84M,-0.0003,0.099
2020- 04- 21,86.67,86.68,86.69,86.65,3.61M,0.0002,-0.0619
2020- 04- 20,86.65,86.67,86.69,86.65,5.97M,0.0,0.0212
2020- 04- 17,86.65,86.66,86.69,86.65,3.28M,-0.0003,-0.0204
2020- 04- 16,86.68,86.68,86.7,86.66,2.38M,0.0002,0.0537
2020- 04- 15,86.66,86.68,86.7,86.65,4.27M,0.0004,-0.1549
2020- 04- 14,86.63,86.62,86.65,86.59,4.71M,0.0,-0.1209
2020- 04- 13,86.63,86.63,86.63,86.59,3.36M,0.0001,0.0784
2020- 04- 09,86.62,86.59,86.65,86.58,5.40M,0.0003,-0.122
2020- 04- 08,86.59,86.54,86.62,86.54,4.89M,0.0006,-0.0367
2020- 04- 07,86.54,86.51,86.57,86.49,7.88M,-0.0002,0.0527
2020- 04- 06,86.56,86.58,86.61,86.55,4.87M,-0.0007,0.1431
2020- 04- 03,86.62,86.61,86.7,86.58,5.02M,-0.0002,0.0348
2020- 04- 02,86.64,86.64,86.67,86.62,5.88M,0.0002,-0.0097
2020- 04- 01,86.62,86.62,86.67,86.58,6.92M,-0.0006,-0.0186
2020- 03- 31,86.67,86.72,86.78,86.67,5.68M,-0.0002,-0.0094
2020- 03- 30,86.69,86.73,86.76,86.66,5.65M,0.0005,0.0
2020- 03- 27,86.65,86.7,86.7,86.52,37.09M,-0.0002,-0.1998
2020- 03- 26,86.67,86.59,86.71,86.58,8.38M,0.0012,-0.0602
2020- 03- 25,86.57,86.5,86.62,86.5,6.10M,0.0012,-0.0686
2020- 03- 24,86.47,86.51,86.56,86.47,8.37M,-0.0014,0.2471
2020- 03- 23,86.59,86.71,86.73,86.56,9.47M,0.0012,-0.1164
2020- 03- 20,86.49,86.38,86.63,86.38,10.68M,0.0027,-0.3171
2020- 03- 19,86.26,86.25,86.5,86.22,12.90M,0.0017,-0.1509
2020- 03- 18,86.11,86.22,86.78,86.11,11.91M,-0.0013,0.082
2020- 03- 17,86.22,86.49,86.53,86.13,10.49M,-0.0023,0.4102
2020- 03- 16,86.42,86.58,86.73,86.4,12.12M,0.0016,-0.2997
2020- 03- 13,86.28,86.05,86.32,85.95,9.42M,0.0013,0.129
2020- 03- 12,86.17,86.3,86.54,86.17,12.31M,-0.0002,-0.1289
2020- 03- 11,86.19,86.3,86.32,86.18,7.87M,-0.0012,0.0048
2020- 03- 10,86.29,86.3,86.37,86.15,11.97M,-0.0044,0.4056
2020- 03- 09,86.67,86.54,86.67,86.37,44.36M,0.0055,-0.1957
2020- 03- 06,86.2,86.31,86.37,86.17,4.38M,0.0012,-0.109
2020- 03- 05,86.1,86.11,86.14,86.07,3.80M,0.0021,-0.1232
2020- 03- 04,85.92,85.97,86.05,85.92,5.71M,0.0001,0.0103
2020- 03- 03,85.91,85.63,86.02,85.61,7.23M,0.004,-0.2086
2020- 03- 02,85.57,85.72,85.8,85.57,15.00M,-0.0019,-0.0238
2020- 02- 28,85.73,85.65,85.77,85.62,9.56M,0.0036,-0.1367
2020- 02- 27,85.42,85.44,85.5,85.36,6.01M,0.0012,-0.0769
2020- 02- 26,85.32,85.24,85.34,85.22,3.69M,0.0007,-0.0274
2020- 02- 25,85.26,85.19,85.3,85.19,3.03M,0.0011,-0.0179
2020- 02- 24,85.17,85.17,85.2,85.16,2.73M,0.0016,-0.0874
2020- 02- 21,85.03,85.0,85.08,84.99,1.80M,0.0008,-0.0297
2020- 02- 20,84.96,84.93,84.98,84.93,2.05M,0.0002,-0.025
2020- 02- 19,84.94,84.91,84.94,84.89,1.42M,0.0001,0.0097
2020- 02- 18,84.93,84.93,84.95,84.91,1.67M,0.0005,-0.0096
2020- 02- 14,84.89,84.9,84.91,84.89,1.56M,0.0004,-0.0151
2020- 02- 13,84.86,84.87,84.89,84.85,1.70M,0.0002,-0.0019
2020- 02- 12,84.84,84.85,84.86,84.84,1.40M,-0.0005,0.0136
2020- 02- 11,84.88,84.89,84.9,84.86,1.91M,-0.0005,0.0259
2020- 02- 10,84.92,84.93,84.95,84.9,982.75K,0.0005,-0.0138
2020- 02- 07,84.88,84.87,84.9,84.86,1.41M,0.0006,-0.0361
2020- 02- 06,84.83,84.81,84.83,84.8,1.51M,0.0002,0.0019
2020- 02- 05,84.81,84.82,84.84,84.81,2.23M,-0.0007,0.0251
2020- 02- 04,84.87,84.88,84.89,84.84,1.58M,-0.0011,0.0507
2020- 02- 03,84.96,84.96,84.98,84.91,4.13M,-0.0019,0.029
2020- 01- 31,85.12,85.05,85.14,85.05,4.30M,0.0013,-0.0701
2020- 01- 30,85.01,85.03,85.07,85.0,1.35M,0.0001,0.0019
2020- 01- 29,85.0,84.95,85.0,84.93,1.27M,0.0009,-0.0463
2020- 01- 28,84.92,84.96,84.97,84.91,1.23M,-0.0005,0.0285
2020- 01- 27,84.96,84.97,84.97,84.94,1.92M,0.0011,-0.0419
2020- 01- 24,84.87,84.85,84.9,84.84,3.72M,0.0004,-0.0161
2020- 01- 23,84.84,84.84,84.88,84.82,6.87M,0.0004,-0.0159
2020- 01- 22,84.81,84.79,84.82,84.79,1.88M,0.0002,-0.0017
2020- 01- 21,84.79,84.78,84.8,84.78,2.81M,0.0002,-0.024
2020- 01- 17,84.77,84.73,84.77,84.72,1.59M,0.0004,-0.0016
2020- 01- 16,84.74,84.73,84.74,84.71,2.00M,0.0,0.0086
2020- 01- 15,84.74,84.73,84.74,84.71,2.47M,0.0005,-0.0101
2020- 01- 14,84.7,84.69,84.73,84.69,2.32M,0.0001,-0.0134
2020- 01- 13,84.69,84.7,84.7,84.67,1.28M,-0.0001,0.0102
2020- 01- 10,84.7,84.69,84.72,84.69,1.07M,0.0002,-0.0067
2020- 01- 09,84.68,84.64,84.7,84.64,1.42M,0.0001,-0.0067
2020- 01- 08,84.67,84.72,84.74,84.66,1.86M,-0.0005,0.0361
2020- 01- 07,84.71,84.72,84.73,84.7,1.10M,0.0,-0.0053
2020- 01- 06,84.71,84.73,84.74,84.68,1.13M,-0.0004,0.0088
2020- 01- 03,84.74,84.72,84.76,84.69,2.04M,0.0008,-0.0309
2020- 01- 02,84.67,84.67,84.71,84.64,2.67M,0.0005,-0.0085
2019- 12- 31,84.63,84.64,84.67,84.61,3.03M,-0.0001,0.0085
2019- 12- 30,84.64,84.6,84.66,84.6,1.63M,0.0004,-0.0034
2019- 12- 27,84.61,84.58,84.62,84.57,1.39M,0.0007,-0.0264
2019- 12- 26,84.55,84.56,84.56,84.53,1.16M,0.0004,-0.0033
2019- 12- 24,84.52,84.47,84.54,84.47,895.51K,0.0001,-0.0193
2019- 12- 23,84.51,84.51,84.52,84.49,2.01M,-0.0002,0.0081
2019- 12- 20,84.53,84.52,84.54,84.5,1.41M,0.0,0.0
2019- 12- 19,84.53,84.51,84.55,84.51,1.46M,-0.0014,-0.0048
2019- 12- 18,84.65,84.63,84.65,84.61,1.68M,0.0001,0.0114
2019- 12- 17,84.64,84.65,84.66,84.63,1.76M,0.0002,-0.0016
2019- 12- 16,84.62,84.64,84.64,84.59,1.57M,-0.0006,0.0182
2019- 12- 13,84.67,84.64,84.69,84.6,1.63M,0.0012,-0.0381
2019- 12- 12,84.57,84.67,84.67,84.52,1.63M,-0.0009,0.0396
2019- 12- 11,84.65,84.59,84.66,84.59,1.22M,0.0008,-0.0241
2019- 12- 10,84.58,84.63,84.64,84.58,1.21M,-0.0005,0.0214
2019- 12- 09,84.62,84.64,84.64,84.61,1.48M,0.0,-0.0083
2019- 12- 06,84.62,84.6,84.65,84.59,2.02M,-0.0004,0.0221
2019- 12- 05,84.65,84.65,84.69,84.64,1.97M,-0.0005,0.0155
2019- 12- 04,84.69,84.71,84.72,84.66,2.02M,-0.0005,0.0282
2019- 12- 03,84.73,84.72,84.78,84.71,2.04M,0.0014,-0.0471
2019- 12- 02,84.61,84.59,84.67,84.57,4.21M,-0.0019,0.005
2019- 11- 29,84.77,84.73,84.77,84.72,1.22M,0.0004,-0.0084
2019- 11- 27,84.74,84.77,84.77,84.73,1.09M,-0.0006,0.024
2019- 11- 26,84.79,84.79,84.8,84.77,1.79M,0.0005,-0.0102
2019- 11- 25,84.75,84.74,84.76,84.72,3.60M,0.0002,-0.0101
2019- 11- 22,84.73,84.76,84.77,84.72,3.15M,-0.0002,0.0101
2019- 11- 21,84.75,84.76,84.78,84.74,1.29M,-0.0005,0.0154
2019- 11- 20,84.79,84.77,84.81,84.76,1.77M,0.0005,-0.0169
2019- 11- 19,84.75,84.73,84.76,84.73,1.63M,-0.0001,-0.0034
2019- 11- 18,84.76,84.76,84.77,84.74,1.05M,0.0005,-0.0083
2019- 11- 15,84.72,84.71,84.74,84.71,2.46M,-0.0004,0.0151
2019- 11- 14,84.75,84.74,84.78,84.73,2.75M,0.0009,-0.0419
2019- 11- 13,84.67,84.67,84.69,84.65,1.68M,0.0005,-0.0158
2019- 11- 12,84.63,84.61,84.64,84.59,2.65M,0.0001,-0.0063
2019- 11- 11,84.62,84.62,84.63,84.59,1.33M,0.0002,-0.0063
2019- 11- 08,84.6,84.59,84.65,84.59,2.30M,0.0001,0.0065
2019- 11- 07,84.59,84.63,84.63,84.54,2.28M,-0.0012,0.0528
2019- 11- 06,84.69,84.69,84.71,84.66,1.24M,0.0006,-0.0124
2019- 11- 05,84.64,84.67,84.67,84.61,2.08M,-0.0007,0.0259
2019- 11- 04,84.7,84.72,84.72,84.69,2.54M,-0.0007,0.0302
2019- 11- 01,84.76,84.78,84.81,84.72,3.44M,-0.0022,0.0201
2019- 10- 31,84.95,84.85,84.96,84.85,2.72M,0.0018,-0.051
2019- 10- 30,84.8,84.75,84.81,84.71,1.62M,0.0006,-0.0313
2019- 10- 29,84.75,84.76,84.77,84.73,1.77M,0.0002,-0.0015
2019- 10- 28,84.73,84.73,84.74,84.7,2.05M,-0.0004,0.0186
2019- 10- 25,84.76,84.83,84.83,84.74,982.86K,-0.0006,0.0244
2019- 10- 24,84.81,84.83,84.87,84.81,1.23M,0.0,-0.0033
2019- 10- 23,84.81,84.84,84.85,84.8,1.58M,-0.0001,0.0035
2019- 10- 22,84.82,84.81,84.83,84.76,1.19M,0.0004,-0.0133
2019- 10- 21,84.79,84.82,84.83,84.77,985.53K,-0.0005,0.0314
2019- 10- 18,84.83,84.82,84.87,84.82,1.90M,0.0004,-0.0117
2019- 10- 17,84.8,84.8,84.85,84.78,1.64M,0.0,0.0036
2019- 10- 16,84.8,84.8,84.82,84.77,1.84M,0.0005,-0.0217
2019- 10- 15,84.76,84.81,84.82,84.73,2.47M,-0.0002,0.0242
2019- 10- 14,84.78,84.78,84.8,84.76,1.34M,0.0001,-0.0017
2019- 10- 11,84.77,84.79,84.8,84.71,2.93M,-0.0009,0.041
2019- 10- 10,84.85,84.96,84.96,84.85,3.57M,-0.0012,0.0523
2019- 10- 09,84.95,85.0,85.02,84.93,1.47M,-0.0006,0.0432
2019- 10- 08,85.0,85.01,85.04,84.94,2.15M,0.0006,-0.0345
2019- 10- 07,84.95,84.99,85.0,84.93,1.61M,-0.0011,0.0438
2019- 10- 04,85.04,85.01,85.05,84.99,1.76M,-0.0001,0.0078
2019- 10- 03,85.05,84.93,85.07,84.92,2.44M,0.0021,-0.0586
2019- 10- 02,84.87,84.84,84.91,84.83,2.61M,0.0011,-0.0399
2019- 10- 01,84.78,84.62,84.81,84.62,4.67M,-0.0005,-0.0435
2019- 09- 30,84.82,84.77,84.82,84.76,2.33M,0.0005,-0.0086
2019- 09- 27,84.78,84.74,84.81,84.74,1.69M,0.0006,-0.0135
2019- 09- 26,84.73,84.75,84.79,84.73,871.49K,0.0005,-0.0116
2019- 09- 25,84.69,84.79,84.81,84.69,2.73M,-0.0013,0.0437
2019- 09- 24,84.8,84.72,84.84,84.72,3.69M,0.0011,-0.0418
2019- 09- 23,84.71,84.72,84.79,84.71,1.54M,0.0006,-0.0033
2019- 09- 20,84.66,84.61,84.69,84.59,2.38M,0.0011,-0.0413
2019- 09- 19,84.57,84.64,84.64,84.57,2.40M,0.0001,-0.0094
2019- 09- 18,84.56,84.66,84.71,84.55,3.28M,-0.0006,0.0129
2019- 09- 17,84.61,84.56,84.63,84.55,1.40M,0.0005,-0.0172
2019- 09- 16,84.57,84.55,84.57,84.53,3.03M,0.0008,-0.0289
2019- 09- 13,84.5,84.57,84.59,84.48,1.95M,-0.0017,0.0615
2019- 09- 12,84.64,84.71,84.72,84.61,3.32M,-0.0002,0.0283
2019- 09- 11,84.66,84.66,84.71,84.66,3.00M,0.0,-0.0117
2019- 09- 10,84.66,84.79,84.8,84.65,2.26M,-0.0017,0.0662
2019- 09- 09,84.8,84.83,84.85,84.8,2.42M,-0.0011,0.0408
2019- 09- 06,84.89,84.9,84.93,84.87,2.49M,0.0001,0.0055
2019- 09- 05,84.88,84.96,84.96,84.84,2.15M,-0.0022,0.0799
2019- 09- 04,85.07,85.0,85.07,85.0,1.46M,0.0008,-0.01
2019- 09- 03,85.0,84.95,85.07,84.93,4.57M,-0.0009,-0.0381
2019- 08- 30,85.08,85.05,85.09,85.03,2.54M,0.0004,-0.0095
2019- 08- 29,85.05,85.08,85.09,85.04,3.27M,-0.0005,0.021
2019- 08- 28,85.09,85.09,85.11,85.07,1.94M,0.0002,-0.0132
2019- 08- 27,85.07,85.01,85.09,85.01,2.18M,0.0004,-0.0167
2019- 08- 26,85.04,85.06,85.1,85.01,1.77M,-0.0005,0.0055
2019- 08- 23,85.08,84.97,85.1,84.95,2.45M,0.0016,-0.0528
2019- 08- 22,84.94,84.96,85.01,84.93,956.17K,-0.0005,0.0215
2019- 08- 21,84.98,85.01,85.05,84.97,2.08M,-0.0009,0.0391
2019- 08- 20,85.06,85.05,85.09,85.04,2.02M,0.0007,-0.0359
2019- 08- 19,85.0,85.01,85.04,84.98,1.49M,-0.0011,0.041
2019- 08- 16,85.09,85.05,85.1,85.01,1.89M,-0.0001,0.0111
2019- 08- 15,85.1,84.96,85.11,84.96,4.82M,0.0021,-0.0683
2019- 08- 14,84.92,84.89,84.95,84.88,3.31M,0.0013,-0.0532
2019- 08- 13,84.81,84.9,84.91,84.77,1.84M,-0.0012,0.0712
2019- 08- 12,84.91,84.89,84.94,84.88,2.40M,0.0011,-0.0539
2019- 08- 09,84.82,84.87,84.91,84.82,1.83M,-0.0006,0.0277
2019- 08- 08,84.87,84.87,84.88,84.81,1.50M,-0.0004,0.0052
2019- 08- 07,84.9,85.0,85.04,84.87,2.35M,0.0001,0.0
2019- 08- 06,84.89,84.86,84.89,84.82,3.28M,0.0005,0.0016
2019- 08- 05,84.85,84.83,84.91,84.81,3.15M,0.002,-0.0799
2019- 08- 02,84.68,84.65,84.7,84.64,2.63M,0.0002,-0.0146
2019- 08- 01,84.66,84.46,84.72,84.45,3.10M,0.0011,-0.0702
2019- 07- 31,84.57,84.62,84.65,84.43,2.31M,-0.0001,0.006
2019- 07- 30,84.58,84.59,84.6,84.57,933.46K,0.0001,-0.003
2019- 07- 29,84.57,84.57,84.6,84.57,930.57K,0.0,-0.003
2019- 07- 26,84.57,84.56,84.57,84.52,1.00M,0.0001,-0.0073
2019- 07- 25,84.56,84.59,84.59,84.53,1.09M,-0.0006,0.0258
2019- 07- 24,84.61,84.61,84.64,84.59,1.36M,0.0002,-0.006
2019- 07- 23,84.59,84.6,84.62,84.58,1.03M,-0.0002,0.0122
2019- 07- 22,84.61,84.63,84.64,84.61,823.32K,0.0001,-0.006
2019- 07- 19,84.6,84.62,84.64,84.58,863.98K,-0.0011,0.0343
2019- 07- 18,84.69,84.58,84.7,84.56,1.44M,0.0012,-0.0287
2019- 07- 17,84.59,84.52,84.59,84.51,1.46M,0.0009,-0.0294
2019- 07- 16,84.51,84.5,84.53,84.48,1.35M,-0.0004,0.0149
2019- 07- 15,84.54,84.54,84.56,84.53,1.39M,0.0002,-0.0088
2019- 07- 12,84.52,84.5,84.54,84.49,871.64K,0.0001,-0.0174
2019- 07- 11,84.51,84.54,84.55,84.49,1.23M,-0.0005,0.0329
2019- 07- 10,84.55,84.5,84.55,84.47,1.70M,0.0018,-0.0373
2019- 07- 09,84.4,84.46,84.46,84.4,1.46M,-0.0004,0.0165
2019- 07- 08,84.43,84.49,84.5,84.43,1.59M,-0.0005,0.0091
2019- 07- 05,84.47,84.51,84.51,84.44,1.76M,-0.002,0.0691
2019- 07- 03,84.64,84.63,84.65,84.62,2.18M,0.0002,0.0
2019- 07- 02,84.62,84.59,84.64,84.58,4.84M,0.0006,-0.0203
2019- 07- 01,84.57,84.62,84.63,84.54,4.21M,-0.0025,0.019
2019- 06- 28,84.78,84.77,84.8,84.75,4.13M,0.0,0.0
2019- 06- 27,84.78,84.76,84.78,84.73,1.28M,0.0008,-0.0202
2019- 06- 26,84.71,84.77,84.77,84.7,1.22M,-0.0012,0.0403
2019- 06- 25,84.81,84.8,84.85,84.76,1.74M,0.0002,-0.0049
2019- 06- 24,84.79,84.76,84.82,84.76,1.72M,0.0006,-0.025
2019- 06- 21,84.74,84.71,84.74,84.69,8.01M,-0.0005,0.0015
2019- 06- 20,84.78,84.81,84.85,84.77,1.79M,0.0005,0.019
2019- 06- 19,84.74,84.54,84.75,84.52,1.89M,0.0021,-0.0555
2019- 06- 18,84.56,84.65,84.66,84.56,5.59M,0.0001,-0.0089
2019- 06- 17,84.55,84.6,84.6,84.55,2.11M,-0.0005,0.0121
2019- 06- 14,84.59,84.57,84.61,84.56,1.99M,-0.0004,0.0076
2019- 06- 13,84.62,84.57,84.64,84.55,2.45M,0.0011,-0.0251
2019- 06- 12,84.53,84.51,84.55,84.5,1.15M,0.0008,-0.0315
2019- 06- 11,84.46,84.45,84.48,84.44,2.21M,-0.0004,0.0013
2019- 06- 10,84.49,84.52,84.52,84.48,7.61M,-0.0009,0.033
2019- 06- 07,84.57,84.62,84.64,84.54,13.62M,0.0011,-0.0123
2019- 06- 06,84.48,84.54,84.57,84.47,20.69M,-0.0006,0.0133
2019- 06- 05,84.53,84.6,84.63,84.52,14.75M,0.0005,-0.012
2019- 06- 04,84.49,84.44,84.51,84.42,3.32M,-0.0007,0.024
2019- 06- 03,84.55,84.47,84.59,84.43,4.62M,-0.0001,-0.0436
2019- 05- 31,84.56,84.46,84.59,84.46,11.97M,0.0021,-0.0654
2019- 05- 30,84.38,84.33,84.39,84.3,1.93M,0.0008,-0.0239
2019- 05- 29,84.31,84.35,84.38,84.3,2.63M,0.0001,0.0
2019- 05- 28,84.3,84.26,84.3,84.24,1.13M,0.0008,-0.0233
2019- 05- 24,84.23,84.24,84.25,84.21,1.02M,-0.0004,0.0078
2019- 05- 23,84.26,84.17,84.29,84.17,2.77M,0.0018,-0.0327
2019- 05- 22,84.11,84.12,84.13,84.1,2.07M,0.0005,-0.0186
2019- 05- 21,84.07,84.09,84.1,84.06,1.16M,-0.0005,0.0125
2019- 05- 20,84.11,84.14,84.16,84.11,1.10M,-0.0005,0.0139
2019- 05- 17,84.15,84.18,84.19,84.12,1.07M,0.0002,0.0026
2019- 05- 16,84.13,84.14,84.15,84.12,1.05M,-0.0006,0.0102
2019- 05- 15,84.18,84.21,84.21,84.14,1.52M,0.0007,-0.0188
2019- 05- 14,84.12,84.12,84.13,84.09,3.79M,0.0,0.0038
2019- 05- 13,84.12,84.11,84.15,84.1,2.72M,0.0012,-0.0376
2019- 05- 10,84.02,84.03,84.07,84.0,1.56M,0.0002,0.0061
2019- 05- 09,84.0,84.02,84.06,83.99,1.30M,0.0006,-0.018
2019- 05- 08,83.95,83.98,84.0,83.94,1.47M,-0.0001,0.0096
2019- 05- 07,83.96,83.95,83.98,83.95,2.82M,0.0005,-0.0146
2019- 05- 06,83.92,83.93,83.94,83.91,1.31M,0.0006,-0.0132
2019- 05- 03,83.87,83.87,83.9,83.85,1.33M,0.0004,-0.0059
2019- 05- 02,83.84,83.88,83.89,83.84,2.14M,-0.0005,0.0157
2019- 05- 01,83.88,83.93,84.05,83.87,1.31M,-0.0027,0.0184
2019- 04- 30,84.11,84.06,84.11,84.04,1.88M,0.0007,-0.0121
2019- 04- 29,84.05,84.05,84.07,84.04,1.01M,-0.0004,0.0073
2019- 04- 26,84.08,84.07,84.08,84.06,2.28M,0.0011,-0.0226
2019- 04- 25,83.99,84.01,84.02,83.99,903.03K,0.0,0.0084
2019- 04- 24,83.99,83.99,84.01,83.98,3.42M,0.0006,-0.0211
2019- 04- 23,83.94,83.92,83.95,83.92,1.82M,0.0005,-0.0093
2019- 04- 22,83.9,83.9,83.91,83.89,6.16M,0.0001,0.0047
2019- 04- 18,83.89,83.9,83.91,83.88,1.08M,0.0002,-0.0136
2019- 04- 17,83.87,83.84,83.87,83.84,1.60M,0.0004,-0.0034
2019- 04- 16,83.84,83.84,83.85,83.81,1.34M,-0.0001,0.0116
2019- 04- 15,83.85,83.83,83.86,83.83,1.02M,0.0001,-0.0011
2019- 04- 12,83.84,83.84,83.86,83.83,1.21M,-0.0006,0.0235
2019- 04- 11,83.89,83.9,83.92,83.89,3.38M,-0.0006,0.0167
2019- 04- 10,83.94,83.91,83.94,83.91,2.36M,0.0008,-0.0122
2019- 04- 09,83.87,83.89,83.91,83.87,3.66M,0.0001,-0.0072
2019- 04- 08,83.86,83.88,83.9,83.85,2.76M,-0.0002,0.0084
2019- 04- 05,83.88,83.87,83.89,83.86,6.62M,-0.0001,0.0
2019- 04- 04,83.89,83.9,83.9,83.87,1.48M,0.0002,-0.0024
2019- 04- 03,83.87,83.88,83.89,83.86,5.01M,-0.0005,0.0195
2019- 04- 02,83.91,83.89,83.92,83.88,2.66M,0.0005,-0.018
2019- 04- 01,83.87,83.91,83.93,83.85,4.38M,-0.003,0.0397
2019- 03- 29,84.12,84.1,84.13,84.08,2.28M,-0.0006,0.0136
2019- 03- 28,84.17,84.17,84.18,84.13,1.32M,-0.0001,0.0151
2019- 03- 27,84.18,84.17,84.21,84.15,1.87M,0.0008,-0.0224
2019- 03- 26,84.11,84.08,84.13,84.06,2.37M,-0.0001,0.01
2019- 03- 25,84.12,84.06,84.17,84.04,3.57M,0.0011,-0.0304
2019- 03- 22,84.03,83.95,84.05,83.95,3.11M,0.0017,-0.0431
2019- 03- 21,83.89,83.91,83.91,83.87,1.37M,0.0,0.0047
2019- 03- 20,83.89,83.78,83.9,83.78,2.46M,0.0014,-0.0382
2019- 03- 19,83.77,83.76,83.78,83.74,1.00M,-0.0001,0.0079
2019- 03- 18,83.78,83.78,83.8,83.77,1.09M,-0.0002,0.0057
2019- 03- 15,83.8,83.79,83.81,83.78,1.57M,0.0004,-0.0112
2019- 03- 14,83.77,83.75,83.77,83.73,1.17M,0.0002,-0.0033
2019- 03- 13,83.75,83.73,83.75,83.72,1.17M,0.0001,0.009
2019- 03- 12,83.74,83.71,83.75,83.71,3.67M,0.0004,-0.0194
2019- 03- 11,83.71,83.72,83.72,83.69,2.21M,-0.0002,0.0068
2019- 03- 08,83.73,83.71,83.74,83.69,2.63M,0.0004,-0.0035
2019- 03- 07,83.7,83.65,83.71,83.65,3.22M,0.0008,-0.02
2019- 03- 06,83.63,83.57,83.63,83.57,4.17M,0.0007,-0.012
2019- 03- 05,83.57,83.54,83.57,83.52,6.18M,0.0001,0.0033
2019- 03- 04,83.56,83.54,83.58,83.53,6.42M,0.0002,-0.0076
2019- 03- 01,83.54,83.56,83.57,83.52,3.70M,-0.0025,0.0166
2019- 02- 28,83.75,83.75,83.76,83.72,4.14M,-0.0002,0.0111
2019- 02- 27,83.77,83.76,83.77,83.73,2.46M,-0.0002,0.0089
2019- 02- 26,83.79,83.77,83.79,83.75,4.57M,0.0005,-0.0111
2019- 02- 25,83.75,83.73,83.75,83.71,2.96M,-0.0001,0.0044
2019- 02- 22,83.76,83.72,83.78,83.72,2.64M,0.0007,-0.0175
2019- 02- 21,83.7,83.71,83.71,83.69,2.14M,-0.0002,0.0155
2019- 02- 20,83.72,83.73,83.76,83.71,2.68M,-0.0002,0.0044
2019- 02- 19,83.74,83.72,83.74,83.7,8.25M,0.0007,-0.0153
2019- 02- 15,83.68,83.7,83.7,83.68,3.56M,-0.0005,0.0077
2019- 02- 14,83.72,83.71,83.72,83.67,5.77M,0.0013,-0.0194
2019- 02- 13,83.61,83.62,83.65,83.61,3.54M,-0.0007,0.0142
2019- 02- 12,83.67,83.68,83.69,83.66,2.37M,-0.0001,0.0088
2019- 02- 11,83.68,83.68,83.7,83.67,3.23M,-0.0004,0.0111
2019- 02- 08,83.71,83.73,83.75,83.71,2.46M,0.0004,-0.0077
2019- 02- 07,83.68,83.67,83.7,83.65,2.48M,0.0007,-0.0174
2019- 02- 06,83.62,83.63,83.64,83.6,2.69M,0.0005,-0.0021
2019- 02- 05,83.58,83.57,83.61,83.57,3.07M,0.0,-0.0077
2019- 02- 04,83.58,83.59,83.6,83.56,9.05M,0.0,0.0144
2019- 02- 01,83.58,83.64,83.66,83.58,7.39M,-0.003,0.0214
2019- 01- 31,83.83,83.79,83.85,83.79,7.27M,0.0008,-0.0178
2019- 01- 30,83.76,83.65,83.76,83.63,3.63M,0.0013,-0.0249
2019- 01- 29,83.65,83.63,83.66,83.63,4.07M,0.0005,-0.0118
2019- 01- 28,83.61,83.6,83.64,83.59,5.78M,0.0001,-0.0043
2019- 01- 25,83.6,83.63,83.64,83.59,1.60M,-0.0007,0.0196
2019- 01- 24,83.66,83.65,83.68,83.63,2.01M,0.0008,-0.0118
2019- 01- 23,83.59,83.58,83.62,83.56,7.92M,-0.0002,0.0
2019- 01- 22,83.61,83.58,83.61,83.57,4.05M,0.0008,-0.0074
2019- 01- 18,83.54,83.58,83.59,83.52,4.14M,-0.0008,0.0183
2019- 01- 17,83.61,83.62,83.63,83.58,2.51M,-0.0001,0.0108
2019- 01- 16,83.62,83.6,83.63,83.58,3.26M,-0.0002,0.0043
2019- 01- 15,83.64,83.65,83.66,83.61,3.31M,0.0004,0.0011
2019- 01- 14,83.61,83.63,83.65,83.43,1.87M,0.0,-0.0011
2019- 01- 11,83.61,83.61,83.63,83.6,2.06M,0.0006,-0.0139
2019- 01- 10,83.56,83.61,83.63,83.55,4.04M,0.0001,0.0075
2019- 01- 09,83.55,83.51,83.58,83.51,4.16M,0.0005,-0.0142
2019- 01- 08,83.51,83.53,83.56,83.5,2.06M,-0.0006,0.0176
2019- 01- 07,83.56,83.65,83.67,83.56,3.63M,-0.0007,0.0178
2019- 01- 04,83.62,83.67,83.68,83.62,5.97M,-0.0021,0.0611
2019- 01- 03,83.8,83.64,83.83,83.63,5.28M,0.002,-0.0429
2019- 01- 02,83.63,83.63,83.64,83.6,5.38M,0.0001,-0.0068
2018- 12- 31,83.62,83.57,83.67,83.55,4.89M,0.0004,-0.0155
2018- 12- 28,83.59,83.51,83.59,83.5,6.74M,0.0014,-0.0248
2018- 12- 27,83.47,83.46,83.54,83.46,4.21M,0.0011,-0.019
2018- 12- 26,83.38,83.48,83.51,83.38,6.21M,-0.001,0.0204
2018- 12- 24,83.46,83.4,83.46,83.4,4.05M,0.0008,-0.0252
2018- 12- 21,83.39,83.33,83.39,83.32,5.55M,0.0007,-0.0124
2018- 12- 20,83.33,83.35,83.36,83.31,7.30M,-0.0001,0.0094
2018- 12- 19,83.34,83.34,83.38,83.27,12.28M,0.0002,-0.0031
2018- 12- 18,83.32,83.28,83.33,83.26,6.57M,-0.0008,-0.0183
2018- 12- 17,83.39,83.32,83.39,83.3,5.82M,0.001,-0.0151
2018- 12- 14,83.31,83.27,83.32,83.26,4.45M,0.0006,-0.0119
2018- 12- 13,83.26,83.23,83.26,83.22,7.53M,0.001,-0.0069
2018- 12- 12,83.18,83.18,83.21,83.18,4.57M,-0.0001,0.0046
2018- 12- 11,83.19,83.23,83.26,83.18,5.68M,-0.001,0.0102
2018- 12- 10,83.27,83.26,83.33,83.24,9.73M,0.0,0.0051
2018- 12- 07,83.27,83.19,83.28,83.18,2.08M,0.0011,-0.0162
2018- 12- 06,83.18,83.22,83.3,83.18,4.01M,0.001,-0.0159
2018- 12- 04,83.1,83.07,83.14,83.07,4.06M,0.0007,-0.0069
2018- 12- 03,83.04,83.06,83.09,83.04,2.83M,-0.0025,0.0059
2018- 11- 30,83.25,83.22,83.27,83.21,4.71M,0.0004,-0.0079
2018- 11- 29,83.22,83.24,83.25,83.2,2.22M,0.0002,-0.0039
2018- 11- 28,83.2,83.16,83.22,83.14,2.99M,0.0004,-0.0068
2018- 11- 27,83.17,83.15,83.18,83.14,1.56M,0.0001,0.0019
2018- 11- 26,83.16,83.15,83.16,83.13,1.76M,0.0001,0.0058
2018- 11- 23,83.15,83.2,83.2,83.15,1.67M,-0.0002,-0.0039
2018- 11- 21,83.17,83.18,83.18,83.15,9.31M,0.0,0.0028
2018- 11- 20,83.17,83.18,83.2,83.16,2.31M,-0.0002,0.0039
2018- 11- 19,83.19,83.12,83.2,83.11,1.55M,0.0008,-0.0048
2018- 11- 16,83.12,83.12,83.14,83.1,1.29M,0.0007,-0.0198
2018- 11- 15,83.06,83.09,83.11,83.04,1.95M,0.0005,-0.0056
2018- 11- 14,83.02,82.97,83.07,82.96,3.33M,0.0007,-0.0102
2018- 11- 13,82.96,82.95,82.98,82.95,2.99M,0.0001,-0.0028
2018- 11- 12,82.95,82.92,82.98,82.92,994.30K,0.0007,-0.0119
2018- 11- 09,82.89,82.86,82.92,82.86,1.23M,0.0005,-0.0172
2018- 11- 08,82.85,82.88,82.88,82.83,1.33M,-0.0001,0.0027
2018- 11- 07,82.86,82.87,82.88,82.85,1.68M,-0.0004,0.0091
2018- 11- 06,82.89,82.88,82.9,82.87,4.43M,-0.0002,0.0115
2018- 11- 05,82.91,82.92,82.92,82.89,2.36M,0.0004,-0.0009
2018- 11- 02,82.88,82.93,82.94,82.88,3.72M,-0.0012,0.026
2018- 11- 01,82.98,82.96,82.99,82.94,3.62M,-0.0012,-0.0076
2018- 10- 31,83.08,83.07,83.1,83.05,12.64M,-0.0005,0.0077
2018- 10- 30,83.12,83.13,83.13,83.09,5.20M,-0.0005,0.0106
2018- 10- 29,83.16,83.11,83.17,83.1,4.79M,0.0004,0.0058
2018- 10- 26,83.13,83.14,83.19,83.12,3.80M,0.0006,-0.0172
2018- 10- 25,83.08,83.09,83.1,83.06,2.68M,-0.0004,0.0048
2018- 10- 24,83.11,83.02,83.11,83.02,2.96M,0.0016,-0.0206
2018- 10- 23,82.98,83.03,83.05,82.98,2.86M,0.0006,-0.0111
2018- 10- 22,82.93,82.94,82.97,82.93,2.03M,-0.0002,0.001
2018- 10- 19,82.95,82.99,82.99,82.94,4.10M,-0.0006,0.0094
2018- 10- 18,83.0,82.93,83.01,82.92,1.33M,0.0007,-0.0101
2018- 10- 17,82.94,82.97,82.99,82.92,1.61M,-0.0001,0.0112
2018- 10- 16,82.95,82.97,82.97,82.94,2.15M,-0.0004,0.0038
2018- 10- 15,82.98,82.99,82.99,82.96,1.77M,0.0004,-0.0019
2018- 10- 12,82.95,82.98,83.01,82.95,2.27M,0.0,0.0037
2018- 10- 11,82.95,82.96,83.0,82.93,2.12M,0.0004,0.0012
2018- 10- 10,82.92,82.87,82.93,82.87,1.96M,0.0002,-0.015
2018- 10- 09,82.9,82.9,82.91,82.88,2.94M,0.0004,0.0038
2018- 10- 08,82.87,82.89,82.92,82.87,1.60M,-0.0002,-0.0057
2018- 10- 05,82.89,82.88,82.89,82.86,1.69M,-0.0001,0.0069
2018- 10- 04,82.9,82.87,82.9,82.87,1.25M,-0.0002,0.0
2018- 10- 03,82.92,82.94,82.96,82.89,1.47M,-0.0005,0.0281
2018- 10- 02,82.96,82.95,82.99,82.95,3.06M,0.0004,-0.0028
2018- 10- 01,82.93,82.96,82.97,82.93,3.39M,-0.0019,0.0019
2018- 09- 28,83.09,83.09,83.11,83.09,2.34M,0.0005,-0.0018
2018- 09- 27,83.05,83.07,83.07,83.05,901.89K,0.0,0.0039
2018- 09- 26,83.05,83.03,83.07,83.03,1.33M,0.0001,-0.0123
2018- 09- 25,83.04,83.02,83.04,83.01,1.22M,0.0001,0.0039
2018- 09- 24,83.03,83.03,83.06,83.02,777.06K,0.0,0.0048
2018- 09- 21,83.03,83.03,83.06,83.02,1.87M,-0.0002,-0.0018
2018- 09- 20,83.05,83.0,83.05,83.0,945.28K,0.0004,0.0029
2018- 09- 19,83.02,83.02,83.03,83.0,659.84K,-0.0002,0.001
2018- 09- 18,83.04,83.07,83.07,83.02,860.42K,-0.0001,0.0136
2018- 09- 17,83.05,83.06,83.08,83.05,2.31M,-0.0002,-0.0039
2018- 09- 14,83.07,83.05,83.08,83.05,718.48K,-0.0004,0.0097
2018- 09- 13,83.1,83.1,83.11,83.08,687.20K,0.0001,0.0029
2018- 09- 12,83.09,83.11,83.11,83.07,687.55K,0.0,-0.0004
2018- 09- 11,83.09,83.09,83.11,83.07,763.70K,-0.0006,0.0151
2018- 09- 10,83.14,83.14,83.15,83.13,623.81K,0.0001,0.002
2018- 09- 07,83.13,83.17,83.17,83.13,835.52K,-0.0011,0.0279
2018- 09- 06,83.22,83.21,83.25,83.2,5.09M,0.0004,-0.0082
2018- 09- 05,83.19,83.19,83.2,83.17,846.30K,0.0,-0.001
2018- 09- 04,83.19,83.2,83.22,83.16,1.36M,-0.0018,0.0082
2018- 08- 31,83.34,83.34,83.35,83.33,4.05M,0.0002,-0.0072
2018- 08- 30,83.32,83.28,83.32,83.28,1.66M,0.0007,-0.0121
2018- 08- 29,83.26,83.28,83.28,83.24,582.22K,-0.0001,0.0061
2018- 08- 28,83.27,83.27,83.29,83.26,931.84K,-0.0004,0.0112
2018- 08- 27,83.3,83.29,83.31,83.29,952.80K,-0.0004,0.0092
2018- 08- 24,83.33,83.29,83.33,83.29,2.28M,0.0001,0.0
2018- 08- 23,83.32,83.33,83.34,83.31,702.73K,-0.0001,0.0082
2018- 08- 22,83.33,83.32,83.34,83.31,609.77K,0.0002,-0.0072
2018- 08- 21,83.31,83.29,83.31,83.29,1.45M,-0.0002,0.0093
2018- 08- 20,83.33,83.31,83.33,83.29,761.68K,0.0006,-0.0133
2018- 08- 17,83.28,83.27,83.29,83.26,783.35K,0.0004,-0.0011
2018- 08- 16,83.25,83.25,83.27,83.23,987.98K,-0.0002,0.002
2018- 08- 15,83.27,83.25,83.29,83.23,775.02K,0.0005,-0.0111
2018- 08- 14,83.23,83.23,83.23,83.21,1.29M,0.0,0.0081
2018- 08- 13,83.23,83.22,83.25,83.21,1.58M,-0.0002,0.0031
2018- 08- 10,83.25,83.22,83.26,83.21,1.50M,0.001,-0.0209
2018- 08- 09,83.17,83.14,83.17,83.14,660.69K,0.0006,-0.0089
2018- 08- 08,83.12,83.13,83.13,83.11,1.44M,0.0001,0.0
2018- 08- 07,83.11,83.13,83.13,83.09,927.51K,-0.0004,0.0123
2018- 08- 06,83.14,83.15,83.15,83.13,1.15M,0.0002,-0.001
2018- 08- 03,83.12,83.1,83.14,83.1,1.37M,0.0001,-0.01
2018- 08- 02,83.11,83.09,83.11,83.08,1.91M,0.0006,-0.0079
2018- 08- 01,83.06,83.05,83.07,83.04,9.13M,-0.0016,0.0051
2018- 07- 31,83.19,83.21,83.21,83.19,2.53M,0.0,0.0021
2018- 07- 30,83.19,83.19,83.2,83.18,4.20M,0.0,0.0
2018- 07- 27,83.19,83.19,83.2,83.18,1.43M,0.0001,-0.0049
2018- 07- 26,83.18,83.2,83.21,83.15,2.21M,0.0,0.0061
2018- 07- 25,83.18,83.21,83.22,83.18,682.78K,-0.0004,0.0091
2018- 07- 24,83.21,83.21,83.21,83.18,1.56M,0.0001,0.003
2018- 07- 23,83.2,83.24,83.25,83.2,1.08M,-0.0006,0.0175
2018- 07- 20,83.25,83.28,83.29,83.24,1.73M,0.0,0.0073
2018- 07- 19,83.25,83.21,83.28,83.21,1.19M,0.0005,-0.0122
2018- 07- 18,83.21,83.23,83.23,83.2,972.80K,-0.0001,0.002
2018- 07- 17,83.22,83.24,83.24,83.21,2.83M,-0.0001,0.0041
2018- 07- 16,83.23,83.22,83.23,83.2,1.53M,-0.0002,0.0082
2018- 07- 13,83.25,83.25,83.26,83.23,1.24M,0.0002,-0.0081
2018- 07- 12,83.23,83.21,83.23,83.2,1.30M,-0.0001,0.0041
2018- 07- 11,83.24,83.23,83.24,83.2,953.31K,0.0004,-0.0054
2018- 07- 10,83.21,83.23,83.23,83.2,2.16M,-0.0001,0.0073
2018- 07- 09,83.22,83.24,83.25,83.22,1.38M,-0.0006,0.0106
2018- 07- 06,83.27,83.27,83.27,83.25,3.11M,0.0002,-0.0042
2018- 07- 05,83.25,83.25,83.27,83.22,1.89M,-0.0001,0.0053
2018- 07- 03,83.26,83.23,83.26,83.21,1.33M,0.0004,-0.0084
2018- 07- 02,83.23,83.26,83.26,83.2,3.52M,-0.0017,0.0074
2018- 06- 29,83.37,83.36,83.38,83.35,4.91M,-0.0002,0.0095
2018- 06- 28,83.39,83.41,83.41,83.36,1.05M,0.0,0.0042
2018- 06- 27,83.39,83.38,83.4,83.35,4.01M,0.0006,-0.0136
2018- 06- 26,83.34,83.34,83.35,83.32,3.13M,0.0,-0.0021
2018- 06- 25,83.34,83.32,83.35,83.31,721.34K,0.0004,-0.0052
2018- 06- 22,83.31,83.3,83.31,83.28,1.15M,0.0001,-0.001
2018- 06- 21,83.3,83.26,83.31,83.26,825.38K,0.0006,-0.0123
2018- 06- 20,83.25,83.28,83.29,83.24,1.37M,-0.0005,0.0103
2018- 06- 19,83.29,83.3,83.3,83.27,2.35M,0.0004,-0.0072
2018- 06- 18,83.26,83.24,83.26,83.23,1.03M,0.0002,-0.003
2018- 06- 15,83.24,83.24,83.27,83.23,2.66M,0.0005,-0.005
2018- 06- 14,83.2,83.19,83.21,83.18,1.74M,0.0004,-0.0051
2018- 06- 13,83.17,83.21,83.23,83.14,2.35M,-0.0005,0.0112
2018- 06- 12,83.21,83.21,83.23,83.21,3.02M,-0.0005,0.0081
2018- 06- 11,83.25,83.23,83.26,83.21,3.76M,-0.0004,0.0074
2018- 06- 08,83.28,83.28,83.31,83.26,2.38M,-0.0002,0.0053
2018- 06- 07,83.3,83.21,83.34,83.21,4.35M,0.001,-0.0126
2018- 06- 06,83.22,83.22,83.24,83.21,4.98M,-0.0004,0.0138
2018- 06- 05,83.25,83.24,83.29,83.21,16.97M,0.0006,-0.0126
2018- 06- 04,83.2,83.24,83.26,83.2,1.15M,-0.0008,0.0192
2018- 06- 01,83.27,83.28,83.3,83.25,3.23M,-0.0023,0.0172
2018- 05- 31,83.46,83.49,83.5,83.43,5.75M,-0.0005,0.0086
2018- 05- 30,83.5,83.54,83.54,83.47,1.67M,-0.0012,0.0359
2018- 05- 29,83.6,83.43,83.64,83.43,2.14M,0.0029,-0.0522
2018- 05- 25,83.36,83.35,83.38,83.35,612.04K,0.0008,-0.0156
2018- 05- 24,83.29,83.3,83.33,83.29,1.38M,0.0006,-0.0051
2018- 05- 23,83.24,83.2,83.27,83.19,1.18M,0.0008,-0.0242
2018- 05- 22,83.17,83.16,83.18,83.15,793.01K,0.0,0.0
2018- 05- 21,83.17,83.16,83.17,83.15,1.29M,0.0,0.0061
2018- 05- 18,83.17,83.18,83.2,83.17,922.76K,0.0005,-0.0149
2018- 05- 17,83.13,83.14,83.14,83.12,1.02M,0.0002,-0.0049
2018- 05- 16,83.11,83.1,83.12,83.1,704.70K,0.0,0.007
2018- 05- 15,83.11,83.12,83.14,83.09,1.09M,-0.0006,0.0142
2018- 05- 14,83.16,83.17,83.17,83.15,1.02M,0.0,0.0061
2018- 05- 11,83.16,83.18,83.18,83.16,710.18K,0.0,0.002
2018- 05- 10,83.16,83.19,83.2,83.16,937.87K,0.0,0.001
2018- 05- 09,83.16,83.17,83.18,83.16,1.01M,-0.0004,0.0152
2018- 05- 08,83.19,83.19,83.2,83.18,9.73M,0.0,0.0043
2018- 05- 07,83.19,83.21,83.22,83.19,7.56M,0.0,-0.002
2018- 05- 04,83.19,83.22,83.24,83.18,1.35M,-0.0004,0.0077
2018- 05- 03,83.22,83.2,83.23,83.2,2.96M,0.0007,-0.0073
2018- 05- 02,83.16,83.15,83.17,83.13,1.69M,0.0004,-0.002
2018- 05- 01,83.13,83.17,83.18,83.13,2.03M,-0.0017,0.0054
2018- 04- 30,83.27,83.28,83.3,83.27,1.94M,-0.0004,0.0043
2018- 04- 27,83.3,83.27,83.3,83.27,1.44M,0.0002,-0.0019
2018- 04- 26,83.28,83.29,83.29,83.25,2.54M,0.0002,-0.0062
2018- 04- 25,83.26,83.23,83.27,83.23,2.18M,-0.0001,0.0011
2018- 04- 24,83.27,83.22,83.27,83.21,2.00M,0.0002,-0.0009
2018- 04- 23,83.25,83.26,83.26,83.22,1.86M,-0.0001,0.0074
2018- 04- 20,83.26,83.27,83.29,83.25,904.80K,-0.0004,0.013
2018- 04- 19,83.29,83.3,83.31,83.27,1.41M,0.0,0.0033
2018- 04- 18,83.29,83.3,83.31,83.28,971.75K,-0.0008,0.0185
2018- 04- 17,83.36,83.35,83.36,83.33,892.31K,0.0,0.0033
2018- 04- 16,83.36,83.35,83.37,83.33,1.16M,-0.0001,0.0088
2018- 04- 13,83.37,83.37,83.39,83.36,1.04M,-0.0002,-0.0011
2018- 04- 12,83.39,83.41,83.41,83.38,791.08K,-0.0006,0.0245
2018- 04- 11,83.44,83.44,83.46,83.42,985.65K,0.0,-0.0005
2018- 04- 10,83.44,83.43,83.46,83.41,1.22M,-0.0005,0.0127
2018- 04- 09,83.48,83.44,83.48,83.43,1.74M,-0.0001,0.0058
2018- 04- 06,83.49,83.47,83.49,83.44,1.10M,0.0008,-0.0181
2018- 04- 05,83.42,83.4,83.43,83.4,1.11M,0.0002,0.0046
2018- 04- 04,83.4,83.47,83.47,83.4,1.72M,-0.0006,0.0104
2018- 04- 03,83.45,83.47,83.48,83.42,3.42M,-0.0005,0.0163
2018- 04- 02,83.49,83.45,83.53,83.42,3.05M,-0.0008,-0.0069
2018- 03- 29,83.56,83.5,83.56,83.5,3.00M,0.0004,-0.0091
2018- 03- 28,83.53,83.54,83.57,83.49,1.90M,0.0001,0.008
2018- 03- 27,83.52,83.46,83.54,83.46,1.73M,0.0007,-0.0213
2018- 03- 26,83.46,83.48,83.5,83.45,1.73M,-0.0005,0.0148
2018- 03- 23,83.5,83.48,83.52,83.46,1.20M,0.0002,-0.009
2018- 03- 22,83.48,83.44,83.51,83.44,1.95M,0.0005,-0.0145
2018- 03- 21,83.44,83.35,83.45,83.33,2.40M,0.0007,-0.0131
2018- 03- 20,83.38,83.39,83.4,83.36,1.07M,-0.0004,0.0145
2018- 03- 19,83.41,83.4,83.45,83.39,834.90K,0.0,0.0056
2018- 03- 16,83.41,83.45,83.45,83.41,878.52K,-0.0005,0.0068
2018- 03- 15,83.45,83.43,83.47,83.42,1.11M,0.0001,0.0079
2018- 03- 14,83.44,83.42,83.49,83.4,1.53M,-0.0001,-0.0011
2018- 03- 13,83.45,83.45,83.47,83.43,609.89K,0.0002,-0.0038
2018- 03- 12,83.43,83.43,83.44,83.39,1.28M,0.0005,-0.0045
2018- 03- 09,83.39,83.39,83.43,83.38,668.97K,-0.0005,0.0082
2018- 03- 08,83.43,83.42,83.44,83.41,608.89K,0.0002,-0.0023
2018- 03- 07,83.41,83.42,83.45,83.4,1.23M,0.0,0.0
2018- 03- 06,83.41,83.43,83.45,83.4,737.31K,-0.0001,0.007
2018- 03- 05,83.42,83.45,83.47,83.4,1.11M,-0.0001,0.0
2018- 03- 02,83.43,83.45,83.45,83.4,1.72M,-0.0005,0.0165
2018- 03- 01,83.47,83.39,83.49,83.36,2.05M,0.0004,-0.0205
2018- 02- 28,83.44,83.45,83.47,83.43,3.72M,0.0002,-0.0056
2018- 02- 27,83.42,83.53,83.53,83.41,852.34K,-0.0007,0.0209
2018- 02- 26,83.48,83.51,83.54,83.48,1.45M,0.0001,-0.0057
2018- 02- 23,83.47,83.47,83.5,83.45,753.81K,0.0002,-0.0101
2018- 02- 22,83.45,83.45,83.46,83.41,839.31K,0.0001,-0.01
2018- 02- 21,83.44,83.43,83.45,83.38,1.54M,0.0001,0.0126
2018- 02- 20,83.43,83.41,83.44,83.41,1.45M,-0.0001,-0.0022
2018- 02- 16,83.44,83.37,83.47,83.37,728.34K,0.0002,-0.0089
2018- 02- 15,83.42,83.44,83.46,83.4,1.45M,-0.0004,0.0012
2018- 02- 14,83.45,83.5,83.5,83.43,953.40K,-0.0014,0.0388
2018- 02- 13,83.57,83.55,83.57,83.53,1.29M,0.0,0.0023
2018- 02- 12,83.57,83.59,83.59,83.54,1.59M,-0.0005,0.0095
2018- 02- 09,83.61,83.54,83.7,83.52,3.16M,0.0008,-0.0094
2018- 02- 08,83.54,83.53,83.57,83.48,1.18M,0.0001,-0.007
2018- 02- 07,83.53,83.52,83.58,83.49,2.05M,-0.0007,0.0169
2018- 02- 06,83.59,83.51,83.65,83.51,2.39M,-0.0007,0.0419
2018- 02- 05,83.65,83.45,83.68,83.45,2.02M,0.0018,-0.056
2018- 02- 02,83.5,83.48,83.52,83.44,1.83M,0.0001,0.0016
2018- 02- 01,83.49,83.52,83.53,83.47,2.24M,-0.0014,0.0122
2018- 01- 31,83.61,83.64,83.64,83.56,2.08M,0.0,0.0123
2018- 01- 30,83.61,83.65,83.65,83.59,1.71M,0.0001,0.0038
2018- 01- 29,83.6,83.61,83.62,83.58,1.44M,-0.0004,0.0062
2018- 01- 26,83.63,83.71,83.71,83.62,990.70K,-0.0006,0.0177
2018- 01- 25,83.68,83.69,83.7,83.64,757.21K,-0.0002,0.0013
2018- 01- 24,83.7,83.71,83.71,83.67,865.65K,-0.0002,0.0102
2018- 01- 23,83.72,83.68,83.72,83.68,885.61K,0.0006,-0.0111
2018- 01- 22,83.67,83.68,83.68,83.65,973.55K,-0.0005,0.0
2018- 01- 19,83.71,83.7,83.71,83.66,1.05M,0.0004,0.014
2018- 01- 18,83.68,83.68,83.7,83.66,1.09M,-0.0002,0.0025
2018- 01- 17,83.7,83.72,83.72,83.68,2.95M,-0.0004,0.0193
2018- 01- 16,83.73,83.66,83.75,83.66,2.71M,-0.0001,0.0
2018- 01- 12,83.74,83.8,83.8,83.72,904.97K,-0.0001,0.0103
2018- 01- 11,83.75,83.77,83.79,83.75,1.05M,-0.0004,0.0013
2018- 01- 10,83.78,83.78,83.78,83.74,789.55K,0.0004,0.0061
2018- 01- 09,83.75,83.8,83.8,83.75,1.55M,-0.0004,0.0095
2018- 01- 08,83.78,83.8,83.8,83.76,597.79K,0.0,0.0
2018- 01- 05,83.78,83.77,83.79,83.76,850.60K,0.0,0.0097
2018- 01- 04,83.78,83.77,83.8,83.75,955.45K,-0.0005,0.0124
2018- 01- 03,83.82,83.81,83.84,83.78,1.04M,0.0,0.0014
2018- 01- 02,83.82,83.85,83.85,83.79,1.79M,-0.0004,0.0196
2017- 12- 29,83.85,83.86,83.87,83.84,1.21M,0.0002,-0.0135
2017- 12- 28,83.83,83.81,83.84,83.8,1.11M,0.0001,0.0111
2017- 12- 27,83.82,83.8,83.82,83.79,1.12M,0.0005,-0.0189
2017- 12- 26,83.78,83.77,83.81,83.77,1.19M,-0.0001,-0.0013
2017- 12- 22,83.79,83.8,83.82,83.79,1.05M,-0.0004,0.0084
2017- 12- 21,83.82,83.84,83.84,83.8,964.47K,-0.0012,0.0042
2017- 12- 20,83.92,83.91,83.94,83.9,840.08K,0.0001,0.0041
2017- 12- 19,83.91,83.94,83.94,83.9,759.98K,-0.0005,0.0153
2017- 12- 18,83.95,83.96,83.97,83.93,664.91K,0.0,0.0
2017- 12- 15,83.95,83.96,83.96,83.91,983.75K,-0.0005,0.0127
2017- 12- 14,83.99,84.0,84.0,83.95,1.47M,-0.0004,0.0157
2017- 12- 13,84.02,84.0,84.07,83.93,1.11M,0.0011,-0.0317
2017- 12- 12,83.93,83.93,83.94,83.9,992.47K,0.0,0.008
2017- 12- 11,83.93,83.98,83.98,83.92,2.43M,-0.0005,0.016
2017- 12- 08,83.97,83.99,84.0,83.96,922.96K,0.0,-0.0012
2017- 12- 07,83.97,83.98,83.98,83.94,1.17M,0.0001,-0.0014
2017- 12- 06,83.96,84.03,84.03,83.94,1.18M,0.0005,-0.0085
2017- 12- 05,83.92,83.96,83.96,83.89,1.42M,-0.0001,0.0044
2017- 12- 04,83.93,83.97,83.97,83.91,2.44M,-0.0006,0.0161
2017- 12- 01,83.98,83.98,84.04,83.92,1.13M,-0.0007,-0.0027
2017- 11- 30,84.04,84.11,84.11,84.02,1.01M,-0.0005,0.0162
2017- 11- 29,84.08,84.08,84.09,84.05,670.57K,-0.0004,0.0149
2017- 11- 28,84.11,84.13,84.13,84.08,564.26K,0.0001,0.0015
2017- 11- 27,84.1,84.09,84.12,84.07,1.08M,0.0,-0.0043
2017- 11- 24,84.1,84.16,84.16,84.08,626.02K,0.0,0.0016
2017- 11- 22,84.1,84.08,84.12,84.06,900.95K,0.0008,-0.0245
2017- 11- 21,84.03,84.07,84.07,84.02,584.56K,-0.0002,0.0103
2017- 11- 20,84.05,84.11,84.11,84.05,557.56K,-0.0004,0.0194
2017- 11- 17,84.08,84.14,84.14,84.08,1.34M,-0.0006,-0.0029
2017- 11- 16,84.13,84.1,84.13,84.08,3.05M,0.0001,0.0165
2017- 11- 15,84.12,84.18,84.18,84.11,3.98M,-0.0004,-0.0074
2017- 11- 14,84.15,84.13,84.15,84.12,2.68M,0.0002,-0.003
2017- 11- 13,84.13,84.16,84.17,84.13,632.78K,-0.0001,0.015
2017- 11- 10,84.14,84.21,84.21,84.14,619.26K,-0.0004,0.0168
2017- 11- 09,84.17,84.18,84.22,84.16,769.17K,-0.0001,-0.0061
2017- 11- 08,84.18,84.18,84.22,84.17,726.52K,-0.0001,0.0197
2017- 11- 07,84.19,84.23,84.23,84.19,747.21K,-0.0005,0.0064
2017- 11- 06,84.23,84.19,84.23,84.19,947.41K,0.0006,-0.0031
2017- 11- 03,84.18,84.26,84.26,84.18,1.30M,-0.0006,0.0049
2017- 11- 02,84.23,84.23,84.24,84.18,1.82M,0.0002,-0.0078
2017- 11- 01,84.21,84.17,84.21,84.17,840.32K,-0.0011,0.0064
2017- 10- 31,84.3,84.35,84.35,84.28,626.08K,-0.0006,0.0161
2017- 10- 30,84.35,84.34,84.35,84.3,432.43K,0.0005,-0.0142
2017- 10- 27,84.31,84.25,84.32,84.24,698.16K,0.0007,-0.0169
2017- 10- 26,84.25,84.27,84.29,84.24,554.08K,0.0,0.0127
2017- 10- 25,84.25,84.25,84.3,84.25,1.73M,-0.0002,0.0016
2017- 10- 24,84.27,84.3,84.3,84.27,2.55M,-0.0002,0.016
2017- 10- 23,84.29,84.29,84.32,84.29,582.19K,0.0,-0.0094
2017- 10- 20,84.29,84.3,84.32,84.27,437.07K,-0.0006,0.0292
2017- 10- 19,84.34,84.31,84.35,84.3,524.29K,0.0006,-0.0236
2017- 10- 18,84.29,84.26,84.3,84.25,500.09K,-0.0004,0.0128
2017- 10- 17,84.32,84.29,84.32,84.29,818.85K,0.0001,0.0016
2017- 10- 16,84.31,84.34,84.36,84.3,586.70K,-0.0009,0.0313
2017- 10- 13,84.39,84.37,84.39,84.35,667.77K,0.0006,-0.0193
2017- 10- 12,84.34,84.33,84.36,84.33,1.25M,-0.0001,0.0112
2017- 10- 11,84.35,84.34,84.36,84.32,1.21M,-0.0001,0.0069
2017- 10- 10,84.36,84.33,84.38,84.33,700.80K,0.0002,-0.0066
2017- 10- 09,84.34,84.39,84.42,84.33,504.00K,0.0,0.0034
2017- 10- 06,84.34,84.3,84.37,84.29,699.23K,-0.0004,0.0074
2017- 10- 05,84.37,84.36,84.38,84.34,2.33M,-0.0021,0.0121
2017- 10- 04,84.55,84.38,84.55,84.35,1.18M,0.0019,-0.0016
2017- 10- 03,84.39,84.37,84.41,84.35,1.17M,-0.0006,-0.0099
2017- 10- 02,84.44,84.38,84.44,84.33,1.09M,-0.0001,0.0
2017- 09- 29,84.45,84.48,84.5,84.42,880.73K,-0.0002,0.0333
2017- 09- 28,84.47,84.47,84.49,84.45,290.85K,0.0001,-0.0135
2017- 09- 27,84.46,84.44,84.46,84.44,462.41K,-0.0001,0.0157
2017- 09- 26,84.47,84.49,84.5,84.47,922.43K,-0.0002,0.007
2017- 09- 25,84.49,84.47,84.52,84.46,587.74K,0.0006,-0.0119
2017- 09- 22,84.44,84.47,84.5,84.44,529.85K,0.0002,-0.0115
2017- 09- 21,84.42,84.45,84.48,84.42,949.79K,-0.0002,0.0035
2017- 09- 20,84.44,84.54,84.55,84.44,830.93K,-0.0008,0.0297
2017- 09- 19,84.51,84.52,84.53,84.5,433.26K,0.0001,0.0019
2017- 09- 18,84.5,84.5,84.53,84.5,621.68K,-0.0006,0.0125
2017- 09- 15,84.55,84.56,84.56,84.52,581.64K,-0.0001,0.0163
2017- 09- 14,84.56,84.53,84.57,84.52,849.21K,0.0001,0.0108
2017- 09- 13,84.55,84.59,84.59,84.55,568.33K,-0.0002,0.0128
2017- 09- 12,84.57,84.6,84.62,84.57,1.75M,-0.0005,0.0182
2017- 09- 11,84.61,84.66,84.67,84.61,1.05M,-0.0009,0.0476
2017- 09- 08,84.69,84.7,84.72,84.68,486.80K,-0.0002,0.0017
2017- 09- 07,84.71,84.69,84.72,84.67,482.99K,0.0006,-0.029
2017- 09- 06,84.66,84.66,84.68,84.63,1.12M,-0.0001,0.0155
2017- 09- 05,84.67,84.63,84.68,84.62,853.81K,0.0009,-0.0484
2017- 09- 01,84.59,84.6,84.62,84.55,943.57K,-0.0011,0.0207
2017- 08- 31,84.68,84.67,84.68,84.65,582.50K,0.0,-0.0038
2017- 08- 30,84.68,84.66,84.68,84.64,665.67K,0.0002,0.0094
2017- 08- 29,84.66,84.7,84.7,84.65,1.18M,0.0005,-0.0205
2017- 08- 28,84.62,84.64,84.65,84.61,866.27K,-0.0004,-0.0092
2017- 08- 25,84.65,84.62,84.65,84.59,513.67K,0.0004,-0.0037
2017- 08- 24,84.62,84.64,84.64,84.6,494.81K,-0.0009,0.0186
2017- 08- 23,84.7,84.62,84.7,84.62,438.31K,0.0009,-0.0201
2017- 08- 22,84.62,84.63,84.63,84.59,1.01M,-0.0001,0.0166
2017- 08- 21,84.63,84.62,84.66,84.62,928.71K,0.0002,-0.0074
2017- 08- 18,84.61,84.66,84.67,84.61,674.00K,-0.0001,0.0018
2017- 08- 17,84.62,84.6,84.64,84.58,581.41K,0.0002,-0.018
2017- 08- 16,84.6,84.53,84.61,84.53,655.49K,0.0006,-0.0211
2017- 08- 15,84.55,84.56,84.57,84.54,432.27K,-0.0005,0.0271
2017- 08- 14,84.59,84.63,84.64,84.58,405.54K,-0.0008,0.0202
2017- 08- 11,84.66,84.58,84.66,84.58,737.06K,0.0013,-0.0234
2017- 08- 10,84.55,84.55,84.58,84.55,959.71K,0.0004,-0.0124
2017- 08- 09,84.52,84.57,84.6,84.52,734.28K,-0.0001,0.0019
2017- 08- 08,84.53,84.53,84.53,84.49,747.23K,0.0,-0.0054
2017- 08- 07,84.53,84.51,84.53,84.5,712.27K,0.0004,0.0019
2017- 08- 04,84.5,84.52,84.53,84.5,617.15K,-0.0004,0.0184
2017- 08- 03,84.53,84.53,84.55,84.51,1.15M,0.0004,-0.0216
2017- 08- 02,84.5,84.49,84.53,84.49,994.22K,-0.0005,0.0127
2017- 08- 01,84.54,84.49,84.54,84.49,1.31M,-0.0005,-0.0126
2017- 07- 31,84.58,84.56,84.59,84.56,876.41K,-0.0001,0.0037
2017- 07- 28,84.59,84.56,84.59,84.55,709.06K,0.0006,-0.0107
2017- 07- 27,84.54,84.54,84.56,84.53,475.38K,-0.0002,0.0072
2017- 07- 26,84.56,84.5,84.57,84.5,493.36K,0.0007,-0.0312
2017- 07- 25,84.5,84.51,84.52,84.48,571.60K,-0.0006,0.0303
2017- 07- 24,84.55,84.54,84.56,84.54,441.03K,-0.0004,0.0108
2017- 07- 21,84.58,84.55,84.58,84.55,589.57K,0.0005,-0.0071
2017- 07- 20,84.54,84.55,84.56,84.53,1.08M,0.0,-0.0106
2017- 07- 19,84.54,84.53,84.54,84.52,919.02K,0.0,0.0035
2017- 07- 18,84.54,84.52,84.54,84.52,625.55K,0.0002,-0.0139
2017- 07- 17,84.52,84.5,84.53,84.49,496.74K,0.0001,-0.0052
2017- 07- 14,84.51,84.54,84.55,84.5,1.36M,0.0005,-0.0086
2017- 07- 13,84.47,84.48,84.5,84.46,532.21K,-0.0005,0.0157
2017- 07- 12,84.51,84.51,84.53,84.48,1.07M,0.0005,-0.0111
2017- 07- 11,84.47,84.42,84.47,84.42,1.62M,0.0004,-0.0121
2017- 07- 10,84.44,84.43,84.44,84.42,402.53K,0.0005,-0.0121
2017- 07- 07,84.4,84.41,84.43,84.38,783.12K,-0.0001,0.0036
2017- 07- 06,84.41,84.39,84.41,84.37,652.86K,0.0002,0.0053
2017- 07- 05,84.39,84.36,84.41,84.35,3.03M,0.0004,0.0
2017- 07- 03,84.36,84.42,84.42,84.35,968.10K,-0.0015,0.023
2017- 06- 30,84.49,84.52,84.52,84.47,825.03K,0.0,0.0161
2017- 06- 29,84.49,84.48,84.51,84.48,565.53K,-0.0006,0.0126
2017- 06- 28,84.54,84.52,84.54,84.51,4.03M,0.0005,-0.009
2017- 06- 27,84.5,84.5,84.51,84.48,1.19M,-0.0006,0.0256
2017- 06- 26,84.55,84.52,84.55,84.52,1.07M,0.0,0.0
2017- 06- 23,84.55,84.53,84.55,84.51,679.04K,0.0006,-0.0018
2017- 06- 22,84.5,84.52,84.54,84.5,542.01K,0.0001,-0.0108
2017- 06- 21,84.49,84.46,84.51,84.46,1.07M,0.0001,0.0018
2017- 06- 20,84.48,84.45,84.49,84.45,751.45K,0.0001,-0.0176
2017- 06- 19,84.47,84.48,84.49,84.45,617.65K,-0.0006,0.0346
2017- 06- 16,84.52,84.5,84.54,84.5,685.62K,0.0005,-0.0144
2017- 06- 15,84.48,84.49,84.49,84.47,627.99K,-0.0004,0.0201
2017- 06- 14,84.51,84.56,84.6,84.49,788.75K,0.0005,-0.0283
2017- 06- 13,84.47,84.45,84.48,84.45,533.29K,0.0,0.0128
2017- 06- 12,84.47,84.46,84.5,84.46,804.69K,-0.0001,0.0055
2017- 06- 09,84.48,84.48,84.51,84.47,1.26M,-0.0004,0.0149
2017- 06- 08,84.51,84.51,84.53,84.5,2.62M,-0.0002,0.0075
2017- 06- 07,84.53,84.53,84.55,84.52,765.93K,-0.0004,0.0191
2017- 06- 06,84.56,84.57,84.58,84.55,688.01K,0.0004,-0.017
2017- 06- 05,84.53,84.55,84.55,84.53,661.48K,-0.0008,0.0132
2017- 06- 02,84.6,84.57,84.6,84.56,1.07M,0.0007,-0.0114
2017- 06- 01,84.54,84.5,84.54,84.5,1.19M,-0.0009,0.0056
2017- 05- 31,84.62,84.62,84.63,84.6,1.04M,0.0001,0.0
2017- 05- 30,84.61,84.6,84.61,84.59,486.61K,0.0004,-0.0149
2017- 05- 26,84.58,84.59,84.6,84.57,482.09K,-0.0001,0.0
2017- 05- 25,84.59,84.57,84.6,84.57,644.31K,0.0,0.0075
2017- 05- 24,84.59,84.55,84.59,84.52,1.12M,0.0006,-0.0272
2017- 05- 23,84.54,84.58,84.6,84.51,1.06M,-0.0004,0.0222
2017- 05- 22,84.57,84.58,84.59,84.57,478.05K,-0.0004,0.0037
2017- 05- 19,84.6,84.61,84.61,84.56,503.80K,0.0002,0.0074
2017- 05- 18,84.58,84.62,84.62,84.58,829.07K,-0.0005,0.015
2017- 05- 17,84.62,84.59,84.64,84.58,663.20K,0.0011,-0.0503
2017- 05- 16,84.53,84.52,84.55,84.5,611.90K,0.0,-0.0035
2017- 05- 15,84.53,84.51,84.54,84.51,751.44K,-0.0001,0.0072
2017- 05- 12,84.54,84.5,84.55,84.5,470.54K,0.0012,-0.0414
2017- 05- 11,84.44,84.39,84.46,84.39,545.69K,0.0001,-0.0103
2017- 05- 10,84.43,84.45,84.45,84.41,665.67K,0.0002,0.0169
2017- 05- 09,84.41,84.42,84.44,84.4,802.12K,-0.0005,0.0054
2017- 05- 08,84.45,84.47,84.47,84.43,633.48K,-0.0005,0.0182
2017- 05- 05,84.49,84.46,84.49,84.45,615.21K,0.0004,0.0018
2017- 05- 04,84.46,84.45,84.48,84.44,817.36K,-0.0001,0.0128
2017- 05- 03,84.47,84.53,84.53,84.47,923.39K,-0.0007,0.0243
2017- 05- 02,84.53,84.5,84.55,84.5,982.54K,0.0004,-0.0111
2017- 05- 01,84.5,84.52,84.55,84.49,2.92M,-0.0014,0.0092
2017- 04- 28,84.62,84.57,84.62,84.56,1.71M,0.0005,0.0074
2017- 04- 27,84.58,84.56,84.62,84.56,785.17K,0.0004,-0.0111
2017- 04- 26,84.55,84.55,84.57,84.52,594.26K,0.0004,-0.0165
2017- 04- 25,84.52,84.56,84.57,84.52,905.94K,-0.0009,0.0339
2017- 04- 24,84.6,84.59,84.62,84.57,1.00M,-0.0011,0.023
2017- 04- 21,84.69,84.67,84.7,84.66,589.75K,0.0005,-0.0021
2017- 04- 20,84.65,84.64,84.67,84.63,668.29K,-0.0001,0.0134
2017- 04- 19,84.66,84.67,84.69,84.65,968.33K,-0.0005,0.0237
2017- 04- 18,84.7,84.65,84.7,84.65,905.33K,0.0008,-0.038
2017- 04- 17,84.63,84.63,84.65,84.61,727.66K,-0.0001,-0.002
2017- 04- 13,84.64,84.59,84.64,84.58,969.91K,0.0005,-0.0056
2017- 04- 12,84.6,84.56,84.6,84.53,576.24K,0.0007,-0.031
2017- 04- 11,84.54,84.5,84.57,84.5,560.80K,0.0009,-0.026
2017- 04- 10,84.46,84.45,84.49,84.44,605.73K,0.0005,-0.0055
2017- 04- 07,84.42,84.51,84.54,84.42,504.02K,-0.0013,0.0449
2017- 04- 06,84.53,84.5,84.53,84.49,500.83K,0.0002,0.0037
2017- 04- 05,84.51,84.5,84.54,84.47,1.18M,0.0,-0.0222
2017- 04- 04,84.51,84.52,84.52,84.49,927.10K,-0.0004,0.0244
2017- 04- 03,84.54,84.48,84.54,84.48,2.15M,0.0002,-0.0399
2017- 03- 31,84.52,84.53,84.56,84.52,949.92K,0.0001,-0.0249
2017- 03- 30,84.51,84.5,84.53,84.49,576.91K,-0.0002,0.0125
2017- 03- 29,84.53,84.5,84.53,84.5,1.04M,0.0006,-0.0244
2017- 03- 28,84.48,84.54,84.55,84.46,782.61K,-0.0005,0.0286
2017- 03- 27,84.52,84.54,84.57,84.51,943.41K,0.0004,-0.0142
2017- 03- 24,84.49,84.48,84.52,84.47,1.12M,0.0,0.0033
2017- 03- 23,84.49,84.51,84.53,84.46,868.20K,0.0,0.0053
2017- 03- 22,84.49,84.51,84.53,84.49,1.03M,0.0002,-0.0071
2017- 03- 21,84.47,84.42,84.48,84.41,739.00K,0.0005,-0.0257
2017- 03- 20,84.43,84.4,84.43,84.38,778.05K,0.0006,-0.0218
2017- 03- 17,84.38,84.38,84.41,84.36,657.77K,0.0005,-0.0116
2017- 03- 16,84.34,84.35,84.39,84.34,925.73K,-0.0007,0.0236
2017- 03- 15,84.4,84.26,84.41,84.24,1.10M,0.0019,-0.0588
2017- 03- 14,84.24,84.24,84.29,84.24,966.02K,-0.0001,0.0
2017- 03- 13,84.25,84.28,84.29,84.25,884.10K,-0.0005,0.0146
2017- 03- 10,84.29,84.26,84.29,84.25,784.47K,0.0006,-0.019
2017- 03- 09,84.24,84.26,84.27,84.23,862.88K,-0.0001,0.0177
2017- 03- 08,84.25,84.25,84.29,84.24,862.70K,-0.0008,0.0345
2017- 03- 07,84.32,84.33,84.34,84.3,652.60K,-0.0004,0.0175
2017- 03- 06,84.35,84.34,84.36,84.33,684.61K,0.0002,-0.0016
2017- 03- 03,84.33,84.32,84.36,84.3,1.57M,0.0002,-0.0031
2017- 03- 02,84.31,84.35,84.36,84.29,930.25K,-0.0011,0.014
2017- 03- 01,84.4,84.37,84.4,84.36,1.54M,-0.0014,0.0286
2017- 02- 28,84.52,84.57,84.6,84.52,1.04M,-0.0005,0.0505
2017- 02- 27,84.56,84.64,84.64,84.55,1.03M,-0.0008,0.0408
2017- 02- 24,84.63,84.62,84.67,84.62,587.86K,0.0005,-0.0282
2017- 02- 23,84.59,84.57,84.6,84.57,1.52M,0.0005,-0.0291
2017- 02- 22,84.55,84.55,84.57,84.49,695.33K,0.0002,-0.009
2017- 02- 21,84.53,84.51,84.53,84.49,840.37K,0.0001,0.0019
2017- 02- 17,84.52,84.53,84.54,84.5,986.60K,0.0007,-0.0176
2017- 02- 16,84.46,84.45,84.5,84.43,1.93M,0.0005,-0.0344
2017- 02- 15,84.42,84.4,84.44,84.39,963.95K,-0.0004,0.0141
2017- 02- 14,84.45,84.49,84.51,84.43,781.14K,-0.0007,0.0306
2017- 02- 13,84.51,84.5,84.52,84.49,666.03K,-0.0002,0.0127
2017- 02- 10,84.53,84.51,84.55,84.51,968.38K,-0.0001,0.0111
2017- 02- 09,84.54,84.58,84.59,84.52,1.15M,-0.0008,0.0362
2017- 02- 08,84.61,84.57,84.61,84.55,1.20M,0.0009,-0.0101
2017- 02- 07,84.53,84.56,84.58,84.53,729.96K,-0.0002,0.0059
2017- 02- 06,84.55,84.53,84.57,84.52,1.66M,0.0011,-0.0354
2017- 02- 03,84.46,84.52,84.55,84.46,1.43M,-0.0004,-0.0054
2017- 02- 02,84.49,84.48,84.51,84.47,1.34M,0.0004,-0.0055
2017- 02- 01,84.46,84.41,84.5,84.38,2.08M,-0.0009,0.0056
2017- 01- 31,84.54,84.51,84.57,84.51,1.21M,0.0002,-0.0055
2017- 01- 30,84.52,84.52,84.54,84.5,1.38M,0.0,0.0
2017- 01- 27,84.52,84.49,84.53,84.49,1.18M,0.0005,-0.0106
2017- 01- 26,84.48,84.46,84.5,84.44,1.66M,0.0001,-0.0089
2017- 01- 25,84.47,84.48,84.48,84.44,1.45M,-0.0002,0.0146
2017- 01- 24,84.49,84.53,84.53,84.48,5.30M,-0.0006,0.0397
2017- 01- 23,84.54,84.52,84.57,84.49,1.55M,0.0009,-0.0398
2017- 01- 20,84.46,84.42,84.5,84.42,1.13M,0.0006,-0.0193
2017- 01- 19,84.41,84.39,84.44,84.39,963.53K,-0.0004,0.0054
2017- 01- 18,84.44,84.49,84.52,84.42,996.06K,-0.0009,0.0644
2017- 01- 17,84.52,84.53,84.55,84.5,1.33M,0.0007,-0.0293
2017- 01- 13,84.46,84.46,84.46,84.39,1.44M,-0.0005,0.0184
2017- 01- 12,84.5,84.5,84.5,84.46,820.91K,0.0004,-0.0127
2017- 01- 11,84.47,84.47,84.5,84.42,1.17M,0.0005,0.0155
2017- 01- 10,84.43,84.44,84.45,84.43,1.13M,-0.0004,-0.0018
2017- 01- 09,84.46,84.43,84.46,84.42,1.01M,0.0008,-0.0221
2017- 01- 06,84.39,84.41,84.43,84.38,919.03K,-0.0008,0.0544
2017- 01- 05,84.46,84.41,84.49,84.4,1.61M,0.0007,-0.0479
2017- 01- 04,84.4,84.35,84.4,84.35,2.18M,0.0002,-0.0018
2017- 01- 03,84.38,84.37,84.41,84.35,4.20M,-0.0008,0.0149
